time/time_elapsed,time/total_timesteps,rollout/ep_len_mean,rollout/ep_rew_mean,time/fps,time/episodes,network_speed,ego_speed,train/critic_loss,train/n_updates,train/actor_loss,train/ent_coef,train/learning_rate
0,227,56.75,-107.465769,598,4,23.451156833188712,20.909296392131033,,,,,
3,654,81.75,-114.71034399999999,202,8,25.215853394095884,26.86375426979468,0.46698182821273804,63,-2.088688850402832,0.9611911177635193,0.0005
4,891,74.25,-105.07459449999999,212,12,25.194939154654598,27.466432401795558,118.79999542236328,122,-1.857382893562317,0.9181322455406189,0.0005
7,1313,82.0625,-103.57950500000001,166,16,23.214570297614024,24.900982245592793,40.13899230957031,228,-1.6279866695404053,0.8429740071296692,0.0005
9,1549,77.45,-100.02666885000001,158,20,23.72386879812261,14.549567547166573,2.351114273071289,287,-1.7038662433624268,0.8031394481658936,0.0005
12,2030,84.58333333333333,-95.19802004166668,165,24,20.163570803768742,11.843678193894375,1.3159582614898682,407,-1.5000836849212646,0.7249656915664673,0.0005
13,2266,80.92857142857143,-97.67790846428575,171,28,23.094147635492753,14.378077736011322,37.806053161621094,466,-1.10847806930542,0.6897754669189453,0.0005
15,2550,79.6875,-92.93708556250002,167,32,24.36485648719265,21.63453765019951,156.181396484375,537,-0.900585949420929,0.6502599120140076,0.0005
16,2782,77.27777777777777,-88.66666713888888,171,36,19.24154170079657,11.857995806884515,78.13187408447266,595,-1.3079562187194824,0.6200881004333496,0.0005
16,2954,73.85,-87.894428325,174,40,19.393736261110345,14.839768433736637,117.66636657714844,638,-1.348757266998291,0.598764181137085,0.0005
19,3371,76.61363636363636,-86.14861997727273,171,44,22.609249075951116,13.399567438424366,76.4038314819336,742,-1.2429001331329346,0.5501587390899658,0.0005
20,3511,73.14583333333333,-86.00042320833332,170,48,21.807562808990916,20.30477430455826,147.52056884765625,777,-0.19465377926826477,0.53458571434021,0.0005
21,3634,69.88461538461539,-88.09151376923077,171,52,21.07533368881822,22.352174645551184,116.42263793945312,808,0.03137197345495224,0.5211805701255798,0.0005
21,3776,67.42857142857143,-90.16235617857144,173,56,22.889628828321676,21.44013594978922,62.34410858154297,843,0.7388912439346313,0.5063843727111816,0.0005
24,4150,69.16666666666667,-88.16955461666667,170,60,20.97000753276132,14.900054900034206,177.41357421875,937,0.5587037801742554,0.46853604912757874,0.0005
25,4438,69.34375,-91.24131553125001,173,64,21.559893734377148,14.547809909090686,252.41351318359375,1009,0.4979487955570221,0.4415327310562134,0.0005
27,4675,68.75,-90.9235128529412,169,68,18.28514086382941,19.308734147780406,176.21469116210938,1068,0.13590939342975616,0.42070743441581726,0.0005
28,4934,68.52777777777777,-90.71217866666667,172,72,17.458616032161892,8.035017237546091,123.84756469726562,1133,0.4468339681625366,0.3990812599658966,0.0005
31,5234,68.86842105263158,-92.05338469736841,168,76,21.081704969636455,10.734014922607672,142.19625854492188,1208,1.177272081375122,0.3755742907524109,0.0005
34,5583,69.7875,-92.0590624125,163,80,19.10154842375976,12.060327085047112,109.51000213623047,1295,1.9043986797332764,0.350023090839386,0.0005
34,5746,68.4047619047619,-91.4278249047619,165,84,20.3597496709567,15.516720932514305,106.89883422851562,1336,3.690774917602539,0.33861809968948364,0.0005
35,5972,67.86363636363636,-91.00250979545454,167,88,20.838181095589714,18.938529639980548,38.403892517089844,1392,1.4255475997924805,0.3236878216266632,0.0005
38,6252,67.95652173913044,-92.01613455434781,163,92,21.833363030997265,9.823995536592594,165.47250366210938,1462,1.563513994216919,0.3059757947921753,0.0005
41,6771,70.53125,-92.15528878125001,161,96,21.149576225516114,8.467395064381336,197.86599731445312,1592,1.737971544265747,0.27575382590293884,0.0005
44,7032,70.32,-91.91539850000002,158,100,22.72433341930835,10.081149788321946,69.89833068847656,1657,1.901106595993042,0.2618905007839203,0.0005
45,7330,71.03,-91.17724311,160,104,19.569821710461966,15.147452028219462,73.56806182861328,1732,3.305147171020508,0.246795192360878,0.0005
47,7532,68.78,-89.58454278,158,108,23.750988795060756,23.96099422095476,7.352101802825928,1782,1.5551731586456299,0.2372417449951172,0.0005
48,7727,68.36,-89.33849292,159,112,22.645742890775313,21.32648809908077,119.91919708251953,1831,1.7422689199447632,0.2282213270664215,0.0005
49,7868,65.55,-88.5257653,160,116,19.089338344339243,17.921898790579633,68.796875,1866,1.7472434043884277,0.22203516960144043,0.0005
51,8125,65.76,-88.52724003999998,158,120,21.154582115189246,9.103063541979287,122.60325622558594,1931,4.9406538009643555,0.21101313829421997,0.0005
52,8489,64.59,-90.38545075999998,161,124,22.438856346039493,6.638752112586873,116.70072937011719,2022,4.6076812744140625,0.19654686748981476,0.0005
54,8829,65.63,-89.33515761999999,161,128,20.591273620528842,16.612661609709804,68.18226623535156,2107,3.745621681213379,0.18394167721271515,0.0005
56,9000,64.5,-90.07567114000001,159,132,23.017539150490578,24.54227613673311,46.308006286621094,2149,2.6439239978790283,0.17804822325706482,0.0005
57,9212,64.3,-91.1556725,160,136,21.958604311983112,8.458403741025025,42.75751495361328,2202,3.471007823944092,0.17092564702033997,0.0005
59,9549,65.95,-91.45562156,159,140,20.8718718863795,17.129351514641048,49.10167694091797,2287,5.689072132110596,0.16020604968070984,0.0005
60,9682,63.11,-91.80155740000004,159,144,25.151291306539868,21.59927923326036,290.643798828125,2320,4.450551986694336,0.1562695950269699,0.0005
61,9936,64.25,-91.93455094,161,148,21.646356349468466,16.160314299837665,117.72976684570312,2383,4.999598503112793,0.149043008685112,0.0005
63,10135,65.01,-90.69515747999999,159,152,23.308321146539456,24.742773425122678,130.83175659179688,2433,8.846456527709961,0.14356330037117004,0.0005
64,10434,66.58,-89.56219364,161,156,19.94181080276132,10.697887198082482,68.82893371582031,2508,6.301910400390625,0.1357218474149704,0.0005
66,10617,64.67,-91.32921963000003,160,160,20.08355340493538,16.174998337846304,258.77728271484375,2554,8.79125690460205,0.13113608956336975,0.0005
66,10789,63.51,-90.73942062,161,164,21.801355539701802,12.757170428148777,40.02434158325195,2597,6.059762001037598,0.12700285017490387,0.0005
69,11130,64.55,-90.99649985,160,168,20.514525144008456,9.455142451018007,156.8829803466797,2682,7.429186820983887,0.119242824614048,0.0005
70,11350,64.16,-90.91217347000001,161,172,19.608711621990235,8.927201907570293,57.7552490234375,2737,7.303231239318848,0.11449261754751205,0.0005
71,11534,63.0,-89.54968607999999,160,176,22.982140364711935,21.11024982652757,103.56626892089844,2783,7.568449020385742,0.11068198829889297,0.0005
73,11796,62.13,-89.20093426000001,161,180,24.285747834470644,22.627415399900027,42.68782043457031,2848,7.159669399261475,0.10550942271947861,0.0005
75,12144,63.98,-89.64148204000001,160,184,19.58161648750411,8.158583119993404,123.35041046142578,2935,8.188804626464844,0.09895990788936615,0.0005
76,12462,64.9,-89.97019117000002,162,188,19.45153667863005,9.493310710526861,66.7304458618164,3015,8.506705284118652,0.09332621097564697,0.0005
79,12815,65.63,-90.06490457,160,192,21.271023137571166,9.248444833218924,44.01422882080078,3103,6.884978294372559,0.08753126114606857,0.0005
80,12985,62.14,-89.56855027000002,161,196,23.13899679322553,19.22546927398808,39.12428283691406,3146,8.035807609558105,0.08484051376581192,0.0005
84,13450,64.18,-89.91386032,159,200,18.034882269498706,9.65962686416583,45.269569396972656,3262,11.012173652648926,0.07795664668083191,0.0005
86,13681,63.51,-89.67205179000001,158,204,24.69057872720345,24.83283705387268,193.65200805664062,3320,10.096099853515625,0.07474228739738464,0.0005
88,14023,64.91,-92.21981373,157,208,20.75735492876394,6.408560406558253,42.03173828125,3405,9.268163681030273,0.0702567994594574,0.0005
90,14314,65.87,-93.67625794000001,158,212,20.918369034832548,17.633198008530186,57.12837219238281,3478,11.058206558227539,0.06663291156291962,0.0005
92,14677,68.09,-94.25411162,158,216,20.482172527625625,10.698787249125113,196.66343688964844,3569,9.987997055053711,0.06241565942764282,0.0005
93,14950,68.25,-94.29320347,159,220,21.516796105408304,8.00763887297304,96.40531921386719,3637,11.570162773132324,0.059470824897289276,0.0005
97,15342,68.53,-93.24077231999998,158,224,21.654549522913104,16.241101432378144,18.658004760742188,3735,9.177875518798828,0.055488042533397675,0.0005
99,15649,68.2,-93.26625949000001,156,228,17.242083432505424,6.592925832701249,85.76014709472656,3812,12.21612548828125,0.0525657944381237,0.0005
103,16049,70.49,-93.82296409,155,232,19.133892766512332,6.290461035109915,135.3329315185547,3912,13.723121643066406,0.049025602638721466,0.0005
104,16390,71.78,-95.31457418,156,236,19.292845471828866,13.284679038719432,92.69454193115234,3997,14.88282585144043,0.04621518403291702,0.0005
107,16692,71.43,-96.50360768,155,240,21.83764773999156,8.973556430639125,73.90168762207031,4072,16.069272994995117,0.04388592764735222,0.0005
109,17001,73.19,-97.01086683999998,154,244,18.69402755170414,10.287970174999142,65.97486877441406,4150,14.177555084228516,0.04159942641854286,0.0005
111,17411,74.75,-98.32484808999997,156,248,19.963057394129827,7.794998732779608,32.842979431152344,4252,12.604534149169922,0.03880615532398224,0.0005
114,17727,75.92,-98.6754826,155,252,21.877667953453372,9.602778910129489,116.52276611328125,4331,20.68684959411621,0.03677722066640854,0.0005
117,18091,76.57,-98.88200712000001,154,256,19.36047024971772,9.487269463932758,64.87252044677734,4422,14.165576934814453,0.034582220017910004,0.0005
120,18518,79.01,-97.25957731,153,260,25.475756257965305,25.44185236831231,59.023216247558594,4529,17.637943267822266,0.0321662463247776,0.0005
122,18928,81.39,-96.12935711,155,264,18.97854982149686,8.82227529863699,56.620025634765625,4631,19.103912353515625,0.03003009781241417,0.0005
125,19305,81.75,-97.25693086999999,154,268,20.97911025756082,7.207277318884584,75.11079406738281,4726,17.053070068359375,0.02817569300532341,0.0005
128,19585,82.35,-98.29947227000001,152,272,20.771094396377805,6.306251570106436,78.3563232421875,4796,18.26172637939453,0.02688782475888729,0.0005
131,20011,84.77,-98.67219446000001,152,276,19.276175685353067,7.132053713000458,65.07585144042969,4902,17.29735565185547,0.025033455342054367,0.0005
132,20369,85.73,-100.11123076000001,153,280,19.53322555326259,8.824071740423992,228.47003173828125,4992,21.079618453979492,0.023553619161248207,0.0005
134,20635,84.91,-111.4644713,153,284,25.47923769414106,29.66161601076043,153.23199462890625,5058,19.535964965820312,0.022532226517796516,0.0005
135,20844,83.82,-115.95690755,153,288,25.30046647416153,29.870332373212747,67.95132446289062,5110,20.179506301879883,0.02176123671233654,0.0005
137,21055,82.4,-113.09823675,153,292,23.380529478575088,28.448548816518183,24.980876922607422,5163,16.766494750976562,0.02100297063589096,0.0005
138,21409,84.24,-113.24405265,154,296,18.69735065964671,10.915500850580235,82.9659652709961,5252,19.62615203857422,0.019792024046182632,0.0005
142,21843,83.93,-113.12514211000001,153,300,20.31526878273273,6.687850952838805,87.55037689208984,5360,21.280010223388672,0.018423505127429962,0.0005
145,22254,85.73,-113.52245454,152,304,18.196358150545144,10.970085671009967,65.56460571289062,5463,20.423828125,0.017210889607667923,0.0005
148,22628,86.05,-111.39015794,152,308,16.488967842947808,8.369269094080087,108.23204040527344,5556,22.223737716674805,0.016193024814128876,0.0005
149,22996,86.82,-110.43434346999999,153,312,20.499015426681837,8.472873729630011,65.83330535888672,5648,18.538049697875977,0.015253756195306778,0.0005
152,23182,85.05,-109.93887709999998,152,316,21.62393110429873,12.615061172209113,315.19915771484375,5695,25.267492294311523,0.014797975309193134,0.0005
153,23440,84.9,-109.85234768999999,153,320,25.027838439997563,29.83975824988427,69.5281982421875,5759,20.727455139160156,0.014202357269823551,0.0005
156,23937,85.95,-108.79565903000001,153,324,22.4549784446263,7.417925898829973,59.410125732421875,5884,25.432310104370117,0.013112706132233143,0.0005
159,24277,86.28,-108.82562178,152,328,22.83258968881396,14.166394032309038,15.596445083618164,5969,22.41558074951172,0.012422670610249043,0.0005
162,24565,85.16,-109.83395999,151,332,20.560306284220356,9.463360808110608,71.34138488769531,6041,21.058181762695312,0.011868873611092567,0.0005
165,25152,87.62,-107.80750724999999,151,336,21.72554952193801,7.443264054391041,62.306121826171875,6187,21.598209381103516,0.010821088217198849,0.0005
168,25578,88.86,-106.79902821,151,340,20.063632576877236,8.721763198925961,29.691997528076172,6294,25.573257446289062,0.010115806944668293,0.0005
170,25911,89.1,-106.85764740999998,152,344,19.59840247530956,9.009838691458269,29.646835327148438,6377,24.937257766723633,0.00960294809192419,0.0005
172,26175,87.64,-107.83127852,151,348,22.10217978921456,9.28236117131859,38.63182067871094,6443,25.609416961669922,0.009215392172336578,0.0005
176,26535,88.08,-108.94339107,150,352,18.840124913008978,6.530963042341389,48.06171417236328,6533,27.686107635498047,0.008713582530617714,0.0005
177,26929,88.38,-110.01438581000001,151,356,20.791874798010657,7.664957989201809,51.447593688964844,6632,25.677474975585938,0.008195030502974987,0.0005
180,27311,87.93,-111.13036275,151,360,18.859032796971128,7.976908682318012,17.449922561645508,6727,21.995817184448242,0.007728690281510353,0.0005
183,27686,87.58,-111.03929809000002,150,364,19.345755206701202,11.61876336181734,47.291709899902344,6821,25.659629821777344,0.007295188028365374,0.0005
186,28029,87.24,-110.94119272999998,150,368,21.68552244666929,7.651638121184956,51.34712219238281,6907,29.84109878540039,0.006921220570802689,0.0005
188,28457,88.72,-110.23152070000002,150,372,19.37745922153851,7.829075694724723,52.945655822753906,7014,28.399002075195312,0.0064842961728572845,0.0005
191,28820,88.09,-110.35471609,150,376,18.189924226779752,8.133382401172817,46.803565979003906,7104,29.866107940673828,0.006139521021395922,0.0005
194,29159,87.9,-109.19317663,150,380,20.78688760948438,13.00365327967822,75.75624084472656,7189,26.350311279296875,0.005831805057823658,0.0005
195,29494,88.59,-97.90940455000002,150,384,20.340506952567313,8.590763590545679,153.02932739257812,7273,27.164724349975586,0.00554402731359005,0.0005
198,29801,89.57,-95.55576146,150,388,16.539167361964456,9.546373001278509,21.44913101196289,7350,28.19526481628418,0.005293259397149086,0.0005
201,30143,90.88,-98.43807234,149,392,19.342225969116665,7.155930660056242,16.705524444580078,7435,27.93709373474121,0.005029910244047642,0.0005
204,30508,90.99,-99.81680602,148,396,18.969661130470765,7.814051635961824,31.5560245513916,7526,27.127487182617188,0.004763065837323666,0.0005
206,30809,89.66,-99.83335173000002,149,400,18.881999586528718,8.19158513039212,74.17835998535156,7602,28.043197631835938,0.004551442340016365,0.0005
208,31182,89.28,-100.86699144000002,149,404,20.264190939376114,6.491486394170241,136.53375244140625,7695,31.3248291015625,0.004305663518607616,0.0005
212,31674,90.46,-100.99332903,149,408,20.098169815772582,7.68262363174925,32.762939453125,7818,29.919025421142578,0.003998590167611837,0.0005
216,32134,91.38,-101.08712423000001,148,412,19.419277297482477,5.821500246355664,19.086864471435547,7933,31.652090072631836,0.003731088014319539,0.0005
217,32440,92.58,-102.44969900999999,149,416,22.839479037016506,13.429329099610628,15.260038375854492,8009,32.45428466796875,0.0035646797623485327,0.0005
220,32774,93.34,-103.78932034000002,148,420,21.015795655931942,6.816045730909867,61.90802001953125,8093,31.91545867919922,0.003389655612409115,0.0005
223,33114,91.77,-105.05525295000001,148,424,19.862542480467283,7.603759888290694,40.63277053833008,8178,31.98401641845703,0.0032216806430369616,0.0005
224,33452,91.75,-106.23973538999999,148,428,20.76853878570159,10.457544034728327,134.90008544921875,8262,29.62534523010254,0.00306417397223413,0.0005
227,33789,92.24,-106.25876965000003,148,432,22.031122658356477,6.488349942000976,72.6949234008789,8347,34.81678009033203,0.0029128924943506718,0.0005
230,34232,90.8,-107.26406860000002,148,436,22.18643190724792,6.57190597266655,42.211063385009766,8457,30.61492919921875,0.0027283611707389355,0.0005
233,34559,89.81,-108.28324476,147,440,19.618039827642924,9.610463338796439,18.200336456298828,8539,30.1981143951416,0.002598666353151202,0.0005
235,34904,89.93,-108.32354275,148,444,20.290148118781936,7.824663802956604,86.31106567382812,8625,34.494529724121094,0.0024694253224879503,0.0005
238,35245,90.7,-107.28590254000001,147,448,19.2664750970126,8.873024635796671,159.60589599609375,8711,34.813865661621094,0.00234681973233819,0.0005
241,35651,91.16,-106.30361369999997,147,452,21.407310675725945,6.9791936147799705,93.72459411621094,8812,39.442386627197266,0.0022108610719442368,0.0005
243,35981,90.52,-106.15984564,148,456,20.25014938400773,7.002239963039294,21.628421783447266,8895,37.046897888183594,0.0021051536314189434,0.0005
245,36241,89.3,-106.0630082,147,460,16.698268121638357,9.21682083710557,61.77348327636719,8960,36.16579055786133,0.0020260303281247616,0.0005
248,36577,88.91,-107.16317783000001,147,464,20.732698969388863,11.154401891521704,29.346790313720703,9044,37.43191909790039,0.0019282617140561342,0.0005
250,36941,89.12,-106.16727584,147,468,18.181139885938922,7.384133614697735,23.52935028076172,9135,39.907470703125,0.0018279211362823844,0.0005
253,37380,89.23,-106.22463234999998,147,472,20.53201165197047,7.836651999406504,101.96056365966797,9244,36.67320251464844,0.0017148328479379416,0.0005
257,37777,89.57,-106.15858470999997,146,476,21.14332476011227,9.79030959017389,40.926246643066406,9344,37.525901794433594,0.0016175368800759315,0.0005
260,38138,89.79,-107.28106486999997,146,480,21.242974298537934,9.237766522128041,135.5100860595703,9434,38.79669952392578,0.0015348868910223246,0.0005
263,38572,90.78,-107.36926882999998,146,484,20.504285000138765,10.389482785316538,30.296390533447266,9542,38.14793395996094,0.0014411284355446696,0.0005
266,39026,92.25,-105.39537409999997,146,488,18.573132380009945,7.194947006979394,92.76419830322266,9656,43.72699737548828,0.001348345191217959,0.0005
268,39380,92.37,-105.52018034999999,146,492,19.701387108759068,6.922185017632546,157.91357421875,9744,39.325138092041016,0.00128090288490057,0.0005
270,39591,90.83,-104.96110412,146,496,23.538307192821634,22.061871175131678,58.88105010986328,9797,41.1152229309082,0.0012419548584148288,0.0005
272,39941,91.32,-104.94185886000001,146,500,19.371360393317744,9.38429469945911,13.934348106384277,9885,39.369388580322266,0.0011799464700743556,0.0005
275,40213,90.31,-106.01152091,146,504,22.440167496192075,8.037135353274145,29.923160552978516,9953,39.881507873535156,0.0011341753415763378,0.0005
278,40584,89.1,-105.92982168999998,145,508,18.54046580163167,7.091909730866306,35.69026184082031,10045,43.644996643066406,0.0010751960799098015,0.0005
279,40937,88.03,-106.95488499999999,146,512,19.38164922683985,6.790503134329265,123.49205017089844,10134,41.50827407836914,0.0010211883345618844,0.0005
282,41278,88.38,-105.91779165999996,146,516,20.477970936194367,13.939629370794902,14.810239791870117,10219,42.365135192871094,0.0009722168906591833,0.0005
285,41562,87.88,-106.98021678,145,520,21.068999808113944,6.77899844309421,16.50786590576172,10290,40.86479187011719,0.0009331897599622607,0.0005
289,42064,89.5,-106.96012056999999,145,524,20.77998944924421,5.970152315011001,58.74205780029297,10415,41.73915100097656,0.0008684062049724162,0.0005
293,42606,91.54,-105.15124535999999,145,528,21.577779108806013,12.297079439828238,24.002700805664062,10551,45.5214958190918,0.0008030805038288236,0.0005
295,42958,91.69,-104.21277936999999,145,532,19.25168369317283,8.381924031433613,17.148475646972656,10639,44.425472259521484,0.0007633871282450855,0.0005
299,43475,92.43,-103.31749058999999,145,536,18.689984220190027,7.261126398605874,18.337514877319336,10768,44.34930419921875,0.0007087505073286593,0.0005
303,43986,94.27,-103.62067431,145,540,21.234687158276703,6.163449950562899,80.76055908203125,10896,43.322227478027344,0.0006585353403352201,0.0005
308,44538,96.34,-101.53182311999998,144,544,22.015173408863326,10.436960332552546,80.36080169677734,11034,44.82429504394531,0.0006084610358811915,0.0005
312,45176,99.31,-100.08525039,144,548,21.470380194538,7.71220444124888,53.87783432006836,11193,48.04873275756836,0.000555582286324352,0.0005
317,45859,102.08,-100.4049036,144,552,20.904182763601398,11.75333138972465,21.851394653320312,11364,49.37613296508789,0.0005038722301833332,0.0005
321,46434,104.53,-99.68339538999999,144,556,20.226098441315035,6.430964257813748,106.39118957519531,11508,47.717369079589844,0.00046413266682066023,0.0005
325,46896,106.55,-98.79195519999999,143,560,21.431972841286413,5.9599159789611935,46.98857498168945,11623,48.24717712402344,0.00043468535295687616,0.0005
329,47379,108.02,-97.82339115999999,143,564,21.577698235493035,6.496010567455421,13.953418731689453,11744,51.3354377746582,0.00040572191937826574,0.0005
333,47652,107.11,-100.04950043999999,143,568,14.689224369615186,7.08697076461048,44.52694320678711,11812,48.92457962036133,0.00039029581239447,0.0005
337,48065,106.85,-99.99095161999999,142,572,19.43545560773624,9.626531645354197,152.63880920410156,11916,49.81629180908203,0.00036783606628887355,0.0005
338,48422,106.45,-100.05154587000001,142,576,20.018024815053217,6.500456126990367,81.61182403564453,12005,54.5723991394043,0.0003496659337542951,0.0005
341,48672,105.34,-100.02914749999998,142,580,17.36930601669225,7.56324567775016,91.29752349853516,12067,50.157684326171875,0.000337556324666366,0.0005
346,49073,105.01,-102.60384424000002,141,584,21.747712862175028,7.616167252543964,87.87401580810547,12168,49.93675231933594,0.000318738428177312,0.0005
349,49557,105.31,-102.57103592000001,141,588,21.89028432881454,6.229857080798464,52.212318420410156,12289,53.12744903564453,0.0002975610550493002,0.0005
351,49957,105.77,-101.56133087,142,592,22.444039143150754,9.030430690358655,7.012165069580078,12389,50.47345733642578,0.00028109579579904675,0.0005
354,50344,107.53,-100.99195696999998,142,596,23.489864161389875,11.043729293021896,16.885766983032227,12485,51.217071533203125,0.0002661490871105343,0.0005
357,50763,108.22,-101.08407270000002,141,600,18.818719959758596,7.159218666509439,13.558177947998047,12590,50.94245147705078,0.00025071518030017614,0.0005
360,51174,109.61,-98.96831647000003,141,604,19.417896847526784,7.646942100789111,65.66716003417969,12693,51.34869384765625,0.00023643542954232544,0.0005
363,51617,110.33,-98.93508742,141,608,19.990311136208557,6.2846573352760995,71.66468048095703,12804,53.5864143371582,0.0002219557500211522,0.0005
366,52035,110.98,-97.90594197999997,141,612,21.233433452449912,7.851399751976773,14.448991775512695,12908,51.85218811035156,0.00020920365932397544,0.0005
368,52488,112.1,-98.08639197000002,142,616,18.947898405061675,6.729713192632615,36.62145233154297,13021,53.91680145263672,0.0001961968227988109,0.0005
372,52960,113.98,-96.12445163000001,142,620,20.35173280109783,6.527908595858763,12.123268127441406,13139,52.6219367980957,0.00018349013407714665,0.0005
375,53358,112.94,-95.98392935,142,624,20.81108067296333,7.020441891330773,10.100723266601562,13239,51.92677307128906,0.00017338086036033928,0.0005
378,53720,111.14,-96.82131395999998,141,628,20.496790528520172,11.199602416397067,9.726760864257812,13329,53.227149963378906,0.0001647713506827131,0.0005
382,54164,112.06,-96.85584268999999,141,632,21.705575706722602,8.53762327121983,8.917415618896484,13440,55.18489456176758,0.00015476001135539263,0.0005
385,54591,111.16,-97.82665706999998,141,636,16.92082704941771,8.42855668916237,49.86616516113281,13547,52.21458435058594,0.00014568782353308052,0.0005
386,54928,109.42,-96.47779413,142,640,20.332158044386176,8.361798480044866,79.42109680175781,13631,54.781402587890625,0.0001389485551044345,0.0005
390,55409,108.71,-98.64641427000001,141,644,19.96947194406323,7.460210412292463,69.92378234863281,13752,53.21831512451172,0.00012979473103769124,0.0005
393,55810,106.34,-99.09823424999999,141,648,20.627288184033947,7.9858611843760965,68.10597229003906,13852,57.25004959106445,0.00012269771832507104,0.0005
397,56300,104.41,-98.78318106000002,141,652,21.104541674416602,6.056017382650016,16.409507751464844,13974,55.10136413574219,0.00011457098298706114,0.0005
400,56662,102.28,-98.53994423000002,141,656,18.505459215793074,6.146730213785344,9.70223617553711,14065,56.06382369995117,0.00010886173549806699,0.0005
403,57066,101.7,-99.57272655999999,141,660,22.411363945270487,10.456859187155242,17.31662368774414,14166,56.83837127685547,0.00010286337783327326,0.0005
406,57503,101.24,-99.48874720000002,141,664,18.162875429423455,6.473365903446029,7.947420120239258,14275,54.88953399658203,9.677331399871036e-05,0.0005
408,57876,102.24,-97.23949190000002,141,668,20.663393631095175,12.389047409794168,66.58932495117188,14368,57.059837341308594,9.186399984173477e-05,0.0005
411,58257,101.92,-97.15852395000002,141,672,21.073916602230216,7.473326361212199,14.257049560546875,14464,57.16908264160156,8.706729568075389e-05,0.0005
414,58638,102.16,-97.10703824000001,141,676,18.92647174636542,7.257945749833209,15.701595306396484,14559,55.96686935424805,8.257308218162507e-05,0.0005
417,59008,103.36,-96.10510610000003,141,680,19.637101083473674,9.338941979946675,15.687602996826172,14651,58.0777702331543,7.844868378015235e-05,0.0005
419,59439,103.66,-93.53179241999999,141,684,16.573365292525327,8.503927828584947,13.72083854675293,14759,56.82829666137695,7.3876632086467e-05,0.0005
423,59932,103.75,-93.58414219000002,141,688,19.944329957432593,7.315050664612486,28.908248901367188,14882,57.89720153808594,6.899693107698113e-05,0.0005
426,60281,103.24,-93.54094145,141,692,21.500028617550694,7.612609299960455,6.674803733825684,14970,58.050636291503906,6.570955883944407e-05,0.0005
429,60769,104.25,-93.65942999,141,696,20.0560335694541,6.59865818544271,8.536952018737793,15092,57.38532257080078,6.141192716313526e-05,0.0005
432,61252,104.89,-93.71391445,141,700,18.862348163372616,7.341922122428947,65.83128356933594,15212,57.948631286621094,5.746143142459914e-05,0.0005
435,61668,104.94,-93.82471478999997,141,704,19.658762557488973,8.407659522634168,76.50677490234375,15316,60.54541015625,5.424739356385544e-05,0.0005
438,62027,104.1,-93.85843836,141,708,20.753574444191337,8.089717150331545,48.103050231933594,15406,58.65055847167969,5.161395893082954e-05,0.0005
440,62441,104.06,-93.82067852,141,712,19.657931553704426,7.030169721633666,8.59166431427002,15510,57.712371826171875,4.8733454605098814e-05,0.0005
443,62836,103.48,-93.81463481999998,141,716,20.396547460825452,8.704431111387267,7.099597454071045,15608,58.81550216674805,4.6169705456122756e-05,0.0005
446,63137,101.77,-93.63146796999997,141,720,24.014984758277084,13.717518373606808,7.454990386962891,15684,58.25482940673828,4.427639942150563e-05,0.0005
450,63574,102.16,-93.72392688,141,724,19.242784051792817,6.3792640336264075,14.977034568786621,15793,60.9577751159668,4.169991734670475e-05,0.0005
451,63992,102.72,-93.78210901,141,728,19.081331505769374,7.189760951301341,57.74363708496094,15897,60.49219512939453,3.938441659556702e-05,0.0005
455,64493,103.29,-93.82328221999998,141,732,19.706607466026018,6.802629362502658,9.441676139831543,16023,59.582427978515625,3.67506654583849e-05,0.0005
459,64894,103.03,-93.82522039999999,141,736,18.426876272752022,7.857637894114171,35.313331604003906,16123,58.9798698425293,3.4786335163516924e-05,0.0005
462,65357,104.29,-93.89960984999999,141,740,19.40378141470344,6.315949376269638,17.88121795654297,16239,60.37141036987305,3.2638872653478757e-05,0.0005
465,65795,103.86,-93.91534252999998,141,744,22.305448043212536,8.540196544196053,30.623348236083984,16348,61.244361877441406,3.074301639571786e-05,0.0005
469,66170,103.6,-93.94994993000002,140,748,17.77203946640452,8.199351090351279,63.331485748291016,16442,60.30975341796875,2.9198481570347212e-05,0.0005
473,66655,103.55,-93.94472636999998,140,752,18.99399413636443,7.514111148985244,50.1656494140625,16563,60.928646087646484,2.732476423261687e-05,0.0005
476,67028,103.66,-95.03783813,140,756,22.58804070895205,7.4948278481857455,9.58218002319336,16656,59.26359939575195,2.596850390546024e-05,0.0005
477,67388,103.22,-95.08848193999998,141,760,21.925861308736735,8.82707407357144,7.133608818054199,16746,60.70061492919922,2.471913285262417e-05,0.0005
481,67844,103.41,-95.17671071000001,140,764,22.053108578197907,6.949138341765762,9.242388725280762,16860,62.208580017089844,2.3223690732265823e-05,0.0005
484,68280,104.04,-95.23335163,140,768,17.514427013467344,7.920522736345297,7.112305641174316,16969,60.57416534423828,2.1878518964513205e-05,0.0005
488,68807,105.5,-95.44667238,140,772,20.120147121109188,5.858032269176616,57.06555938720703,17101,61.187721252441406,2.0355793822091073e-05,0.0005
491,69149,105.11,-97.51115733999997,140,776,23.48755932289001,11.564976586649717,8.308180809020996,17187,59.51793670654297,1.9420429453020915e-05,0.0005
494,69686,106.78,-97.62681366999999,140,780,21.617031264684773,7.038625882507693,55.86333465576172,17321,62.1849250793457,1.804687963158358e-05,0.0005
498,70090,106.51,-97.59639088999998,140,784,21.88760444157303,10.561183139288241,64.33091735839844,17422,62.867881774902344,1.707740011624992e-05,0.0005
499,70450,105.18,-97.5207752,141,788,22.46594942839193,8.952232619237488,28.861534118652344,17512,60.66537094116211,1.6258069081231952e-05,0.0005
502,70930,106.49,-97.58100107,141,792,21.875820135345123,6.248447036948057,10.910774230957031,17632,62.46352005004883,1.522756338090403e-05,0.0005
506,71340,105.71,-97.50268164999997,140,796,22.55762241786986,9.502613237397009,8.949075698852539,17734,60.26298141479492,1.440342384739779e-05,0.0005
509,71764,105.12,-97.48288219,140,800,20.89045860528382,5.9161650342111765,57.85322570800781,17840,62.66704559326172,1.3595400560006965e-05,0.0005
513,72193,105.25,-97.41858392000002,140,804,20.38232202324348,9.622234786915058,9.905961990356445,17948,61.710182189941406,1.2818895811506081e-05,0.0005
516,72609,105.82,-97.44471355,140,808,13.557925654637756,7.78251172672435,6.386865139007568,18052,62.06490707397461,1.211309790960513e-05,0.0005
517,72977,105.36,-97.46744643000002,140,812,20.168776774285337,8.903228710406038,8.36163330078125,18144,61.94146728515625,1.1522211025294382e-05,0.0005
520,73246,104.1,-98.35613642,140,816,21.838352635607748,11.489326639990331,72.18052673339844,18211,63.778141021728516,1.1110367267974652e-05,0.0005
523,73638,105.01,-99.4912021,140,820,21.538991176700588,8.019411751809741,27.41899871826172,18309,62.34294891357422,1.0534967259445693e-05,0.0005
527,74155,105.81,-99.47278582999999,140,824,19.40784756691856,6.7262588398369445,6.000840187072754,18438,62.198028564453125,9.822731954045594e-06,0.0005
530,74625,106.33,-99.49048409,140,828,20.761021720769048,7.357336728893085,7.716465950012207,18556,62.684776306152344,9.213524208462331e-06,0.0005
534,75170,106.77,-99.47647557,140,832,20.542306787044954,6.449278344270629,5.4588518142700195,18692,62.44197082519531,8.55916823638836e-06,0.0005
538,75614,107.2,-100.51614556,140,836,21.19771111146868,7.064546774756063,4.823098659515381,18803,63.275211334228516,8.059694664552808e-06,0.0005
541,76070,107.13,-100.58558938999997,140,840,21.852338705283273,7.408384039322612,8.650140762329102,18917,63.21027374267578,7.577341875730781e-06,0.0005
543,76478,106.83,-100.42351443,140,844,17.239762613501462,8.028038055238536,9.608100891113281,19019,63.76787185668945,7.170732260419754e-06,0.0005
546,76961,107.91,-100.44750943,140,848,20.377343359200147,7.0267404810279785,5.0807952880859375,19140,62.57464599609375,6.717206815665122e-06,0.0005
550,77428,107.73,-100.37650322000002,140,852,20.58231433826505,6.764183682833658,7.293248176574707,19256,65.4142074584961,6.309846412477782e-06,0.0005
553,77841,108.13,-99.33045240999999,140,856,21.48557804324306,9.532429898971644,7.438648223876953,19360,63.053802490234375,5.965980562905315e-06,0.0005
557,78334,109.46,-99.3686655,140,860,19.956540339124412,6.455603209045381,15.720478057861328,19483,61.429134368896484,5.58340025236248e-06,0.0005
561,78844,110.0,-99.34315365999998,140,864,20.582206128284785,9.333448794934084,53.46098327636719,19610,64.46870422363281,5.214197244640673e-06,0.0005
564,79151,108.71,-99.05193175999999,140,868,22.83063509030151,23.478627521949203,5.67218542098999,19687,65.19160461425781,5.002655598218553e-06,0.0005
565,79457,106.5,-98.86786599999999,140,872,20.6217815822013,10.795262009667502,49.46831512451172,19764,63.692378997802734,4.799696853297064e-06,0.0005
568,79956,108.07,-96.82460144000001,140,876,22.467280136120948,6.652510614111044,6.707882881164551,19888,62.52510452270508,4.490017545322189e-06,0.0005
571,80343,106.57,-96.66639597000001,140,880,22.207661182734842,5.931128917942333,88.71128845214844,19985,63.60064697265625,4.26176302426029e-06,0.0005
575,80755,106.65,-96.67690305000002,140,884,19.72630514613366,7.667630939611335,18.822702407836914,20088,68.0575942993164,4.032079232274555e-06,0.0005
578,81105,106.55,-96.69641383,140,888,21.069250785851324,8.515255387789065,60.97283172607422,20176,62.98432922363281,3.845676019409439e-06,0.0005
581,81522,105.92,-96.65604444999997,140,892,22.03189720041857,5.939518274568459,8.863402366638184,20280,63.35430908203125,3.6364601783134276e-06,0.0005
585,82037,106.97,-96.63515739,140,896,18.831886564330254,10.243541376331617,5.922239303588867,20409,61.957008361816406,3.3926969535968965e-06,0.0005
586,82397,106.33,-96.51420444,140,900,21.181111327283418,6.945314633953122,24.100791931152344,20499,64.99803161621094,3.2324533094651997e-06,0.0005
590,82861,106.68,-96.50856699999999,140,904,20.992631704753713,6.260513870417282,5.064678192138672,20615,64.01701354980469,3.037269380001817e-06,0.0005
593,83260,106.51,-96.50990840000003,140,908,21.392030718716185,7.885736781180473,4.201311111450195,20714,62.94586944580078,2.880261718019028e-06,0.0005
596,83685,107.08,-96.49690789,140,912,21.333001127779184,10.258503373983539,6.840229034423828,20821,66.42005157470703,2.7197309009352466e-06,0.0005
600,84124,108.78,-95.67426401,140,916,18.23056116041938,8.356904306441916,9.645641326904297,20930,63.849891662597656,2.5656356683612103e-06,0.0005
603,84523,108.85,-94.6224485,139,920,23.866760056512693,15.15445045259733,13.987336158752441,21030,64.90177154541016,2.4319783733517397e-06,0.0005
605,84929,107.74,-94.61147286,140,924,20.80822437613534,10.147990614847249,13.785770416259766,21132,63.89885711669922,2.3028187570162117e-06,0.0005
608,85353,107.28,-94.60108823999997,140,928,20.834384089605155,7.263545057805593,6.067860126495361,21238,64.85365295410156,2.176025191147346e-06,0.0005
612,85774,106.04,-94.55573987,140,932,19.401210464506335,6.775770328006678,32.61695861816406,21343,66.07017517089844,2.0575057533278596e-06,0.0005
615,86185,105.71,-93.49443784000003,139,936,18.552195156815642,6.389797314059023,10.768478393554688,21446,66.52726745605469,1.9475744466035394e-06,0.0005
618,86536,104.66,-93.35847138999999,139,940,19.614149099698544,9.03865324099605,5.410714149475098,21533,63.34054183959961,1.8594151924844482e-06,0.0005
622,87036,105.58,-93.51990323,139,944,19.523138383631895,6.508914473743864,5.549376010894775,21658,64.82667541503906,1.7397845795130706e-06,0.0005
623,87409,104.48,-93.34072495000002,140,948,19.18941381953544,7.221629255376288,5.658120632171631,21752,64.05133056640625,1.6550460486541851e-06,0.0005
626,87782,103.54,-93.26515168000002,140,952,19.79960924373221,6.630102304626092,28.889368057250977,21845,65.916259765625,1.5753058733025682e-06,0.0005
630,88235,103.94,-93.31423767999999,139,956,19.395968285117767,6.059123298101129,4.069260597229004,21958,63.21546936035156,1.4836726904832176e-06,0.0005
633,88713,103.79,-93.31829456999999,139,960,18.31164435113842,6.968105412449538,6.694201469421387,22078,66.3389892578125,1.392139552081062e-06,0.0005
637,89162,103.18,-93.25337904999996,139,964,19.060002378776446,8.124469909719915,4.327885150909424,22190,64.69792175292969,1.3118713013682282e-06,0.0005
640,89571,104.2,-93.52311030999999,139,968,21.599432861144024,5.78419187643169,4.853729248046875,22292,65.13124084472656,1.242905568688002e-06,0.0005
642,89997,105.4,-93.64033896000001,140,972,18.808838248607024,8.72199233025166,4.047717571258545,22399,66.24859619140625,1.1744710946004489e-06,0.0005
645,90386,104.3,-93.66142818999998,140,976,20.44338498621056,10.760662067660402,4.924001693725586,22496,66.10186767578125,1.1156942036905093e-06,0.0005
648,90787,104.44,-93.78716508,139,980,19.144150677675476,6.786817323715004,7.642143249511719,22596,67.94871520996094,1.0581773040030384e-06,0.0005
651,91162,104.07,-93.83919099000002,139,984,15.47679287338423,8.02158312219004,2.9005353450775146,22690,64.70938873291016,1.0068553137898562e-06,0.0005
655,91544,104.39,-94.92048109,139,988,21.20281797476552,6.8268366817789925,14.252321243286133,22785,65.9565658569336,9.574908972354024e-07,0.0005
656,91932,104.1,-94.79513668999999,139,992,17.542728768677843,9.708519858281996,6.647505283355713,22882,66.24337768554688,9.095859354601998e-07,0.0005
660,92375,103.38,-94.79909751,139,996,21.0368613964525,6.46819562469955,18.67296028137207,22993,66.74642944335938,8.577770245210559e-07,0.0005
663,92788,103.91,-94.82049117000003,139,1000,19.98816477047697,5.841970537607798,8.921435356140137,23096,64.45191955566406,8.123453767439059e-07,0.0005
666,93221,103.6,-94.90951169000003,139,1004,20.756627219224505,7.35251956481406,4.431678771972656,23205,67.01038360595703,7.669523824915814e-07,0.0005
669,93608,103.48,-94.82558788,139,1008,18.64150488143463,8.159193986393072,8.104246139526367,23301,64.99170684814453,7.290892085620726e-07,0.0005
671,93955,102.7,-94.75986180999999,139,1012,22.529100977492398,8.414620647732491,9.894469261169434,23388,68.16149139404297,6.96392817189917e-07,0.0005
674,94425,103.01,-94.75330109000002,139,1016,21.124647685684916,8.576225048930102,5.290030479431152,23506,65.3504867553711,6.544482289427833e-07,0.0005
678,94867,103.44,-94.73503133000003,139,1020,11.056716978016567,6.241951423866103,3.649028778076172,23616,66.09152221679688,6.176197757667978e-07,0.0005
681,95386,104.57,-94.7504641,139,1024,15.467259270133317,6.907211676659193,10.012664794921875,23746,64.87218475341797,5.767663537881162e-07,0.0005
685,95817,104.64,-94.74248852,139,1028,19.43782995003245,7.9948249372182545,6.659639358520508,23854,65.96279907226562,5.448895308290957e-07,0.0005
688,96237,104.63,-94.67651838,139,1032,21.900793062882688,9.617451427412034,8.197853088378906,23959,66.67756652832031,5.15588055804983e-07,0.0005
692,96671,104.86,-95.68553693,139,1036,18.013972257981408,8.417388346358777,15.901148796081543,24067,66.61343383789062,4.870923930866411e-07,0.0005
695,97009,104.73,-95.73618420000001,139,1040,20.319120790799502,9.162220183668374,5.001591205596924,24152,65.0785140991211,4.657803174268338e-07,0.0005
696,97341,103.05,-95.59383638,139,1044,21.494816323175343,12.151198729578272,5.832011699676514,24235,66.32310485839844,4.459022591163375e-07,0.0005
699,97760,103.51,-96.71862799000002,139,1048,18.817339155710393,8.344632033284704,8.115798950195312,24339,66.29917907714844,4.2218786688863474e-07,0.0005
702,98122,103.4,-96.70948397999999,139,1052,21.213121192288884,11.478524616838149,4.640716552734375,24430,66.27737426757812,4.0247468291454425e-07,0.0005
706,98517,102.82,-96.62648780999999,139,1056,16.309936119883066,9.688499764363266,3.220762014389038,24529,66.43982696533203,3.8207244301702303e-07,0.0005
707,98831,101.18,-96.45444923000001,139,1060,20.324827765566003,8.689240240408276,5.165138244628906,24607,65.3725357055664,3.667290400244383e-07,0.0005
710,99252,100.9,-96.39461809000001,139,1064,22.480355171477974,6.386950594041005,12.989133834838867,24712,64.62519073486328,3.470428850960161e-07,0.0005
714,99622,100.51,-96.37492458000001,139,1068,21.355754683529923,7.342336698016587,47.16353225708008,24805,68.93954467773438,3.304909341750317e-07,0.0005
717,100048,100.51,-96.28751080999999,139,1072,21.148716713413464,8.185356437902104,5.14455509185791,24911,68.82006072998047,3.125857972463564e-07,0.0005
719,100433,100.47,-96.31112234999999,139,1076,16.418873120753652,6.876125460068299,3.497232675552368,25008,65.73899841308594,2.970522245959728e-07,0.0005
722,100896,101.09,-96.33368149999997,139,1080,22.21681823715783,8.467721381118436,4.584052085876465,25123,68.42764282226562,2.7963309889855736e-07,0.0005
726,101333,101.71,-96.27037273000002,139,1084,21.22268846634307,9.031914446485667,7.101833343505859,25233,68.35941314697266,2.6392794438834244e-07,0.0005
729,101785,102.41,-95.21867385000002,139,1088,16.530668598973666,9.212606665638807,4.566349029541016,25346,66.21977233886719,2.487124959316134e-07,0.0005
733,102230,102.98,-95.30181752,139,1092,15.964229812112995,7.653220074736653,7.490535736083984,25457,67.09878540039062,2.3462061449208704e-07,0.0005
736,102650,102.75,-95.34058219,139,1096,20.802491873218624,12.257021402968352,5.416153430938721,25562,67.14839935302734,2.2202610239219212e-07,0.0005
738,102996,102.08,-96.38265317999999,139,1100,20.162444764381263,8.219648966238633,4.412259101867676,25648,66.97604370117188,2.1221592305664672e-07,0.0005
741,103394,101.73,-96.26809872000001,139,1104,21.860662018061277,15.508622771785246,4.350956916809082,25748,66.59078216552734,2.0135243516961054e-07,0.0005
744,103738,101.3,-96.14798317,139,1108,23.698018325082202,18.20566333032283,2.969299077987671,25834,64.6748046875,1.924557011534489e-07,0.0005
748,104268,103.13,-96.30626217999999,139,1112,22.126707638920298,6.761649966604107,5.6822052001953125,25966,67.4720458984375,1.795589099629069e-07,0.0005
751,104697,102.72,-96.34149013999999,139,1116,21.917870568761483,7.747201829185397,7.385994911193848,26074,65.62617492675781,1.6965248050837545e-07,0.0005
754,105046,101.79,-97.45524815999997,139,1120,18.3173610144506,7.140916915827931,3.2492337226867676,26161,66.58851623535156,1.620712026806359e-07,0.0005
756,105425,100.39,-97.45291168000001,139,1124,19.18128586243101,10.9772065054985,12.828853607177734,26256,68.5572509765625,1.541792187254032e-07,0.0005
759,105840,100.23,-97.46238397000003,139,1128,16.15939142247626,7.981350747010952,9.048194885253906,26359,68.46865844726562,1.4605625153762958e-07,0.0005
763,106314,100.77,-97.50679951000002,139,1132,20.4858526292645,7.464610443884874,6.549816131591797,26478,67.43832397460938,1.3720283220663987e-07,0.0005
766,106756,100.85,-96.49280221,139,1136,22.28314263227698,7.210965734525805,7.5861101150512695,26588,69.5286865234375,1.2949705308074044e-07,0.0005
770,107277,102.68,-96.52577532000001,139,1140,19.674717903190487,7.239056356186656,3.223196506500244,26719,69.45516204833984,1.20882731380334e-07,0.0005
774,107772,104.31,-96.70800932,139,1144,19.434467068279332,9.254204971350518,11.515145301818848,26842,67.55891418457031,1.1331682259196896e-07,0.0005
777,108108,103.48,-95.61577461,139,1148,20.297018227284706,8.901463144748165,2.500833749771118,26926,66.07942199707031,1.0843105258118158e-07,0.0005
780,108606,104.84,-95.85782925,139,1152,20.15268712435591,6.9528903765622285,46.154014587402344,27051,69.01937866210938,1.0154980856214024e-07,0.0005
784,109079,105.62,-95.96195935,139,1156,21.218635825736975,6.242720410496738,5.397393226623535,27169,68.74139404296875,9.545509982444855e-08,0.0005
785,109420,105.89,-96.02363649,139,1160,21.943988029620836,14.665690216369645,5.366442680358887,27254,68.67758178710938,9.129277600550267e-08,0.0005
789,109796,105.44,-96.14821564999998,139,1164,20.92348976853778,11.846301908096416,3.5533063411712646,27348,66.71311950683594,8.690075503636763e-08,0.0005
792,110231,106.09,-96.16116321,139,1168,22.45536814032574,9.054501607593927,3.6007003784179688,27457,68.77610778808594,8.207175028474012e-08,0.0005
795,110640,105.92,-96.22655417000001,138,1172,18.642432622462508,7.255328848970788,5.989676475524902,27559,69.31344604492188,7.779621569170558e-08,0.0005
797,110953,105.2,-97.16946684,139,1176,20.880187725478102,8.997547085262447,14.225010871887207,27638,66.75077819824219,7.463844298172262e-08,0.0005
800,111310,104.14,-97.01075875000001,139,1180,20.329733177144284,6.414546732185455,7.939614772796631,27727,67.06465911865234,7.123421852384126e-08,0.0005
803,111702,103.69,-96.94165210999999,138,1184,20.5695612313583,9.570975834828792,6.399683952331543,27825,66.36373901367188,6.766507709698999e-08,0.0005
807,112157,103.72,-96.8542443,138,1188,22.784802749367667,5.822494049275003,2.587069034576416,27939,67.03463745117188,6.373761607392225e-08,0.0005
810,112645,104.15,-96.88910179999999,138,1192,18.11974430029371,9.008049599948498,3.374002456665039,28061,68.81637573242188,5.978670714057444e-08,0.0005
814,113105,104.55,-96.83639413999998,138,1196,20.146147560125556,8.340832802026773,3.9132120609283447,28176,66.6893310546875,5.628699284443428e-08,0.0005
817,113515,105.19,-95.8646473,138,1200,20.06735205655026,6.965039255615626,2.302182674407959,28278,66.20580291748047,5.335471442435846e-08,0.0005
821,114047,106.53,-95.90473795999998,138,1204,20.78538836196894,6.458673651201953,2.5841145515441895,28411,66.60501098632812,4.975948186825008e-08,0.0005
823,114489,107.51,-96.02278372,139,1208,18.106063451275148,8.553328771131445,6.889798164367676,28522,66.52908325195312,4.694511801517365e-08,0.0005
826,114956,106.88,-96.03372101,139,1212,20.732909590247306,6.790788217768548,7.884639739990234,28638,68.9748306274414,4.417393029143568e-08,0.0005
829,115375,106.78,-97.0411996,139,1216,20.545846233797842,6.306577693400702,46.57826232910156,28743,66.73274230957031,4.180684598509288e-08,0.0005
833,115842,107.96,-95.97282235,139,1220,19.95206953379828,8.518820548294046,5.62680721282959,28860,67.55604553222656,3.9320216416172116e-08,0.0005
836,116164,107.39,-96.87261271999999,138,1224,21.390050340221407,17.91120577221745,22.434654235839844,28940,71.26051330566406,3.770441381334422e-08,0.0005
839,116554,107.14,-96.84476151999999,138,1228,20.546256770439943,8.706746492478194,50.728302001953125,29038,67.19976806640625,3.581526186735573e-08,0.0005
840,116922,106.08,-96.71342572999998,139,1232,18.862996936086486,10.138823764820243,9.03493881225586,29130,68.71272277832031,3.412930027479888e-08,0.0005
844,117351,105.95,-96.68378284,138,1236,19.571252492678045,6.874443887651746,6.722037315368652,29237,70.74874877929688,3.227318501330956e-08,0.0005
847,117762,104.85,-96.56554751000002,138,1240,23.523563277031233,15.730322023855729,3.94655704498291,29340,67.95709991455078,3.0581873033952434e-08,0.0005
850,118097,103.25,-97.49874784000002,138,1244,18.101684817731385,6.951010817735743,4.644230842590332,29424,67.78431701660156,2.9268383272551546e-08,0.0005
854,118597,104.89,-97.58505761,138,1248,19.320466895358418,6.378737155733635,7.229379177093506,29549,69.4640884399414,2.741749405288374e-08,0.0005
857,119092,104.86,-97.46870399,138,1252,18.33701716585376,9.375974222951507,2.8098840713500977,29672,68.86459350585938,2.5710507500775748e-08,0.0005
861,119608,105.29,-97.48830582000001,138,1256,18.81242531136267,7.616299251000882,6.684252738952637,29801,69.76752471923828,2.40343158708356e-08,0.0005
863,119963,105.43,-97.51305803999999,138,1260,20.152379645332708,7.887683353121276,4.338006019592285,29890,68.31266784667969,2.294201628671999e-08,0.0005
866,120319,105.23,-97.38988719,138,1264,17.913592101991995,7.792291695820882,51.50739669799805,29979,69.15773010253906,2.18993605471951e-08,0.0005
870,120759,105.28,-97.48655984999998,138,1268,18.179631573347475,6.868404510273421,6.386587619781494,30089,66.5919189453125,2.067592319576761e-08,0.0005
872,121091,104.51,-97.37332101999999,138,1272,22.575854075186538,10.16705831580569,6.187396049499512,30172,67.38872528076172,1.979823949227466e-08,0.0005
874,121463,105.1,-96.32698522000001,138,1276,21.293929335315227,7.388348577470505,11.296295166015625,30265,67.90382385253906,1.8858996142512297e-08,0.0005
877,121906,105.96,-96.44161946,138,1280,19.318399367701954,7.669772809150158,4.422122478485107,30376,68.56564331054688,1.7796109474943478e-08,0.0005
880,122308,106.06,-96.58688485000002,138,1284,21.06502981159409,6.1075484952246475,5.190690040588379,30476,66.48650360107422,1.6889945442244425e-08,0.0005
884,122708,105.51,-96.69347301000002,138,1288,21.346116969014183,7.6824425169943265,8.452445983886719,30576,66.6771240234375,1.6029924054805633e-08,0.0005
887,123150,105.05,-96.61883129,138,1292,19.677884289310484,8.498542054491365,6.914074897766113,30687,71.37632751464844,1.512648140078454e-08,0.0005
890,123542,104.37,-96.62490782,138,1296,20.756910413640266,7.393727308634919,5.373675346374512,30785,68.58051300048828,1.4371268619584043e-08,0.0005
891,123822,103.07,-96.54679172,138,1300,18.775184061959557,12.42717103229531,2.6705594062805176,30855,71.33908081054688,1.3855024683095962e-08,0.0005
894,124174,101.27,-96.45045651000001,138,1304,18.5740387143026,10.294691193622155,4.028928756713867,30943,67.69107818603516,1.3232718032440971e-08,0.0005
898,124585,100.96,-96.50713188000003,138,1308,19.054670017079104,8.898937555609807,5.039777755737305,31046,66.63343811035156,1.2540319893616925e-08,0.0005
899,124960,100.04,-96.39597125,138,1312,18.729402103855605,8.440936521024982,3.224400520324707,31139,71.45433044433594,1.1945396671819708e-08,0.0005
902,125299,99.24,-95.15706595,138,1316,20.068129238763895,13.23628077711149,4.264670372009277,31224,68.62527465820312,1.1428112678402158e-08,0.0005
906,125696,98.54,-95.16764895,138,1320,18.967807561608684,7.87934263648743,7.623931884765625,31323,68.00572967529297,1.0853921317277582e-08,0.0005
909,126217,100.53,-94.31394733,138,1324,21.840534872606774,6.733636833978732,9.502830505371094,31454,68.76534271240234,1.0138235140288998e-08,0.0005
913,126650,100.96,-94.28326997,138,1328,20.97237857223741,6.513070806189815,4.751737594604492,31562,68.12667846679688,9.58383328253376e-09,0.0005
916,127092,101.7,-94.42886093000001,138,1332,20.545868812234986,6.160325112854907,2.8684146404266357,31672,67.22930145263672,9.05031871667461e-09,0.0005
920,127564,102.13,-94.35436440000001,138,1336,18.58479781958537,9.644327458458381,2.220257520675659,31790,68.70698547363281,8.510976812203808e-09,0.0005
924,128045,102.83,-94.48936665,138,1340,21.193037800241363,11.960812588199905,55.92584228515625,31911,67.29025268554688,7.991282302555192e-09,0.0005
927,128511,104.14,-93.41018629,138,1344,24.035065679130074,6.348964782124222,2.980131149291992,32027,68.85147094726562,7.522881873001097e-09,0.0005
929,128999,104.02,-93.3832594,138,1348,19.127116929578712,6.462651222983864,6.466701507568359,32149,71.6974868774414,7.059845152923572e-09,0.0005
932,129468,103.76,-93.43331331000002,138,1352,20.659364216043613,7.729509384700534,29.869857788085938,32266,71.31250762939453,6.6425802636160824e-09,0.0005
935,129795,101.87,-94.32121661,138,1356,22.881763502717753,15.639973461346257,6.422628402709961,32348,68.8183822631836,6.3649263637444164e-09,0.0005
938,130227,102.64,-94.35621271,138,1360,18.756159172070802,6.779909111346617,3.757978916168213,32456,68.06219482421875,6.016864784186282e-09,0.0005
942,130630,103.11,-94.43471831999999,138,1364,22.00365387369704,11.48801993983981,8.310474395751953,32557,70.57003784179688,5.708606920507009e-09,0.0005
945,131121,103.62,-94.46042610999999,138,1368,21.037361094206222,6.244721643226094,34.64468765258789,32680,69.56829071044922,5.354451104722102e-09,0.0005
949,131557,104.66,-94.50918775999999,138,1372,18.033320959115468,6.863139668107078,2.4910435676574707,32789,67.9519271850586,5.059011876085151e-09,0.0005
952,132014,105.51,-94.60665022999997,138,1376,19.093992207753168,8.845986100561928,3.410675048828125,32903,67.4603500366211,4.767445993536512e-09,0.0005
954,132409,105.03,-94.54369706,138,1380,20.48959352656648,12.40748720409136,8.176267623901367,33002,67.74497985839844,4.527911379170746e-09,0.0005
957,132859,105.51,-94.58281934,138,1384,18.472610247847463,5.9993680096161945,4.502324104309082,33114,71.8236083984375,4.2714001224908316e-09,0.0005
960,133304,105.96,-94.59758786,138,1388,20.18871051356546,7.34289350262747,6.028630256652832,33225,66.8935546875,4.031957434591504e-09,0.0005
963,133647,104.97,-94.57135415,138,1392,18.78591225951286,7.143128853200206,2.354234218597412,33311,69.9698486328125,3.856019059611526e-09,0.0005
965,133958,104.16,-94.52914839000003,138,1396,20.957763862592167,8.130569212859127,5.190647125244141,33389,69.3329849243164,3.7030951638428178e-09,0.0005
968,134441,106.19,-94.63583957,138,1400,21.488362552503194,6.948925118062058,4.597085475921631,33510,70.01519775390625,3.4777807300656605e-09,0.0005
972,134895,107.21,-94.78281437999998,138,1404,17.006232926011947,6.914375396956542,4.125034332275391,33623,70.55694580078125,3.2797593529920732e-09,0.0005
976,135396,108.11,-94.82765611999999,138,1408,21.96193675304558,7.4844163721480745,50.036109924316406,33748,69.21981811523438,3.073817422816205e-09,0.0005
978,135762,108.02,-94.86995053000001,138,1412,21.656102646623143,8.610547572129315,5.126336097717285,33840,68.92825317382812,2.930551801227921e-09,0.0005
982,136134,108.35,-94.96811722000001,138,1416,22.080399220997897,14.512150251647165,5.069242477416992,33933,69.31037902832031,2.792514663951806e-09,0.0005
985,136593,108.97,-94.99751380999999,138,1420,19.06213914777431,8.71655293972689,16.25860595703125,34048,68.48417663574219,2.6307804823488823e-09,0.0005
988,137025,108.08,-94.91879096999999,138,1424,19.025804551956593,7.31616837499623,4.226375579833984,34156,68.18898010253906,2.4874307058553313e-09,0.0005
990,137482,108.32,-94.98433466,138,1428,22.10396180607788,6.702855709775145,6.963153839111328,34270,70.90908813476562,2.344582306079701e-09,0.0005
993,137828,107.36,-94.92622277000001,138,1432,19.37774175235354,12.147301463331546,13.141258239746094,34356,69.91160583496094,2.2422741441374683e-09,0.0005
997,138237,106.73,-94.97478066000002,138,1436,19.539737203773768,9.364277801006118,2.9080801010131836,34459,68.97647094726562,2.1256003623904007e-09,0.0005
1000,138690,106.45,-94.97480894,138,1440,20.54662899929364,8.709318263313852,40.33880615234375,34572,67.69673156738281,2.004570731628519e-09,0.0005
1003,139046,105.35,-94.9384035,138,1444,19.31806293118447,7.225643021221825,5.977094650268555,34661,66.81523895263672,1.9141179752324433e-09,0.0005
1005,139397,103.98,-94.93962777000003,138,1448,22.794372382136395,11.805703194230341,7.024962902069092,34749,69.79969787597656,1.8286948622048271e-09,0.0005
1008,139775,103.07,-95.90035379999999,138,1452,9.396183960619473,6.768075502040982,14.654332160949707,34843,69.24562072753906,1.741654376274937e-09,0.0005
1011,140193,103.98,-94.95136965,138,1456,21.17537639070276,6.242694855212362,8.231069564819336,34948,69.68013000488281,1.6493175714060726e-09,0.0005
1014,140701,104.74,-95.04349862999999,138,1460,20.932509580607938,6.750756170558371,6.5758514404296875,35075,70.4649429321289,1.5441509182423374e-09,0.0005
1018,141092,104.62,-95.03626444000001,138,1464,21.132143063454002,7.079659832337307,52.70583724975586,35172,71.32947540283203,1.4683667615145168e-09,0.0005
1021,141557,104.36,-94.92128363999998,138,1468,20.583140841652074,7.0557429858417375,2.600440502166748,35289,68.62073516845703,1.3819230204603627e-09,0.0005
1025,142039,104.82,-95.00118465,138,1472,21.60735908700939,13.169875958546461,2.338299036026001,35409,67.83306884765625,1.2988107256362014e-09,0.0005
1029,142554,105.4,-95.03536189999998,138,1476,20.747770260231324,6.791586716633402,29.89905548095703,35538,70.0195541381836,1.2150315198411477e-09,0.0005
1030,142988,105.79,-95.09811393,138,1480,18.409868214346663,6.431167428987247,7.391054630279541,35646,67.74918365478516,1.1490617346510135e-09,0.0005
1034,143337,104.78,-94.92934113,138,1484,17.899983574914863,6.342869818116663,43.16432189941406,35734,66.77519989013672,1.0979659403886899e-09,0.0005
1036,143654,103.5,-94.85142231,138,1488,18.35310485982811,7.590265954053432,9.254032135009766,35813,68.26351165771484,1.054034082237365e-09,0.0005
1040,144050,104.03,-94.96195768000003,138,1492,22.272486991013917,6.749189885075312,37.12181854248047,35912,68.04225158691406,1.0014536977465127e-09,0.0005
1041,144437,104.79,-95.02108984,138,1496,18.94089556764736,8.910507880849977,4.672517776489258,36009,70.53018951416016,9.52480316840365e-10,0.0005
1045,144791,103.5,-94.89924527000001,138,1500,21.536379323671383,6.3507795256890365,3.772045612335205,36097,66.16468048095703,9.101259190735789e-10,0.0005
1048,145156,102.61,-94.82033760999998,138,1504,19.674331046980036,9.912753228898547,12.797318458557129,36188,67.70893859863281,8.683074259607793e-10,0.0005
1052,145653,102.57,-94.80168919000002,138,1508,22.621722285443727,5.970383540992339,3.204787254333496,36313,68.24435424804688,8.139789398065034e-10,0.0005
1053,145936,101.74,-94.65784047000001,138,1512,22.62749017998886,6.544124557082166,4.6566548347473145,36383,68.93584442138672,7.850536332121294e-10,0.0005
1056,146403,102.69,-94.77810933999997,138,1516,17.64750263346951,7.546633929145281,68.57186889648438,36500,71.00153350830078,7.38983596537679e-10,0.0005
1060,146949,103.56,-94.78605542,138,1520,21.495963221746283,8.549712259684732,2.5873498916625977,36637,70.14268493652344,6.884630088244137e-10,0.0005
1064,147367,103.42,-95.85537204999997,138,1524,19.280110246039413,5.582333894886932,6.537993907928467,36741,68.95881652832031,6.524306095379018e-10,0.0005
1068,147888,104.06,-95.89249993000001,138,1528,19.37577754789498,6.343872390706598,2.767181158065796,36871,69.55704498291016,6.100305260936523e-10,0.0005
1072,148473,106.45,-96.00304931000001,138,1532,19.728707602971642,6.409745444609815,4.356392860412598,37018,68.4751968383789,5.653957857454373e-10,0.0005
1076,148903,106.66,-96.05632127000001,138,1536,21.897402870513773,10.867206945549196,2.7080564498901367,37125,66.86669158935547,5.34974231580776e-10,0.0005
1079,149365,106.75,-96.08231252000002,138,1540,20.745686545254014,6.853727586807928,5.18515157699585,37241,68.93527221679688,5.038401917900615e-10,0.0005
1082,149735,106.89,-96.20773888000002,138,1544,17.76808509435129,8.703014232990462,37.90883255004883,37333,68.65367126464844,4.804413533676666e-10,0.0005
1086,150285,108.88,-96.34682217,138,1548,19.717635978608207,6.736113308500357,10.265157699584961,37471,68.05677795410156,4.473647008396142e-10,0.0005
1090,150774,109.99,-95.35041094,138,1552,22.19781308149132,6.373720859802932,6.835479736328125,37593,69.37263488769531,4.2002462619095127e-10,0.0005
1093,151127,109.34,-95.26255419,138,1556,19.288754040987328,6.597012071842904,2.546936273574829,37681,68.0405044555664,4.013472054698042e-10,0.0005
1096,151508,108.07,-95.17168122000001,138,1560,20.452734318215086,7.285219266829033,2.1614737510681152,37776,68.42256164550781,3.8211522834785683e-10,0.0005
1098,151931,108.39,-95.23941191,138,1564,22.430158705592845,5.8685230146313065,4.395102024078369,37882,69.5162353515625,3.6174216400119974e-10,0.0005
1101,152309,107.52,-95.24143371,138,1568,21.740528601793375,14.496071438962872,3.319742202758789,37977,69.96344757080078,3.4440800211754663e-10,0.0005
1104,152768,107.29,-95.26353254000001,138,1572,19.424006060888175,7.028621419109969,2.5633130073547363,38091,69.61293029785156,3.246999058514888e-10,0.0005
1108,153235,106.81,-95.26035094000001,138,1576,22.043755586794774,6.885538902597539,3.507775068283081,38208,68.56985473632812,3.0564523134657406e-10,0.0005
1111,153632,106.44,-95.23175730000001,138,1580,20.65401559689643,6.4436266101424176,5.967801094055176,38307,66.64920043945312,2.9039812221576256e-10,0.0005
1115,154142,108.05,-95.67350312,138,1584,21.57758075402172,13.31825209098467,9.788394927978516,38435,67.18111419677734,2.718065772455702e-10,0.0005
1118,154627,109.73,-96.69924111,138,1588,21.440014715743768,14.26149449800415,9.88286018371582,38556,65.7579345703125,2.5535423775480126e-10,0.0005
1122,155123,110.73,-96.07540944,138,1592,18.15749369440034,13.753296903472418,11.560761451721191,38680,66.77069091796875,2.395575682268003e-10,0.0005
1125,155586,111.49,-99.55760115999999,138,1596,20.5365982417549,13.5617698506246,10.920151710510254,38796,62.34326171875,2.2566588875339022e-10,0.0005
1128,156047,112.56,-97.62570848,138,1600,18.27752003442077,13.964684580188706,16.328861236572266,38911,63.30681610107422,2.1268929673023962e-10,0.0005
1130,156493,113.37,-92.72238234999999,138,1604,21.134292613525812,17.032607102523002,8.932577133178711,39023,63.463951110839844,2.0076884599262712e-10,0.0005
1133,156999,113.46,-89.1333088,138,1608,22.556571314709462,13.434296118961788,7.427675247192383,39149,64.04722595214844,1.881550193427728e-10,0.0005
1136,157355,114.19,-86.22261834999999,138,1612,23.080727934946633,21.88527483112782,12.728233337402344,39238,62.227394104003906,1.797258314395478e-10,0.0005
1138,157758,113.55,-88.91751545999998,138,1616,19.785633469119887,9.748051547171846,7.500181674957275,39339,64.29786682128906,1.706400853951351e-10,0.0005
1141,158279,113.3,-85.48091555000002,138,1620,24.087162095656318,16.893490263072973,8.776820182800293,39469,62.430267333984375,1.5962965671523222e-10,0.0005
1144,158674,113.07,-80.65545463,138,1624,20.71165301321994,13.341048746300192,5.856758117675781,39568,60.2142448425293,1.5172382794581551e-10,0.0005
1147,159078,111.9,-83.60339592,138,1628,19.86131334920972,15.7651390433157,15.161524772644043,39669,62.137840270996094,1.44061623741365e-10,0.0005
1149,159483,110.1,-81.46774372,138,1632,20.665858952064973,12.746778414118959,12.860715866088867,39770,63.55658721923828,1.3678637389435977e-10,0.0005
1151,159862,109.59,-79.34785570999999,138,1636,18.61956697281269,10.262456355102339,17.02083969116211,39865,60.26580047607422,1.302789681689731e-10,0.0005
1154,160195,108.3,-79.65765139999999,138,1640,22.85122309496236,18.71356933261844,15.925092697143555,39948,58.5848388671875,1.2484746569896288e-10,0.0005
1156,160540,108.05,-79.33056902999999,138,1644,22.019988477072193,15.135464857924394,13.177268981933594,40034,61.323463439941406,1.1945840150406895e-10,0.0005
1158,160846,105.61,-84.73532755999999,138,1648,19.213918196117945,14.772566755816918,14.610008239746094,40111,59.432315826416016,1.1483097112074958e-10,0.0005
1161,161339,105.65,-80.10474358999998,138,1652,23.750362056079943,15.873326099592196,46.35307312011719,40234,59.3076171875,1.0780810272281727e-10,0.0005
1163,161703,105.76,-77.46056251,138,1656,22.437954070686622,15.784005815519095,6.894608497619629,40325,58.63948059082031,1.0289023799625596e-10,0.0005
1166,162067,105.59,-79.04178316,138,1660,21.183687729536857,14.74395439024906,16.841602325439453,40416,60.43506622314453,9.819672158739579e-11,0.0005
1167,162462,105.31,-80.02254399,139,1664,22.279032807202363,16.680760200546093,10.40467357635498,40515,58.689361572265625,9.33334173836009e-11,0.0005
1169,162724,104.15,-81.22632458,139,1668,24.940390072027885,24.26179066090129,18.815553665161133,40580,60.62885284423828,9.027208147660559e-11,0.0005
1173,163133,103.65,-79.15573965,139,1672,22.23229545810365,18.968378140363196,13.179354667663574,40683,58.71984100341797,8.563123127247607e-11,0.0005
1174,163461,102.26,-76.21221973,139,1676,22.235900305119966,20.649832884583592,10.286834716796875,40765,58.61407470703125,8.211609864305913e-11,0.0005
1177,163810,101.78,-73.88613483,139,1680,21.502486913799125,23.887540009473774,62.10615921020508,40852,55.46004867553711,7.854426831155337e-11,0.0005
1179,164082,99.4,-70.64650689999999,139,1684,22.25048624026389,17.08420569218861,22.67400550842285,40920,59.526824951171875,7.586100497780635e-11,0.0005
1180,164381,97.54,-70.67330378,139,1688,20.373113974460345,15.182467849109713,28.279451370239258,40995,55.5270881652832,7.300771792673189e-11,0.0005
1182,164712,95.89,-75.64742252999999,139,1692,20.175464343951507,24.179864713922743,46.71297073364258,41077,56.08253860473633,7.001077495516483e-11,0.0005
1185,165072,94.86,-68.53768586000001,139,1696,20.34090957401755,25.005103290693533,18.21930503845215,41167,54.56841278076172,6.686288328561218e-11,0.0005
1187,165410,93.63,-65.60583468,139,1700,23.181028411521265,21.90197630811784,16.235633850097656,41252,55.27098846435547,6.401993518645455e-11,0.0005
1190,165752,92.59,-72.38770091,139,1704,20.89192814260608,15.364424929250237,32.27373504638672,41337,55.32115936279297,6.129787649689078e-11,0.0005
1192,166189,91.9,-72.82219928,139,1708,21.012188056717537,22.2008329664224,10.47530746459961,41447,54.61607360839844,5.794628665789503e-11,0.0005
1193,166403,90.48,-74.39670853999999,139,1712,18.54128383614449,13.113950725259578,46.98444747924805,41500,58.45551300048828,5.639748390517951e-11,0.0005
1195,166653,88.95,-75.90527132,139,1716,16.832237562766153,12.121272213010453,18.733556747436523,41563,55.762176513671875,5.4610208716221464e-11,0.0005
1198,167039,87.6,-77.89461533,139,1720,18.923993704133157,10.521950514679519,26.48780059814453,41659,54.6485481262207,5.1995057565035196e-11,0.0005
1199,167365,86.91,-79.24311857000001,139,1724,22.882901125294165,19.12865842003618,271.853759765625,41741,56.418487548828125,4.9860678086321997e-11,0.0005
1201,167695,86.17,-73.92940852000001,139,1728,19.324803258126572,16.19781036991983,30.947153091430664,41823,56.33519744873047,4.7813919490380385e-11,0.0005
1204,168078,85.95,-73.64478309,139,1732,23.04196773640026,21.495066730592686,44.5545768737793,41919,55.98253631591797,4.552422327996908e-11,0.0005
1206,168471,86.09,-73.50785081,139,1736,21.047704134395072,15.725781743891243,10.839395523071289,42017,53.77522277832031,4.329988451123867e-11,0.0005
1209,168809,86.14,-68.41596777,139,1740,24.629756518586305,23.888152352815503,26.3078670501709,42102,55.03395080566406,4.1458815547290584e-11,0.0005
1211,169166,86.26,-64.69770385,139,1744,20.54345235612917,25.41328230446334,20.289649963378906,42191,52.035255432128906,3.961494673965227e-11,0.0005
1212,169449,86.03,-59.4640452,139,1748,18.151135102568702,16.930729457828022,11.799543380737305,42262,51.61974334716797,3.820297550527485e-11,0.0005
1214,169777,84.38,-61.85649471000001,139,1752,23.473050522358697,26.139189219206855,12.080511093139648,42344,52.54969024658203,3.663476119686315e-11,0.0005
1216,170146,84.43,-65.14699167000002,139,1756,21.976104679593046,15.945072462218008,10.218820571899414,42436,52.35866165161133,3.495179839996254e-11,0.0005
1219,170580,85.13,-62.250951879999995,139,1760,21.631233350921566,14.3289524952946,15.37267780303955,42544,52.215206146240234,3.307453616541167e-11,0.0005
1220,170897,84.35,-61.50234805,140,1764,18.62295907432939,16.592341784143347,22.605619430541992,42624,51.48889923095703,3.1749283757598334e-11,0.0005
1222,171126,84.02,-63.158643309999995,139,1768,25.661467239828617,24.30440367783179,27.485565185546875,42681,51.41232681274414,3.083756167088225e-11,0.0005
1225,171591,84.58,-71.03549418,140,1772,20.852143604873753,8.398468480984922,111.69110870361328,42797,53.363075256347656,2.9062183215522452e-11,0.0005
1226,171907,84.46,-75.29182663,140,1776,21.205474273668532,15.36828595247963,16.424213409423828,42876,50.60110855102539,2.79119626717117e-11,0.0005
1229,172216,84.06,-77.87492424999999,140,1780,23.327108454441436,19.094368880198974,32.17079162597656,42953,51.893917083740234,2.683468725006577e-11,0.0005
1231,172552,84.7,-82.25079016,140,1784,23.637762509104057,28.428945451806896,69.91472625732422,43037,52.63079071044922,2.570683943492469e-11,0.0005
1232,172786,84.05,-82.64548359999999,140,1788,22.562738499361643,17.107326330987412,11.207895278930664,43096,49.56755447387695,2.4943123955178947e-11,0.0005
1234,173063,83.51,-76.16912166999998,140,1792,24.473818981168932,24.04586887040455,41.44381332397461,43165,49.78532028198242,2.407869563458842e-11,0.0005
1235,173422,83.5,-75.86009108,140,1796,23.46180001428314,18.35941977777337,21.790700912475586,43255,47.32603454589844,2.299604430489044e-11,0.0005
1238,173816,84.06,-76.12955422,140,1800,22.650325850418643,22.51562848453129,25.309749603271484,43353,48.90501403808594,2.1872444827542026e-11,0.0005
1240,174075,83.23,-74.06028414000001,140,1804,21.181899742576796,22.689860370790193,48.14695739746094,43418,49.092769622802734,2.1157652019265782e-11,0.0005
1241,174443,82.54,-78.47388099,140,1808,21.74063208289195,14.612410839889638,44.92570495605469,43510,47.68601608276367,2.018568992512293e-11,0.0005
1244,174847,84.44,-78.73401151,140,1812,22.61785608721766,22.8130576754686,11.625753402709961,43611,50.248470306396484,1.916998677853332e-11,0.0005
1247,175133,84.8,-72.97948712,140,1816,24.17945408686408,27.795289898026663,144.68951416015625,43683,49.16685485839844,1.8477275265382787e-11,0.0005
1248,175414,83.75,-73.07007686000001,140,1820,21.541663991249646,17.82015520829359,24.384754180908203,43753,49.05357360839844,1.7827813877935306e-11,0.0005
1249,175586,82.21,-80.86898959,140,1824,22.525066292282368,21.76324309450049,41.7750244140625,43796,48.40679168701172,1.744022808114476e-11,0.0005
1250,175777,80.82,-81.66247741000002,140,1828,20.58948792225883,19.93545538545889,150.13916015625,43844,50.09626388549805,1.701751933813611e-11,0.0005
1251,175999,79.21,-86.77029825000001,140,1832,23.653172241363258,29.69077609465726,52.456634521484375,43899,49.682960510253906,1.654574741105641e-11,0.0005
1253,176384,79.13,-87.94978967000002,140,1836,21.84896330677282,16.025994069662282,23.355112075805664,43995,47.390777587890625,1.5753408993957052e-11,0.0005
1256,176799,79.9,-88.30358663999999,140,1840,23.781184790904,17.13787384685315,34.55933380126953,44099,49.133514404296875,1.4937804465597893e-11,0.0005
1258,177047,78.81,-92.54613113,140,1844,23.158489882706025,24.531859059157952,27.852983474731445,44161,48.34832000732422,1.4471810035054933e-11,0.0005
1258,177241,77.92,-97.56431541,140,1848,25.11263443683042,29.283864264451783,37.09761047363281,44210,49.03081512451172,1.4113833365914097e-11,0.0005
1259,177403,76.26,-99.48985413,140,1852,23.10489173522177,28.52011623127345,59.447330474853516,44250,46.365638732910156,1.3828180787933686e-11,0.0005
1261,177739,75.93,-99.56835267000002,140,1856,19.937879452138066,14.854023722711323,18.63212013244629,44334,47.23247528076172,1.3246991177606748e-11,0.0005
1262,177950,73.7,-99.71702111999998,140,1860,24.507909232387313,21.088831106959333,47.58262634277344,44387,49.10931396484375,1.2892921105733812e-11,0.0005
1263,178144,72.47,-102.57624802000001,140,1864,23.603119931984782,28.334272312351896,22.574785232543945,44435,47.25168991088867,1.258042801877135e-11,0.0005
1264,178441,73.15,-99.23243240000002,141,1868,24.373975166229204,25.386553220936374,7.599247932434082,44510,46.301185607910156,1.2107250965676108e-11,0.0005
1266,178775,71.84,-91.94099880000002,141,1872,25.039200750701653,26.508343517543697,83.6053466796875,44593,49.47892761230469,1.160432080288265e-11,0.0005
1267,178981,70.74,-90.56156182000001,141,1876,22.2567013073733,20.6952533245046,59.95538330078125,44645,44.67436981201172,1.1299932343999952e-11,0.0005
1269,179241,70.25,-90.45980275000002,141,1880,24.33209814868625,29.96767470715797,26.005826950073242,44710,46.39228820800781,1.09306487472427e-11,0.0005
1270,179471,69.19,-92.11729449000002,141,1884,21.373618467468116,24.894657187709466,18.00782012939453,44767,47.83406066894531,1.061676180996729e-11,0.0005
1272,179692,69.06,-92.80243261000001,141,1888,23.42253873665799,22.73612514160768,20.326929092407227,44822,46.535926818847656,1.0322435614606995e-11,0.0005
1273,179988,69.25,-94.88851002999999,141,1892,24.2563298946652,24.1095519529089,23.475507736206055,44896,45.929298400878906,9.939265556424548e-12,0.0005
1275,180262,68.4,-99.34911647999999,141,1896,25.246386040118047,22.387761433333058,21.298118591308594,44965,45.44200897216797,9.594811056778951e-12,0.0005
1276,180475,66.59,-104.13531848999999,141,1900,23.537524222616945,26.426348968468055,16.536392211914062,45018,45.61979293823242,9.338359079069658e-12,0.0005
1277,180717,66.42,-105.24078115,141,1904,23.921860290267905,29.627892784855717,41.15982437133789,45079,48.38014602661133,9.051669136450613e-12,0.0005
1278,180856,64.13,-106.54272609000002,141,1908,24.27374913643991,26.299522754838062,38.62825012207031,45113,45.94646072387695,8.89571229178987e-12,0.0005
1279,181160,63.13,-105.19115642999998,141,1912,22.62436868700204,14.75830710762335,62.67493438720703,45189,43.43426513671875,8.556749926669216e-12,0.0005
1281,181417,62.84,-103.86280924000002,141,1916,23.721757152680865,25.32464341949066,65.06368255615234,45254,45.48786163330078,8.277115104426969e-12,0.0005
1282,181722,63.08,-105.58993921,141,1920,19.46522170292345,16.202556158459593,43.24176788330078,45330,46.70500183105469,7.961724161897887e-12,0.0005
1283,181968,63.82,-100.60430795,141,1924,23.104792836744526,17.90165487968181,60.96626281738281,45391,47.24989318847656,7.717298154685803e-12,0.0005
1284,182155,63.78,-101.95703214000001,141,1928,23.40582227203849,29.663805053841944,28.529695510864258,45438,45.90285873413086,7.53409921255832e-12,0.0005
1286,182464,64.65,-96.87056437999999,141,1932,23.501153263710318,29.042579959592356,14.762086868286133,45515,46.502296447753906,7.243317057259446e-12,0.0005
1287,182720,63.36,-98.58197729,141,1936,21.2042825527184,15.717589784756239,14.246374130249023,45579,43.17694854736328,7.010188003003792e-12,0.0005
1289,183029,62.3,-100.46262760999998,141,1940,20.68117523956208,6.203155159983272,14.754280090332031,45657,44.55437469482422,6.736181491079352e-12,0.0005
1290,183250,62.03,-101.03709538999999,142,1944,24.478408456078487,25.770928507244115,61.28737258911133,45712,47.04352569580078,6.549435906805234e-12,0.0005
1292,183516,62.75,-94.25593964,142,1948,20.898317092274215,26.289281477913708,26.792312622070312,45778,45.76630783081055,6.332162225120008e-12,0.0005
1293,183780,63.77,-97.50169175,142,1952,22.281594496567177,16.88399998664775,32.09309387207031,45844,46.54730224609375,6.122095885796597e-12,0.0005
1294,184017,62.78,-97.01824619000001,142,1956,20.334769728748395,25.818337419823127,36.559844970703125,45904,46.37006378173828,5.937180434789635e-12,0.0005
1296,184362,64.12,-94.40863559000002,142,1960,22.53759559479472,17.060081655451143,30.693233489990234,45990,46.55390167236328,5.681832174891932e-12,0.0005
1298,184764,66.2,-92.73427942000001,142,1964,22.54687000974898,20.36489401618199,9.837112426757812,46090,43.80194854736328,5.3986932112282116e-12,0.0005
1299,185028,65.87,-94.11728878000002,142,1968,24.166469552655215,23.94711817534689,23.337770462036133,46156,44.233829498291016,5.2195942880362e-12,0.0005
1301,185350,65.75,-93.38350122000001,142,1972,21.00771420781312,24.643308842850153,15.511589050292969,46237,46.573001861572266,5.0078916707940735e-12,0.0005
1303,185644,66.63,-90.68430608,142,1976,18.801030190588467,15.977616366877902,25.929752349853516,46310,46.39696502685547,4.824463311486893e-12,0.0005
1304,185968,67.27,-89.52711138000001,142,1980,21.1621448446939,12.918246437237144,64.3422622680664,46391,46.72087860107422,4.628786937077578e-12,0.0005
1306,186196,67.25,-84.86523385999999,142,1984,23.974306861703468,26.368697771212098,23.211153030395508,46448,46.19673156738281,4.495865485454331e-12,0.0005
1307,186494,68.02,-78.26719449,142,1988,22.842277913533888,20.033698999852483,25.9999942779541,46523,43.57521438598633,4.326766809420457e-12,0.0005
1310,186823,68.35,-73.42706386,142,1992,21.28979056392815,17.419417026704465,105.03695678710938,46605,45.45655822753906,4.149154544247358e-12,0.0005
1312,187245,69.83,-71.32349251000001,142,1996,22.196249148718714,16.299205045018695,36.9269905090332,46711,45.074031829833984,3.9303191777528834e-12,0.0005
1314,187557,70.82,-67.53843352,142,2000,21.26951418989686,23.33426539282913,17.808177947998047,46789,45.46873092651367,3.776695536167329e-12,0.0005
1318,188059,73.42,-62.325754399999994,142,2004,21.358752241704963,21.998645904779988,28.257007598876953,46914,46.3878173828125,3.5429268026299088e-12,0.0005
1319,188390,75.34,-55.490478280000005,142,2008,22.97773958675084,18.675818620459236,27.73649024963379,46997,45.99068069458008,3.3957550313323814e-12,0.0005
1321,188726,75.66,-55.77279641999999,142,2012,23.822825463868252,25.247046496890825,102.51990509033203,47081,45.946319580078125,3.253033476272038e-12,0.0005
1323,189121,77.04,-53.84272587,142,2016,23.056309157222547,28.39471603405597,20.645200729370117,47180,45.894386291503906,3.092507153135138e-12,0.0005
1326,189510,77.88,-48.55920577000002,142,2020,19.272360127049478,17.412025667795007,36.32886505126953,47277,44.865760803222656,2.9429095878968914e-12,0.0005
1329,190030,80.62,-44.667005710000005,142,2024,23.061706355369513,21.31719449274862,31.103925704956055,47407,44.613494873046875,2.753703298372101e-12,0.0005
1331,190368,82.13,-39.87032210000001,143,2028,23.64130968034763,23.726519306732705,94.68672180175781,47491,45.14157485961914,2.6379668848636184e-12,0.0005
1333,190804,83.4,-37.077838729999996,143,2032,21.152858490721478,20.335469866356405,63.97624969482422,47600,43.359397888183594,2.4950057211231558e-12,0.0005
1335,191155,84.35,-36.24842589,143,2036,23.539646413335863,22.07498253610638,11.766824722290039,47688,42.90605163574219,2.3852599582985246e-12,0.0005
1338,191586,85.57,-34.74428285999999,143,2040,21.651131946830496,25.623733237888214,50.475128173828125,47796,43.99631118774414,2.2571475938315544e-12,0.0005
1339,191832,85.82,-34.26584292,143,2044,22.951012101334808,13.50786090610269,19.88888931274414,47857,43.09096908569336,2.1878525467006193e-12,0.0005
1341,192136,86.2,-30.941911759999996,143,2048,25.106230482602566,24.48712961754124,24.211605072021484,47933,42.40846252441406,2.1044867237751674e-12,0.0005
1343,192533,87.53,-23.03427339,143,2052,22.24130780186916,22.9164801446431,30.50240707397461,48033,45.25481414794922,1.9996148833967275e-12,0.0005
1346,193090,90.73,-18.507637199999998,143,2056,21.610260511376826,19.98872604420099,21.084213256835938,48172,42.894256591796875,1.862467211705132e-12,0.0005
1347,193372,90.1,-18.33487597,143,2060,18.21599849429864,13.445819743787526,79.01007843017578,48242,41.291656494140625,1.7970029761102402e-12,0.0005
1350,193736,89.72,-13.989378369999999,143,2064,21.878646478912586,10.962663602489402,32.445003509521484,48333,42.28856658935547,1.7153270991110414e-12,0.0005
1352,194013,89.85,-9.19734275,143,2068,20.068166528805058,19.380716337364234,24.226905822753906,48403,41.27562713623047,1.6550346162991225e-12,0.0005
1355,194543,91.93,-7.807704990000001,143,2072,21.700093249038535,11.688299576138858,26.732830047607422,48535,45.051910400390625,1.5470464536163075e-12,0.0005
1358,195134,94.9,-5.805386889999999,143,2076,22.364189152724748,19.454539087591247,20.06191635131836,48683,42.446250915527344,1.434404569948533e-12,0.0005
1362,195623,96.55,-2.0627232699999993,143,2080,24.248279968318634,23.91981388233434,62.181541442871094,48805,41.198280334472656,1.3479971262483903e-12,0.0005
1366,196216,100.2,-0.09822138000000002,143,2084,22.50506013571487,10.739508822722694,29.078746795654297,48953,41.67781066894531,1.2501318339894207e-12,0.0005
1368,196611,101.17,-3.333006290000002,143,2088,21.213079079962824,16.923938567002352,28.730667114257812,49052,44.96572494506836,1.1886665696875243e-12,0.0005
1369,196946,101.23,-2.8916654000000004,143,2092,23.15622611741969,21.79229973655129,20.806873321533203,49136,42.851280212402344,1.1388899805869768e-12,0.0005
1372,197264,100.19,0.9824519599999999,143,2096,25.07939943536089,24.323906275050433,72.42440795898438,49215,40.88108825683594,1.0939799413578477e-12,0.0005
1374,197571,100.14,2.406948209999998,143,2100,20.907438791621043,23.153662116680668,120.16838073730469,49292,42.43384552001953,1.0519117044430204e-12,0.0005
1375,197918,98.59,3.285669089999999,143,2104,22.881422219749677,20.860942015365474,18.71102523803711,49379,42.81291580200195,1.0063232799145672e-12,0.0005
1378,198367,99.77,3.9664549599999996,143,2108,21.66293095526064,10.36302926295037,17.73233413696289,49491,39.51408386230469,9.5053153716107e-13,0.0005
1381,198798,100.72,4.388616099999998,143,2112,23.05265455622116,24.443371524869207,14.55756950378418,49599,43.362098693847656,8.996636985739159e-13,0.0005
1384,199399,102.78,4.17271032,143,2116,22.33472209156574,15.018339599836397,22.933135986328125,49749,40.61325454711914,8.334983094340775e-13,0.0005
1387,199796,102.86,4.408968720000001,144,2120,21.957512424310572,23.39698766923085,20.87714385986328,49848,39.596229553222656,7.925176357184704e-13,0.0005
1390,200280,102.5,6.04243366,144,2124,23.216899643933854,17.37854796001273,15.663761138916016,49969,37.795936584472656,7.451563780076775e-13,0.0005
1393,200751,103.83,5.67654358,144,2128,22.214734490210887,9.420148849776611,22.561721801757812,50087,41.37836456298828,7.016966218145737e-13,0.0005
1396,201136,103.32,5.594990929999999,144,2132,20.734730814577034,22.62089822388753,59.87684631347656,50183,40.69633483886719,6.682163503080041e-13,0.0005
1398,201577,104.22,10.62962152,144,2136,20.224508090334908,22.72812291654713,12.25998306274414,50294,39.095741271972656,6.31491115909294e-13,0.0005
1399,201854,102.68,6.368264049999998,144,2140,14.010285389054838,12.09776268010031,25.657115936279297,50363,38.72772979736328,6.096864549678949e-13,0.0005
1403,202471,106.39,11.52191472,144,2144,21.311779283351697,8.538004882766362,23.82859230041504,50517,41.16053009033203,5.636979056276858e-13,0.0005
1405,202747,106.11,7.517805820000001,144,2148,26.29296378478196,26.114753178221363,34.77497863769531,50586,38.38642883300781,5.442339829665743e-13,0.0005
1408,203181,106.48,7.485038510000001,144,2152,22.192198721047628,12.872122644393615,44.0472412109375,50695,38.696868896484375,5.148469541318978e-13,0.0005
1409,203478,103.88,6.891378739999999,144,2156,23.01713309481353,18.44028309163269,28.846885681152344,50769,39.926422119140625,4.958058161079471e-13,0.0005
1412,203834,104.62,5.158569930000001,144,2160,21.095480754162516,17.76452373834617,41.22296905517578,50858,39.62474060058594,4.738354348644835e-13,0.0005
1415,204229,104.93,7.449821310000001,144,2164,23.96288213732881,20.49935102731221,31.471004486083984,50957,39.24026870727539,4.505383154225495e-13,0.0005
1418,204552,105.39,8.937087420000001,144,2168,23.566721605848223,24.888688599599647,19.44375991821289,51037,37.88129425048828,4.325518079568297e-13,0.0005
1419,204955,104.12,8.397785650000001,144,2172,22.71386485845346,22.050991406417626,34.0792236328125,51138,39.575157165527344,4.108658129432091e-13,0.0005
1422,205293,101.59,8.643280890000002,144,2176,22.2858766792338,23.28821822868033,14.929441452026367,51223,39.47663116455078,3.9346003126612683e-13,0.0005
1425,205638,100.15,5.231399480000001,144,2180,19.891354503466697,8.867894813600216,20.828773498535156,51309,39.85811233520508,3.765997388070763e-13,0.0005
1428,206027,98.11,3.140069440000001,144,2184,17.3648342753629,18.365815337457715,23.754470825195312,51406,38.124267578125,3.584482970858671e-13,0.0005
1429,206417,98.06,7.079768680000002,144,2188,21.9789905493787,13.718248886599056,13.99557876586914,51504,37.34079360961914,3.409980360146586e-13,0.0005
1432,206802,98.56,6.818853380000003,144,2192,21.388482515971383,20.362925514837944,112.04209899902344,51600,39.13029098510742,3.247279290082006e-13,0.0005
1435,207193,99.29,6.0719335700000014,144,2196,21.829092280262337,18.52361312528157,19.546464920043945,51698,37.877342224121094,3.0891923134129806e-13,0.0005
1436,207490,99.19,0.9323370900000021,144,2200,17.774023631965076,10.914308671232618,21.967987060546875,51772,39.443016052246094,2.974941256880803e-13,0.0005
1439,207895,99.77,0.8611752400000003,144,2204,22.09264329145473,17.31064467735563,23.364151000976562,51873,41.407142639160156,2.8257924429217485e-13,0.0005
1441,208153,97.86,-3.6841251699999997,144,2208,22.233561681051214,18.70305754694625,55.65734100341797,51938,36.484954833984375,2.7337843360591974e-13,0.0005
1444,208597,97.99,-1.197703999999999,144,2212,23.05673995186189,22.938529807178572,20.449514389038086,52049,38.41951370239258,2.583535327945613e-13,0.0005
1445,208900,95.01,-1.7554025999999978,144,2216,20.87166249004657,16.27950510525981,21.743675231933594,52124,39.567649841308594,2.4867187844480887e-13,0.0005
1448,209278,94.82,-2.1919438799999984,144,2220,23.220797164601176,16.853081853626154,13.997031211853027,52219,39.05530548095703,2.369275565669571e-13,0.0005
1450,209662,93.82,-2.17579922,144,2224,21.166037325651487,15.35122554581243,59.73846435546875,52315,34.17896270751953,2.2562294643268394e-13,0.0005
1451,209969,92.18,-3.97951321,144,2228,21.62590005310728,18.99262619832652,17.76297378540039,52392,38.56011962890625,2.1694678117769456e-13,0.0005
1454,210262,91.26,-6.08580188,144,2232,23.6574908510727,24.262857853245766,18.93623161315918,52465,37.050567626953125,2.0902961165355366e-13,0.0005
1457,210638,90.61,-6.06495855,144,2236,24.267193661783335,19.615065102619706,20.18126678466797,52559,37.5587158203125,1.9925897141049448e-13,0.0005
1460,211050,91.96,-2.414785620000001,144,2240,21.9621159707655,15.147062433687761,23.86151123046875,52662,36.197261810302734,1.890764292095809e-13,0.0005
1461,211331,88.6,-3.377016980000001,144,2244,21.133221395760565,19.93265653421205,43.21014404296875,52732,34.82550811767578,1.8245488128156018e-13,0.0005
1464,211657,89.1,0.8638380799999976,144,2248,21.543615933110182,22.474297021319497,26.036216735839844,52814,37.47954177856445,1.7499256167383126e-13,0.0005
1468,212398,92.17,0.2965972399999988,144,2252,23.30800295025123,7.789281887679373,15.004759788513184,52999,33.66771697998047,1.5925870106188456e-13,0.0005
1470,212690,92.12,0.3974980700000005,144,2256,20.354092156154838,24.582582865176832,18.916259765625,53072,36.81126403808594,1.5344678110616738e-13,0.0005
1473,213102,92.68,2.8822311200000015,144,2260,22.11550077617556,16.268691063859375,18.528850555419922,53175,36.439292907714844,1.456053431037746e-13,0.0005
1474,213453,92.24,2.818608859999999,144,2264,19.39895272107129,16.37771985878405,17.479814529418945,53263,33.34973907470703,1.3922408148223098e-13,0.0005
1477,213813,92.61,2.19277453,144,2268,21.50213140233165,18.67683842498824,9.189937591552734,53353,33.87274932861328,1.329869645395193e-13,0.0005
1479,214105,91.5,2.8627016599999995,144,2272,25.285463995826102,20.49350223946832,26.025997161865234,53426,34.861671447753906,1.2813380456493106e-13,0.0005
1480,214448,91.55,2.9806788500000003,144,2276,21.190238181500057,21.953565473974518,67.586181640625,53511,34.57772445678711,1.2270557020552936e-13,0.0005
1483,214828,91.9,6.12538487,144,2280,23.13564625005603,19.35203094914498,82.09859466552734,53606,34.688663482666016,1.169104011733771e-13,0.0005
1485,215190,91.63,8.56889692,144,2284,22.259443878889723,11.737395791020315,13.705397605895996,53697,33.55585479736328,1.1161605900601376e-13,0.0005
1488,215620,92.03,8.134046249999999,144,2288,22.268728918859107,18.731459649390434,38.774627685546875,53804,34.487579345703125,1.0569672849632117e-13,0.0005
1489,215861,90.59,4.688596659999998,144,2292,22.54865147046546,22.66726592894629,35.174293518066406,53865,35.091522216796875,1.0246373926192306e-13,0.0005
1492,216196,90.03,4.813535429999999,144,2296,24.842232516153178,22.43841162903453,15.05813980102539,53948,35.43151092529297,9.822298410819968e-14,0.0005
1494,216511,90.21,8.96385341,144,2300,22.876833371271537,22.62465160728521,15.536745071411133,54027,33.586490631103516,9.4349739609631e-14,0.0005
1496,216841,89.46,8.95610331,144,2304,21.296478367288078,19.583100991022462,12.078981399536133,54110,32.74298858642578,9.044480252630785e-14,0.0005
1498,217226,90.73,13.48449478,144,2308,22.332398789203754,20.539948481291557,22.732873916625977,54206,34.737060546875,8.612937972421811e-14,0.0005
1501,217558,89.61,12.9791426,144,2312,23.333654021770183,19.717772887067397,22.14927864074707,54289,33.56865692138672,8.256467205888449e-14,0.0005
1502,217988,90.88,13.68064203,145,2316,21.702271620787823,18.374495857507124,43.17279052734375,54396,35.02656936645508,7.818601316508453e-14,0.0005
1505,218317,90.39,13.977850709999998,144,2320,22.223810663497474,21.546151031672153,21.578598022460938,54479,33.560028076171875,7.495006270350282e-14,0.0005
1508,218648,89.86,11.637928789999997,144,2324,21.197131029311585,15.39674434401222,25.073184967041016,54561,32.21403503417969,7.188463691486235e-14,0.0005
1511,219236,92.67,13.71765128,145,2328,23.01620925774623,26.67256848834667,74.048583984375,54708,32.4821662902832,6.669973818054786e-14,0.0005
1514,219565,93.03,15.657023679999998,144,2332,22.326335568687103,29.171218751419406,166.122802734375,54791,34.54990768432617,6.393917649028316e-14,0.0005
1515,219908,92.7,15.34651828,145,2336,23.313334818331956,18.7084342048218,42.2624397277832,54876,33.428558349609375,6.123047354518116e-14,0.0005
1518,220274,92.24,16.83877168,145,2340,24.27124343189611,22.061043259465496,31.661914825439453,54968,32.623146057128906,5.842786513941475e-14,0.0005
1521,220698,93.67,17.683870629999998,145,2344,22.44731805428587,15.763008785227688,24.11922836303711,55074,33.70888137817383,5.5357438468253695e-14,0.0005
1523,221037,93.8,17.636307549999998,145,2348,21.991562963593633,21.719759903212285,9.960468292236328,55159,30.603200912475586,5.3012292228508603e-14,0.0005
1524,221307,89.09,15.671326059999997,145,2352,22.631151960135764,22.491476352737212,18.60946273803711,55226,32.5633544921875,5.1233993989593246e-14,0.0005
1527,221646,89.56,16.84311533,145,2356,21.59004335600159,17.894592949314738,20.335079193115234,55311,29.004350662231445,4.9063533048626304e-14,0.0005
1530,222016,89.14,17.073023170000003,145,2360,22.564285037269382,21.439278026750554,19.97568130493164,55403,30.253917694091797,4.681782170062529e-14,0.0005
1531,222332,88.79,17.306064900000003,145,2364,22.932827858756642,21.161733361114827,51.623416900634766,55482,30.190364837646484,4.497164224131697e-14,0.0005
1533,222641,88.28,17.99308383,145,2368,22.632299322774426,23.27839033213841,12.80853271484375,55560,29.53853988647461,4.322027626199251e-14,0.0005
1535,222973,88.68,19.212190969999995,145,2372,24.664012514318213,22.600912992195365,14.003463745117188,55643,29.357769012451172,4.143147820266299e-14,0.0005
1537,223350,89.02,18.9087838,145,2376,20.303205540913652,18.58299650742202,46.682640075683594,55737,26.571592330932617,3.949485256524686e-14,0.0005
1540,223624,87.96,18.03793229,145,2380,21.098477450294396,14.290772871782135,33.834129333496094,55805,30.83683204650879,3.815056384410924e-14,0.0005
1543,224052,88.62,18.580819969999997,145,2384,21.169606970269097,15.615700674517674,32.85993194580078,55912,29.879243850708008,3.612732400563867e-14,0.0005
1544,224407,87.87,19.03537895,145,2388,22.883787384496244,20.91555619287433,261.87030029296875,56001,29.399015426635742,3.4526431735328045e-14,0.0005
1547,224698,88.37,21.61864086,145,2392,22.95196251708565,20.829601553028734,88.53532409667969,56074,32.886573791503906,3.326643634496938e-14,0.0005
1550,225014,88.18,21.72704248,145,2396,21.460106947011205,21.221476449501758,15.7080078125,56153,30.33810043334961,3.195463980768844e-14,0.0005
1551,225366,88.55,22.54453595,145,2400,21.568669471730452,17.23268071872592,27.343223571777344,56241,29.62676239013672,3.055420296654322e-14,0.0005
1554,225694,88.53,18.84265977,145,2404,22.597324374135425,25.585933097429663,28.054691314697266,56323,28.385772705078125,2.930455154253643e-14,0.0005
1555,225981,87.55,17.6402713,145,2408,20.987741669218927,18.984115204074744,26.836641311645508,56395,28.228713989257812,2.8249502550029525e-14,0.0005
1557,226291,87.33,17.63676461,145,2412,23.97434401090726,23.606420491693328,83.34172058105469,56472,28.68427276611328,2.7163189571439462e-14,0.0005
1560,226639,86.51,16.00274782,145,2416,24.422078828893497,22.171019223987734,32.810707092285156,56559,28.159027099609375,2.598597301695007e-14,0.0005
1563,227022,87.05,15.08478046,145,2420,22.37882080020255,19.700932319767094,20.901336669921875,56655,28.355979919433594,2.474609635315459e-14,0.0005
1565,227424,87.76,15.815424099999998,145,2424,22.7496006067817,17.804747576680818,28.28268051147461,56755,26.056350708007812,2.3517424241185393e-14,0.0005
1568,227732,84.96,13.000161999999998,145,2428,24.175854302655345,23.519197804445856,66.64067077636719,56832,26.768037796020508,2.2613077656588078e-14,0.0005
1569,227991,84.26,10.888398359999998,145,2432,21.3424393093519,23.443026201587333,22.568233489990234,56897,30.336471557617188,2.1876790879055488e-14,0.0005
1571,228327,84.19,10.916280349999997,145,2436,23.72719966244851,18.203546950521748,13.555740356445312,56981,24.865020751953125,2.0960680700886705e-14,0.0005
1574,228632,83.58,9.1339916,145,2440,21.634734822414522,18.576166086950565,20.476192474365234,57057,27.96800422668457,2.0164918657929708e-14,0.0005
1577,229007,83.09,9.02418442,145,2444,20.018160954868556,18.916890233579938,110.15243530273438,57151,23.700563430786133,1.9222352252686384e-14,0.0005
1578,229340,83.03,8.740354279999998,145,2448,23.15663289509262,20.501248448769296,16.40447998046875,57234,25.973613739013672,1.842677994510957e-14,0.0005
1581,229733,84.26,10.683419339999999,145,2452,21.845249554591444,17.55005344789086,9.413838386535645,57333,25.27074432373047,1.7520788422528688e-14,0.0005
1583,230092,84.46,10.315624559999998,145,2456,24.55455243604161,23.041195916267906,23.613258361816406,57422,23.963668823242188,1.6744398023075396e-14,0.0005
1586,230523,85.07,10.19895115,145,2460,21.307353381497762,14.967749602695108,17.965686798095703,57530,25.93985366821289,1.5848318480043283e-14,0.0005
1587,230883,85.51,9.76505188,145,2464,21.275550467351774,17.951821274907253,18.84071159362793,57620,25.617931365966797,1.513832868739115e-14,0.0005
1590,231260,86.19,9.33415122,145,2468,18.397767464736564,19.083848576236434,73.48789978027344,57714,28.99459457397461,1.4430719057320802e-14,0.0005
1593,231610,86.37,8.22270104,145,2472,23.548988646609246,18.896600815328867,21.3670597076416,57802,24.645305633544922,1.3798281907253379e-14,0.0005
1595,232027,86.77,7.000978320000001,145,2476,22.548089573153653,13.568241666635354,34.632469177246094,57906,24.514856338500977,1.308649555772012e-14,0.0005
1597,232355,87.31,8.232594679999998,145,2480,24.085265855655603,23.634831040403174,34.66054153442383,57988,26.54547119140625,1.255167133152723e-14,0.0005
1599,232625,85.73,6.727697619999999,145,2484,23.166153683585687,27.25855227962148,22.59851837158203,58056,24.939533233642578,1.2126021181905946e-14,0.0005
1601,233005,85.98,5.84570187,145,2488,21.734953931875285,19.747160061788847,62.502105712890625,58151,26.183483123779297,1.1555425060284612e-14,0.0005
1603,233369,86.71,6.497145129999999,145,2492,23.604253652804335,20.27675068208662,33.04051208496094,58242,24.4866943359375,1.1034047482129383e-14,0.0005
1606,233716,87.02,6.456377749999999,145,2496,22.672600413677042,22.79576738142953,50.940887451171875,58328,22.705852508544922,1.0562957403019695e-14,0.0005
1609,234086,87.2,6.204916769999999,145,2500,23.40897393393607,21.126666026268257,35.828826904296875,58421,22.653249740600586,1.0076129451750022e-14,0.0005
1610,234435,87.41,9.71496577,145,2504,24.07243330738497,20.83386392660763,29.647567749023438,58508,25.986757278442383,9.641043355096326e-15,0.0005
1613,234823,88.42,10.595214520000003,145,2508,21.634665559843242,18.738996932549135,168.8860321044922,58605,23.44144058227539,9.178061075357756e-15,0.0005
1616,235193,89.02,10.4895436,145,2512,21.98488476937261,21.645900782474648,28.372314453125,58698,19.397472381591797,8.755060444795484e-15,0.0005
1619,235586,89.47,12.40342735,145,2516,21.460095141267615,18.36503934100835,15.522977828979492,58796,21.403230667114258,8.330397935590698e-15,0.0005
1620,235948,89.26,13.32565325,145,2520,22.533047152645242,19.94923586834925,28.818279266357422,58886,22.007186889648438,7.958569953503847e-15,0.0005
1623,236329,89.05,14.75894888,145,2524,21.66894802364514,18.936241110416614,25.002761840820312,58982,19.156078338623047,7.580227441019664e-15,0.0005
1626,236711,89.79,17.62697425,145,2528,21.709440241636443,20.197906881871152,190.15350341796875,59077,21.546184539794922,7.223535937700247e-15,0.0005
1629,237024,90.33,18.35763656,145,2532,24.04396687822126,19.368205896754617,42.04944610595703,59155,22.461095809936523,6.943256123585588e-15,0.0005
1630,237342,90.15,15.71096657,145,2536,22.29174642855179,19.902967619028754,15.04574203491211,59235,19.765186309814453,6.6670831487156915e-15,0.0005
1633,237728,90.96,15.15066938,145,2540,18.545422415355315,16.624955537619925,17.326236724853516,59331,21.193161010742188,6.350137395896762e-15,0.0005
1636,238062,90.55,15.510025789999997,145,2544,22.925533002786224,18.48146662489363,43.33223342895508,59415,24.48870849609375,6.085193536808616e-15,0.0005
1638,238451,91.11,15.622950329999998,145,2548,23.218866072400882,21.57721231947964,76.26542663574219,59512,24.99770736694336,5.792970558137671e-15,0.0005
1641,238817,90.84,16.048849980000004,145,2552,21.28819074271385,17.40097765904467,19.70075225830078,59604,18.286376953125,5.528787758152633e-15,0.0005
1643,239167,90.75,16.260797410000002,145,2556,22.156705772274517,20.833974941141705,49.95717239379883,59691,21.460227966308594,5.290055333617271e-15,0.0005
1644,239478,89.55,16.54867514,145,2560,22.98372907127732,20.677954386960387,31.049835205078125,59769,18.31242561340332,5.084796380607978e-15,0.0005
1647,239854,89.71,16.459950690000003,145,2564,23.068646963861465,19.438476560710065,146.931640625,59863,18.822040557861328,4.847987567895831e-15,0.0005
1651,240346,90.86,15.675778150000001,145,2568,18.47063475558331,12.62475570300307,13.861334800720215,59986,20.977174758911133,4.554697327711346e-15,0.0005
1653,240739,91.29,15.824511419999999,145,2572,24.857846024421256,27.7843934701124,38.023860931396484,60084,20.416988372802734,4.333772076826111e-15,0.0005
1656,241124,90.97,16.949187300000002,145,2576,23.055834825458344,19.9843327561297,42.90500259399414,60180,20.559358596801758,4.127749100098395e-15,0.0005
1657,241469,91.14,17.107136010000005,145,2580,21.478258412773755,16.848806989731315,42.811126708984375,60267,20.38469696044922,3.9495134627218296e-15,0.0005
1660,241825,92.0,16.52187811,145,2584,24.38710067917668,23.98778437973084,28.720117568969727,60356,19.62590980529785,3.775141566134165e-15,0.0005
1663,242224,92.19,16.887517480000003,145,2588,21.558797506917823,15.233129507683193,245.66795349121094,60455,21.630847930908203,3.590206321661292e-15,0.0005
1666,242590,92.21,16.843179149999997,145,2592,20.64117685854377,17.477010014634114,172.94430541992188,60547,22.557209014892578,3.4264784528470612e-15,0.0005
1667,242918,92.02,14.68684386,145,2596,24.6091875864125,23.400485760773464,15.926158905029297,60629,19.32333755493164,3.2868510007228206e-15,0.0005
1670,243352,92.66,14.1936962,145,2600,20.88654452775811,13.249361352273867,60.25910949707031,60737,18.19318199157715,3.1115956487711696e-15,0.0005
1673,243799,93.64,13.848559679999996,145,2604,20.7493925055304,13.070488879418173,13.987794876098633,60849,16.025314331054688,2.9397129702572484e-15,0.0005
1676,244123,93.0,14.555135819999999,145,2608,23.374371924250227,24.288707822414164,34.14897537231445,60930,17.200881958007812,2.8213519743397215e-15,0.0005
1677,244425,92.32,12.586691900000003,145,2612,20.66567574093764,18.933338284987887,31.413333892822266,61006,14.989153861999512,2.7146340815569154e-15,0.0005
1679,244873,92.87,12.397496369999999,145,2616,21.77236281964734,15.355159595679122,36.04413986206055,61118,17.288249969482422,2.5646793919815135e-15,0.0005
1682,245258,93.1,12.332815899999996,145,2620,23.334214700602736,19.638683591720657,88.80181121826172,61214,17.460094451904297,2.4427572577954927e-15,0.0005
1686,245756,94.27,11.393480879999995,145,2624,22.042082611331356,14.231951457078091,27.72036361694336,61338,16.831111907958984,2.293813078526165e-15,0.0005
1688,246114,94.03,10.66870578,145,2628,20.02305771374315,16.192130510657478,21.149866104125977,61428,16.512683868408203,2.1914283945432753e-15,0.0005
1692,246600,95.76,11.5444707,145,2632,18.201064860779113,7.122227514072665,69.70610046386719,61549,16.251516342163086,2.0609427572605135e-15,0.0005
1694,246953,96.11,11.766047400000001,145,2636,24.131408292517133,18.697741969238418,19.178590774536133,61638,16.343975067138672,1.969951725209378e-15,0.0005
1697,247386,96.58,13.497806610000005,145,2640,20.14629838786885,12.85583150606181,17.905536651611328,61746,15.099668502807617,1.864913498760977e-15,0.0005
1700,247746,96.84,11.002601990000002,145,2644,21.078219696311848,20.162537144346945,38.43866729736328,61836,14.589309692382812,1.7816730299354553e-15,0.0005
1702,248055,96.04,11.010558820000004,145,2648,22.679635045270786,23.587115726898737,69.37306213378906,61913,16.00227165222168,1.7134117035074153e-15,0.0005
1704,248451,96.34,11.218921570000003,145,2652,22.863351270380885,18.84970853756261,29.329355239868164,62012,15.352300643920898,1.6294758206321976e-15,0.0005
1707,248873,97.06,10.53185073,145,2656,23.21529669058005,18.33156638095965,20.471935272216797,62118,11.207354545593262,1.5441580035035346e-15,0.0005
1710,249299,98.21,9.89712611,145,2660,23.547125224636652,22.263619535604978,51.45867919921875,62224,16.116300582885742,1.463307226380454e-15,0.0005
1712,249606,97.52,7.75668954,145,2664,25.30664250051381,25.446059988671973,19.09839630126953,62301,13.124481201171875,1.4072435979093495e-15,0.0005
1714,249983,96.37,8.051018249999998,145,2668,22.52650451094913,20.65611638571324,31.639083862304688,62395,12.912111282348633,1.341705482406732e-15,0.0005
1717,250329,95.9,6.578366749999999,145,2672,23.701432245368004,24.023137466174852,60.56907272338867,62482,15.57244873046875,1.2837707581551429e-15,0.0005
1720,250734,96.1,6.397699979999999,145,2676,23.32151777017761,14.395150700667845,28.655994415283203,62583,13.54007339477539,1.2196437995426511e-15,0.0005
1723,251168,96.99,6.308921899999999,145,2680,23.237811112495162,18.68773630945623,51.61066818237305,62691,12.366131782531738,1.1546122097424918e-15,0.0005
1724,251491,96.66,6.638406989999997,145,2684,18.730543796518386,20.24541173928104,102.94085693359375,62772,12.1610107421875,1.1081242887400972e-15,0.0005
1729,252060,98.36,6.421862709999998,145,2688,23.141492405005522,20.303942524039243,23.0556640625,62914,12.722583770751953,1.0310980771321065e-15,0.0005
1732,252523,99.33,6.181478469999998,145,2692,24.293246533805547,25.749936491849162,15.591714859008789,63030,11.804539680480957,9.72165865706007e-16,0.0005
1734,252993,100.75,4.7876789099999995,145,2696,20.877310856632977,21.10887137027637,101.63449096679688,63148,15.666985511779785,9.15672368014171e-16,0.0005
1738,253419,100.67,5.114999219999999,145,2700,20.494115001367067,17.61151624226631,35.84062194824219,63254,15.724478721618652,8.677286620732423e-16,0.0005
1741,253791,99.92,3.21017988,145,2704,19.75451963647695,16.012244239598413,58.363426208496094,63347,13.67484188079834,8.277366896829001e-16,0.0005
1744,254165,100.42,2.382848829999998,145,2708,22.483659703264905,13.933150013617622,22.52544403076172,63441,12.150148391723633,7.891873732204097e-16,0.0005
1745,254450,100.25,2.2189198999999977,145,2712,23.02126129797476,18.862811520821463,34.110443115234375,63512,11.814934730529785,7.612650379932901e-16,0.0005
1748,254820,99.47,-0.02941542000000027,145,2716,19.458754285620504,15.084657292918727,24.757553100585938,63604,12.466684341430664,7.265482809193293e-16,0.0005
1751,255206,99.48,-2.33715106,145,2720,21.01531586658556,16.35134291762486,39.91691589355469,63701,13.624271392822266,6.916579350307406e-16,0.0005
1754,255744,99.88,-1.8305185800000001,145,2724,23.109677852761564,27.35927370993816,32.96647644042969,63835,13.38941478729248,6.461979943889575e-16,0.0005
1757,256039,99.25,-3.230157579999999,145,2728,23.232341029335196,25.53303359290886,125.18806457519531,63909,11.514116287231445,6.223867865108959e-16,0.0005
1759,256457,98.57,-2.6203236000000016,145,2732,18.632880661272285,9.990250390762569,29.561351776123047,64014,14.661648750305176,5.900984728967132e-16,0.0005
1762,256857,99.04,-0.5467700600000016,145,2736,21.75206178876206,19.388655116572007,19.76494026184082,64114,12.75670051574707,5.609063823421002e-16,0.0005
1765,257228,98.42,0.1915575899999991,145,2740,25.19605559844267,27.433016112509552,28.18714714050293,64206,10.432432174682617,5.353267814284083e-16,0.0005
1769,257802,100.56,2.184816979999999,145,2744,19.538415108433064,17.469060720158755,28.35138511657715,64350,9.859539985656738,4.976107865673385e-16,0.0005
1773,258230,101.75,2.312438859999999,145,2748,23.542250436557342,22.362561349226883,33.3681640625,64457,14.080047607421875,4.713171898186705e-16,0.0005
1777,258668,102.17,2.288034699999999,145,2752,22.512374281622304,14.248276014798082,21.598838806152344,64566,10.409923553466797,4.459601468118698e-16,0.0005
1779,259071,101.98,2.739858499999998,145,2756,23.217206797510872,17.707212191447564,26.297739028930664,64667,9.712512969970703,4.236835773457757e-16,0.0005
1783,259559,102.6,2.8235345499999993,145,2760,20.39817757508766,11.176234605071716,18.418697357177734,64789,8.060274124145508,3.9825382185440907e-16,0.0005
1784,259833,102.27,3.1102375799999997,145,2764,22.807802035732596,23.202559946090595,49.4957275390625,64858,11.234940528869629,3.8455319628146877e-16,0.0005
1786,260183,102.0,3.6570058799999994,145,2768,21.89905986148595,21.056076428908373,26.377906799316406,64945,9.859357833862305,3.679482270812915e-16,0.0005
1788,260466,101.37,4.06558103,145,2772,20.8904480380071,18.315884718199595,21.728260040283203,65016,7.551473617553711,3.549298071380257e-16,0.0005
1791,260834,101.0,4.755091879999998,145,2776,24.072773803383253,20.39482473291072,59.593017578125,65108,8.261703491210938,3.3874356338136767e-16,0.0005
1793,261101,99.33,2.242051379999999,145,2780,23.104209871062185,26.152650508396484,149.65689086914062,65175,9.701879501342773,3.274222533572647e-16,0.0005
1794,261373,98.82,0.04704805999999905,145,2784,23.201029746262012,22.969236218053844,14.343153953552246,65243,8.60456657409668,3.163187896192837e-16,0.0005
1797,261745,96.85,0.3233158699999995,145,2788,22.443771294857928,14.821841448140825,28.178619384765625,65336,9.531756401062012,3.017402408662939e-16,0.0005
1800,262091,95.68,0.39132202000000027,145,2792,21.330806742584492,21.03253318385534,29.56909942626953,65422,8.35201644897461,2.8885763736216446e-16,0.0005
1801,262368,93.75,1.8243698000000006,145,2796,23.942342759884273,19.43242369122223,22.84960174560547,65491,9.281031608581543,2.789204321134342e-16,0.0005
1803,262603,91.84,-2.25641698,145,2800,23.776978208225543,20.81189846946957,19.73372459411621,65550,8.543594360351562,2.706949481022069e-16,0.0005
1804,262856,90.65,-4.602288809999999,145,2804,20.425536540603915,17.13783576305662,11.840631484985352,65613,8.601070404052734,2.621794611856634e-16,0.0005
1807,263252,90.87,-4.259615589999999,145,2808,23.620555272052364,21.727624580772066,41.44597244262695,65712,11.78448486328125,2.4933592707622606e-16,0.0005
1810,263621,91.71,-1.8447544899999995,145,2812,19.357708436294814,18.442038169786887,81.11602783203125,65805,10.838727951049805,2.37844495778623e-16,0.0005
1812,263981,91.61,0.59345791,145,2816,23.81067664381535,25.15331943694486,22.05074691772461,65895,10.243661880493164,2.2722828774355e-16,0.0005
1814,264358,91.52,3.133064910000001,145,2820,23.88001931795381,17.35630199238686,14.032170295715332,65989,9.824605941772461,2.166458154425794e-16,0.0005
1817,264698,89.54,3.872995420000002,145,2824,22.031277921917706,19.910014710569484,47.22107696533203,66074,13.385168075561523,2.07501512441818e-16,0.0005
1820,265029,89.9,6.4799504,145,2828,25.08180304034143,26.887822107778714,22.04399871826172,66157,10.02547836303711,1.9894497089711227e-16,0.0005
1821,265248,87.91,4.55538353,145,2832,25.0523309106128,26.444574690494328,32.50514221191406,66211,7.540391445159912,1.935684292644156e-16,0.0005
1824,265535,86.78,5.1000032499999985,145,2836,22.781874010824854,22.255089119666525,81.56354522705078,66283,10.190568923950195,1.8662504873286588e-16,0.0005
1825,265946,87.18,4.850799069999999,145,2840,22.552331167755895,18.728915486411918,17.237991333007812,66386,10.30756664276123,1.7712292725144874e-16,0.0005
1829,266344,85.42,2.8318537499999996,145,2844,22.01624092634639,12.840992207302362,29.878662109375,66485,9.473918914794922,1.684461070282329e-16,0.0005
1832,266713,84.83,2.9831485799999995,145,2848,21.902612341094624,25.060897290181646,46.19685363769531,66578,10.269501686096191,1.6068274566418181e-16,0.0005
1835,267099,84.31,0.8545813099999987,145,2852,21.033889623094286,17.61683630634416,38.67205810546875,66674,9.439151763916016,1.5304405696205472e-16,0.0005
1836,267433,83.62,1.3044344299999988,145,2856,23.213496845821183,21.49564421930172,50.97368240356445,66758,8.722237586975098,1.4665869908917818e-16,0.0005
1839,267707,81.48,-0.6342114300000015,145,2860,20.780898409539606,23.266831072474528,14.860987663269043,66826,7.486477851867676,1.4168523926025615e-16,0.0005
1841,268058,82.25,1.447586449999999,145,2864,22.11969678102017,22.807258666121108,32.26122283935547,66914,8.334911346435547,1.3549852384840054e-16,0.0005
1843,268410,82.27,1.08370339,145,2868,23.232640110072445,23.16018493250959,25.24883460998535,67002,8.299579620361328,1.2958194577227005e-16,0.0005
1846,268745,82.79,3.5261680599999994,145,2872,23.59693720120792,22.41440807423845,17.94150161743164,67086,7.362942695617676,1.2417548005373366e-16,0.0005
1848,269090,82.56,3.7147011499999976,145,2876,21.721344456008794,22.99946512686546,26.342527389526367,67172,5.534992218017578,1.188738876019792e-16,0.0005
1849,269417,83.16,3.9287731899999985,145,2880,19.89937407923017,14.676799564133074,102.11161041259766,67254,10.645081520080566,1.1402982529064006e-16,0.0005
1852,269736,83.63,7.199375150000001,145,2884,21.945576078519718,20.44128223446114,65.56950378417969,67333,10.77656078338623,1.0954978200582836e-16,0.0005
1854,270000,82.55,5.323643889999999,145,2888,23.678535195301603,23.38901989263673,13.696433067321777,67399,7.552775859832764,1.0594220250902329e-16,0.0005
1856,270337,82.46,5.882456029999998,145,2892,23.890014365310655,24.624504760504966,24.218181610107422,67484,7.129263877868652,1.0147054352690042e-16,0.0005
1859,270716,83.48,8.07639223,145,2896,20.12147235452111,19.34660383497899,46.673606872558594,67578,8.946051597595215,9.674486068738498e-17,0.0005
1863,271123,85.2,12.553454020000002,145,2900,20.161311147830595,15.71293774370669,35.570743560791016,67680,5.613895416259766,9.186563327384499e-17,0.0005
1864,271396,85.4,15.132396960000001,145,2904,21.45956773678676,22.631040219767904,32.54541778564453,67748,8.536918640136719,8.875030565084777e-17,0.0005
1867,271756,85.04,13.19885912,145,2908,22.77540488643463,15.645814156465153,32.265872955322266,67838,8.636946678161621,8.478892446244152e-17,0.0005
1870,272062,84.41,13.901966519999998,145,2912,25.029803153887134,24.610165124574593,24.464561462402344,67915,7.76729679107666,8.154040752593347e-17,0.0005
1871,272352,83.71,11.289601439999998,145,2916,23.59800991946302,23.338994366905347,12.618654251098633,67987,7.678199768066406,7.861551673228067e-17,0.0005
1873,272686,83.28,11.25042934,145,2920,22.560863035931423,24.500204995883706,164.35919189453125,68071,7.834168910980225,7.53354875231568e-17,0.0005
1876,273169,84.71,10.68336303,145,2924,22.651584171289247,15.40828939259769,61.45249938964844,68192,10.137296676635742,7.084974661828583e-17,0.0005
1879,273508,84.79,10.693642060000002,145,2928,22.674555671319624,22.205532446163566,31.495107650756836,68276,9.05997085571289,6.789372074637653e-17,0.0005
1880,273823,85.75,12.808826750000003,145,2932,24.70073595552337,23.12617828324072,40.20517349243164,68355,8.156627655029297,6.522628164657473e-17,0.0005
1883,274187,86.52,12.769224130000003,145,2936,20.02553948658688,13.875846942344678,25.039310455322266,68446,7.759777069091797,6.228329214111927e-17,0.0005
1886,274604,86.58,13.070839840000001,145,2940,21.01962150026631,14.976590867993517,36.20924377441406,68550,9.541142463684082,5.908212302287375e-17,0.0005
1888,274941,85.97,15.87671237,145,2944,25.13733387245465,27.789655931620903,57.41148376464844,68635,10.919902801513672,5.658835214703868e-17,0.0005
1890,275200,84.87,11.295117960000002,145,2948,20.068023156031565,16.378844047156804,34.06980895996094,68699,8.32699203491211,5.478040664323868e-17,0.0005
1894,275727,86.28,13.292053370000003,145,2952,24.126808372241644,22.8330931862568,82.62588500976562,68831,7.610454559326172,5.1231864681112747e-17,0.0005
1897,276060,86.27,10.1888736,145,2956,21.58363302436161,14.874991557495115,29.223251342773438,68914,7.555379867553711,4.9119261940264565e-17,0.0005
1899,276488,87.81,12.65142692,145,2960,21.85399880220561,23.544770692663985,51.737152099609375,69021,9.874689102172852,4.652381402353448e-17,0.0005
1902,276738,86.8,10.55143851,145,2964,22.092284679391682,17.88548738063424,28.000322341918945,69084,7.955597877502441,4.506027013085461e-17,0.0005
1904,277029,86.19,8.517798650000001,145,2968,21.469357479204266,17.529477450806528,22.86193084716797,69157,10.005733489990234,4.342190327007288e-17,0.0005
1905,277305,85.6,7.197651669999996,145,2972,20.021128522629482,20.146577294787075,18.467695236206055,69226,6.677664756774902,4.1928114345475616e-17,0.0005
1908,277592,85.02,6.813047539999999,145,2976,25.671513315443942,29.308153383901413,45.676551818847656,69297,6.260200500488281,4.0444651943645466e-17,0.0005
1909,277844,84.27,8.223702229999999,145,2980,24.02846548625814,29.675135087339083,21.999814987182617,69360,6.314356803894043,3.9172348899865403e-17,0.0005
1912,278224,84.88,9.563498029999998,145,2984,21.215204436505537,16.52958157904879,110.08277893066406,69455,6.948407173156738,3.732906954901959e-17,0.0005
1915,278628,86.28,11.730828149999997,145,2988,21.933708591280634,15.218644742751936,89.9089584350586,69556,7.818525314331055,3.546440592497805e-17,0.0005
1918,279071,87.34,11.371983149999998,145,2992,21.812949272679766,21.430829415097005,23.334327697753906,69667,8.877593994140625,3.35223744438832e-17,0.0005
1919,279395,86.79,11.77425918,145,2996,21.01644151213465,21.67844869103167,24.91191291809082,69748,5.811193466186523,3.217267376454778e-17,0.0005
1921,279711,85.88,12.144201169999999,145,3000,25.057205436040256,27.160389806094273,19.544452667236328,69827,7.321625709533691,3.0908659070505497e-17,0.0005
1924,280045,86.49,12.968353749999999,145,3004,21.625966321124405,12.68854912427862,20.44214630126953,69911,4.132087707519531,2.9619074569367976e-17,0.0005
1926,280470,87.14,15.156673309999999,145,3008,22.79002100854744,24.329712036100002,29.35009002685547,70017,8.764759063720703,2.806824657845151e-17,0.0005
1929,280802,87.4,14.846772640000005,145,3012,23.307233794790562,24.524681462339515,44.85053634643555,70100,7.169442176818848,2.691082237814281e-17,0.0005
1931,281172,88.2,17.51897182,145,3016,23.95111477703299,25.39425409675958,25.17743492126465,70192,9.246856689453125,2.5683580825412185e-17,0.0005
1934,281525,88.39,17.484293559999998,145,3020,22.382336677292095,16.877739720576713,25.74127960205078,70281,9.170181274414062,2.4549643591416317e-17,0.0005
1935,281786,86.17,16.789905670000003,145,3024,24.32030449112599,22.222019722436833,22.10638427734375,70346,9.100066184997559,2.3753247332540063e-17,0.0005
1938,282177,86.69,16.364789220000002,145,3028,23.53022626118344,15.439803091962785,12.997694969177246,70444,4.254642486572266,2.2601098890178228e-17,0.0005
1939,282475,86.52,15.272612020000002,145,3032,20.787639128050134,16.276211125903384,64.80583953857422,70518,6.693359851837158,2.1768288486376164e-17,0.0005
1942,282830,86.43,15.195113059999997,145,3036,22.942198840506418,19.70787071381881,50.61101531982422,70607,7.3029913902282715,2.0807213802430403e-17,0.0005
1944,283151,85.47,15.42461983,145,3040,22.839811998418693,20.040019221790146,15.562787055969238,70687,4.578371047973633,1.9979593129791497e-17,0.0005
1945,283415,84.74,11.795662979999998,145,3044,21.937281383440567,18.448425462577138,35.384605407714844,70753,7.588297367095947,1.9321642090038243e-17,0.0005
1947,283691,84.91,16.785389459999998,145,3048,25.286439140352343,27.06664804347591,21.35323715209961,70822,4.8744001388549805,1.8656944565209007e-17,0.0005
1949,283997,82.7,17.1676366,145,3052,21.526226491850498,18.796880347603903,151.05906677246094,70899,5.577535152435303,1.7942139747593758e-17,0.0005
1951,284329,82.69,20.649679220000003,145,3056,21.19044532694292,23.708912541853348,23.254058837890625,70982,6.214588165283203,1.7202276320501828e-17,0.0005
1954,284684,81.96,20.576379850000002,145,3060,22.821938732686828,25.21776979664291,116.48397827148438,71070,4.222865104675293,1.6451133458577125e-17,0.0005
1955,284988,82.5,21.71161039,145,3064,25.137975223610912,27.573328785968513,134.22280883789062,71146,6.469931125640869,1.582887029917186e-17,0.0005
1958,285280,82.51,21.913260530000002,145,3068,24.24259986910572,21.425742982904804,24.564199447631836,71219,7.997735023498535,1.5253341190014614e-17,0.0005
1960,285568,82.63,23.62088514,145,3072,25.553159681323134,25.24130901896728,28.63448715209961,71291,6.753508567810059,1.4706197610757738e-17,0.0005
1962,285911,83.19,23.91127216,145,3076,19.886056776385576,18.102579435089787,16.62929344177246,71377,5.161316394805908,1.4078326166799363e-17,0.0005
1964,286186,83.42,25.372519439999998,145,3080,23.715511393612896,20.534237216082104,29.46755027770996,71446,8.675918579101562,1.359400695506589e-17,0.0005
1966,286513,82.89,25.573696549999994,145,3084,24.87042031045739,21.14162142726025,31.838912963867188,71528,5.6114501953125,1.3040057333728928e-17,0.0005
1967,286817,81.89,23.327269350000005,145,3088,21.554086993083732,16.218917989187382,11.33930778503418,71604,6.588411331176758,1.2546816151908458e-17,0.0005
1969,287147,80.76,21.06999666,145,3092,24.945609398431568,25.479429790244954,25.28341293334961,71686,6.416249752044678,1.2035539124011882e-17,0.0005
1972,287524,81.29,20.770247369999996,145,3096,21.877051923065157,20.078612183088612,111.83098602294922,71780,9.70596694946289,1.1475020861430636e-17,0.0005
1974,287858,81.47,18.30670774,145,3100,21.117644878130278,23.62504337281132,51.57792663574219,71864,6.186824798583984,1.0996255340329844e-17,0.0005
1977,288310,82.65,19.60410016,145,3104,21.282510624361972,11.692414780228601,50.49304962158203,71977,5.225729942321777,1.0383558524708754e-17,0.0005
1980,288596,81.26,17.57342092,145,3108,24.28319621114053,24.31165388016079,78.43653869628906,72048,8.618668556213379,1.0016177836171902e-17,0.0005
1981,288897,80.95,16.25958814,145,3112,22.29762660841916,21.62540495995088,26.539081573486328,72124,6.649901390075684,9.63731422637159e-18,0.0005
1983,289237,80.65,14.167338040000004,145,3116,24.2050442462694,21.79342290950074,28.38048553466797,72209,7.420742988586426,9.230538233981288e-18,0.0005
1986,289585,80.6,14.4082942,145,3120,23.152060031169146,18.524897913253458,22.19451904296875,72296,7.137618064880371,8.831964564545062e-18,0.0005
1988,289967,81.81,15.404495619999999,145,3124,22.95814099159292,23.420433100259938,25.789714813232422,72391,6.076157093048096,8.416371654005557e-18,0.0005
1990,290321,81.44,14.61088376,145,3128,22.354852677078817,16.921320009876307,17.508934020996094,72480,6.1498870849609375,8.044786406415098e-18,0.0005
1992,290623,81.48,14.525539480000004,145,3132,22.74627692350988,19.413361162981193,29.4718017578125,72555,7.10371208190918,7.744420582384843e-18,0.0005
1994,290925,80.95,12.399710839999997,145,3136,21.187299090757996,23.310521510255022,27.635108947753906,72631,9.345979690551758,7.451487803338989e-18,0.0005
1996,291218,80.67,12.533032789999998,145,3140,22.174674911482413,21.993378000732452,11.725044250488281,72704,6.192806720733643,7.180555547045208e-18,0.0005
1998,291535,81.2,16.34866825,145,3144,24.216565291921984,26.2358244799587,20.871658325195312,72783,7.536991596221924,6.89844311759216e-18,0.0005
1999,291810,81.19,13.557429390000003,145,3148,25.225210526390377,20.621367182904418,165.13528442382812,72852,3.633805274963379,6.661124172670084e-18,0.0005
2002,292124,81.27,12.230260000000001,145,3152,27.046937996561468,29.59512337151481,14.210664749145508,72930,4.750316619873047,6.4026670407845215e-18,0.0005
2003,292388,80.59,10.940738719999999,145,3156,23.141531694389876,23.600634128154947,128.146240234375,72996,4.267144680023193,6.191820770596286e-18,0.0005
2006,292721,80.37,11.179212,145,3160,24.18878705683149,25.327852537258824,60.00389862060547,73080,6.532707214355469,5.9334831663092375e-18,0.0005
2007,292995,80.07,11.26723058,145,3164,20.74073702090507,22.617088101037552,12.035037994384766,73148,5.981014728546143,5.732268173583263e-18,0.0005
2009,293303,80.23,12.39466755,145,3168,22.7879736258108,21.585313326772937,196.84657287597656,73225,3.5604071617126465,5.512647585047372e-18,0.0005
2013,293725,81.57,9.618342250000001,145,3172,24.47500022551202,28.907423016342975,26.026458740234375,73331,5.9891815185546875,5.224010354922506e-18,0.0005
2016,294073,81.62,9.708414340000001,145,3176,23.621990673435118,27.45557747690131,33.96437072753906,73418,7.031060695648193,4.998438615469601e-18,0.0005
2017,294371,81.85,5.8037997300000015,145,3180,22.051539437850348,16.801292445274413,19.316686630249023,73492,7.754419803619385,4.814254857965788e-18,0.0005
2019,294690,81.77,5.964172110000001,145,3184,24.237023301728797,23.71546241685813,18.613555908203125,73572,6.652016639709473,4.622764614111293e-18,0.0005
2022,295055,82.38,8.31328122,145,3188,24.20276988943731,22.112243807470517,14.230835914611816,73663,8.215963363647461,4.4141868867529844e-18,0.0005
2023,295370,82.23,8.67271379,145,3192,25.83300465093512,27.770019846062517,20.323406219482422,73742,5.280328750610352,4.240760199525117e-18,0.0005
2025,295683,81.59,8.90017767,145,3196,22.279868628483637,23.019794077299913,51.56591796875,73820,8.767644882202148,4.076215364124537e-18,0.0005
2028,296027,81.69,11.012341189999999,145,3200,23.0973360691497,27.51958138950127,34.05317306518555,73906,6.868181228637695,3.902184007868893e-18,0.0005
2029,296353,80.43,10.571531989999999,145,3204,23.240153579127945,22.472801496646106,19.47072982788086,73988,3.6531729698181152,3.743171769995374e-18,0.0005
2032,296635,80.39,12.717063760000004,145,3208,25.474735333390537,28.413815556160483,25.0172176361084,74058,4.301515579223633,3.6125665687181516e-18,0.0005
2034,297001,81.04,13.930518339999999,145,3212,21.604321196226724,17.868817168845894,33.74120330810547,74150,7.358046531677246,3.4478188672723433e-18,0.0005
2035,297298,80.61,16.40077794,146,3216,23.07050518540802,22.538935898966884,62.36111831665039,74224,3.9146971702575684,3.3207730241709363e-18,0.0005
2038,297618,80.33,16.324466379999997,146,3220,24.85251603524002,23.196531585703955,20.21754264831543,74304,5.137152671813965,3.1886867560069375e-18,0.0005
2039,297918,79.51,16.425469269999997,146,3224,24.71901798652148,23.374471397084886,14.122032165527344,74379,4.948324203491211,3.069631684417946e-18,0.0005
2041,298195,78.74,16.313664619999997,146,3228,24.44883015213301,20.99157519309715,21.39311981201172,74448,7.64644718170166,2.9640309122872825e-18,0.0005
2042,298461,78.38,13.704508510000004,146,3232,23.498270418490037,23.94725514327956,29.729259490966797,74515,9.070355415344238,2.8649685893085444e-18,0.0005
2045,298808,78.83,15.96743319,146,3236,21.561675880496857,17.173129214608934,37.18111801147461,74601,4.319698810577393,2.7426507037933374e-18,0.0005
2048,299195,79.77,15.492904800000002,146,3240,18.995155297419583,16.94593094745174,32.996395111083984,74698,3.43043851852417,2.6109430775547347e-18,0.0005
2050,299501,79.66,15.155470869999998,146,3244,24.57089814085759,26.545009919108765,32.795509338378906,74775,4.412933826446533,2.5109098513320126e-18,0.0005
2051,299798,79.88,16.391604149999996,146,3248,23.75061131626921,24.776392412261426,179.50006103515625,74849,5.83029317855835,2.4183870114809656e-18,0.0005
0,300055,79.31,16.669395950000002,245,3252,22.87519530013878,22.585174779476947,24.684432983398438,74913,5.612807273864746,2.3411217248236124e-18,0.0005
1,300378,79.9,16.69067644,202,3256,21.749378911265396,27.37143318465687,35.68402099609375,74994,6.984833717346191,2.246861598891051e-18,0.0005
4,300656,79.35,12.845667799999996,146,3260,19.64214976070724,19.806406821289073,36.71415710449219,75063,6.207777500152588,2.1695657065510333e-18,0.0005
7,301010,80.15,13.910221379999998,135,3264,20.502332728770185,19.22418412541267,42.99700164794922,75152,9.375748634338379,2.073778605207699e-18,0.0005
9,301367,80.64,14.894996680000004,147,3268,22.364389312227715,19.74317714450973,51.40625762939453,75241,8.419938087463379,1.982220671541195e-18,0.0005
12,301685,79.6,16.917418950000002,138,3272,22.546094369399466,21.59466416205734,16.411602020263672,75321,3.9370126724243164,1.9033765038896314e-18,0.0005
15,302024,79.51,16.750165289999998,134,3276,21.33434773333232,17.152724429417837,15.117226600646973,75405,4.72166633605957,1.823963029181478e-18,0.0005
16,302380,80.09,20.32005721,142,3280,21.560134729953987,18.113968177292797,44.46887969970703,75494,6.158337593078613,1.743434721802756e-18,0.0005
19,302698,80.08,18.841005290000002,139,3284,21.929782051192433,24.133996130702048,25.53793716430664,75574,3.1474194526672363,1.6740883453421028e-18,0.0005
22,303073,80.18,18.566528200000004,139,3288,22.89302861325783,24.463099814990333,27.452842712402344,75668,6.040381908416748,1.5961226435010703e-18,0.0005
24,303500,81.3,19.56206509,141,3292,21.046984427597593,14.684070014882197,28.03424835205078,75774,3.4894089698791504,1.5125512420463425e-18,0.0005
26,303854,81.71,19.2462436,145,3296,22.205261843396197,18.11320160089541,22.96173858642578,75863,5.9621992111206055,1.4457716070264412e-18,0.0005
28,304163,81.36,19.615973479999997,145,3300,21.486145247956703,24.96449942418765,26.2838191986084,75940,6.7721357345581055,1.3903796641019808e-18,0.0005
30,304491,81.38,19.02949899,148,3304,22.828610003528816,19.435694978585914,47.09160614013672,76022,3.334937572479248,1.3337223416354675e-18,0.0005
32,304805,81.7,16.68578316,147,3308,21.56802067651869,19.913771212337732,13.654399871826172,76101,2.9640769958496094,1.2813225177817646e-18,0.0005
35,305157,81.56,14.422527810000002,145,3312,21.302535043515086,17.400621878215205,13.014753341674805,76189,3.7751617431640625,1.2253733653171732e-18,0.0005
37,305473,81.75,12.44664302,147,3316,21.275508387195423,21.10092688070914,15.904227256774902,76268,3.0170235633850098,1.1772303162932447e-18,0.0005
40,305831,82.13,12.606894989999999,145,3320,24.462010416625038,22.76402795829698,22.954652786254883,76357,5.2643818855285645,1.1252552496840878e-18,0.0005
42,306091,81.73,10.140983559999997,143,3324,20.679355547997048,17.55179456913859,36.80484390258789,76422,6.423221588134766,1.0887517692521227e-18,0.0005
44,306423,82.28,10.005507470000001,145,3328,21.27572254587686,20.81492162509178,39.97356414794922,76505,6.005989074707031,1.0438559211203477e-18,0.0005
47,306782,83.21,13.68434808,143,3332,20.430808116879405,20.556250625224727,15.812541007995605,76595,4.07166051864624,9.972633187570733e-19,0.0005
50,307133,83.25,10.070048290000003,141,3336,22.437974584440873,21.527246771678374,28.239530563354492,76683,4.919573783874512,9.537175327825614e-19,0.0005
51,307411,82.16,6.646327739999999,142,3340,21.685569022197896,21.329930257931984,41.067527770996094,76752,3.9678661823272705,9.20908034171105e-19,0.0005
54,307760,82.59,6.629616530000001,141,3344,22.043549542752828,20.577410583856402,37.19489288330078,76839,5.657589912414551,8.81143290776573e-19,0.0005
58,308085,82.87,7.82301106,138,3348,22.476567732326636,22.602657678994653,18.152130126953125,76921,3.4082143306732178,8.452371381444477e-19,0.0005
59,308404,83.49,6.283968560000001,140,3352,19.688190813641135,20.36612708331066,129.83384704589844,77000,3.8043603897094727,8.120290935741056e-19,0.0005
62,308750,83.72,5.63061278,140,3356,22.239895311054045,18.944973346266277,147.42434692382812,77087,6.596475601196289,7.769657862873836e-19,0.0005
65,309106,84.5,9.58396979,139,3360,22.827397198938545,22.462819482780887,16.391618728637695,77176,2.90047025680542,7.426625545860212e-19,0.0005
66,309380,83.7,7.297294459999998,140,3364,18.73487572285744,16.821417616949187,99.74018859863281,77244,3.021717071533203,7.174774898731958e-19,0.0005
69,309668,83.01,5.10345231,139,3368,21.256192995814526,17.405524447324467,27.694412231445312,77316,5.204309940338135,6.9174131607725685e-19,0.0005
70,309965,82.8,5.17747615,140,3372,20.771487734995205,25.731808680179096,15.566289901733398,77391,4.1034932136535645,6.659138939199957e-19,0.0005
73,310289,82.65,5.24987624,140,3376,23.32967010921173,23.748527689167048,26.33481216430664,77472,4.463069915771484,6.391023853277378e-19,0.0005
76,310596,82.16,4.577292030000001,137,3380,24.321131692590864,25.911952567770683,88.81214141845703,77548,5.242526054382324,6.149283421186053e-19,0.0005
78,310969,82.71,5.834044160000001,139,3384,21.320948452330878,18.398297249903393,29.072988510131836,77642,4.164757251739502,5.862899017459475e-19,0.0005
81,311364,82.91,5.816102610000001,138,3388,18.381677973306306,23.02788721839574,39.76234436035156,77740,5.524853229522705,5.578519492742573e-19,0.0005
85,311684,81.84,4.58188212,136,3392,21.329114436944607,13.697442006476845,47.49021911621094,77820,3.4560742378234863,5.3566298443888715e-19,0.0005
86,311980,81.26,2.5219308900000015,137,3396,20.710841819922187,16.50593273512907,22.993751525878906,77894,3.7376251220703125,5.159248006621468e-19,0.0005
89,312365,82.02,2.3696778100000007,137,3400,24.587482618059703,24.614680190686723,17.88418197631836,77991,1.2682223320007324,4.9114898355738195e-19,0.0005
93,312741,82.5,3.5354139999999994,136,3404,24.084166440732815,21.494699230460007,21.178375244140625,78085,3.8578333854675293,4.682752682711828e-19,0.0005
95,313086,82.81,5.638771729999999,136,3408,22.206379679509695,23.641221237858797,18.35844612121582,78171,5.103027820587158,4.482825196609292e-19,0.0005
97,313429,82.72,5.13440413,137,3412,23.96088396752268,19.66313452107083,18.66057777404785,78257,7.166035175323486,4.2914344729222457e-19,0.0005
100,313761,82.88,5.3435787,136,3416,19.616541429508892,17.49231739900499,88.26846313476562,78340,5.658205986022949,4.114472364057538e-19,0.0005
103,314065,82.34,5.177126770000001,136,3420,22.630351447584406,22.7813640997417,24.177412033081055,78416,4.1890387535095215,3.9588424677087486e-19,0.0005
104,314393,83.02,7.637695780000001,137,3424,23.04291861552376,23.2025584183894,121.68567657470703,78498,5.741458892822266,3.797521310251653e-19,0.0005
107,314714,82.91,8.727014310000001,136,3428,20.52026837759661,19.10415953617546,26.0760440826416,78578,3.764197826385498,3.6464721850388173e-19,0.0005
111,315057,82.75,8.79708343,135,3432,21.751752810523918,20.718879125374585,26.062036514282227,78664,3.5287342071533203,3.490788521950212e-19,0.0005
112,315333,82.0,8.63178857,136,3436,20.342730557656388,17.96753354042249,21.332111358642578,78733,5.534966945648193,3.3706992161015877e-19,0.0005
115,315642,82.31,12.265251490000002,135,3440,24.959816437291476,25.620481900649054,18.756471633911133,78810,2.6028947830200195,3.241557193930395e-19,0.0005
116,315974,82.14,12.336794280000001,136,3444,19.3681179347266,24.243800119807258,24.379108428955078,78893,4.837163925170898,3.107888167363064e-19,0.0005
120,316410,83.25,12.34708156,136,3448,21.739945603582914,20.141509824034035,14.235365867614746,79002,2.455711841583252,2.9406826538234193e-19,0.0005
123,316761,83.57,14.758551659999998,135,3452,21.07166333613907,21.45838177540765,20.33242416381836,79090,2.620673418045044,2.81227708089134e-19,0.0005
126,317064,83.14,15.03683616,135,3456,19.33626216073076,22.92218826274722,18.193485260009766,79165,1.0255014896392822,2.7072758079096244e-19,0.0005
127,317362,82.56,13.700331919999996,135,3460,20.417721929678788,20.249563441534548,17.815393447875977,79240,3.6137378215789795,2.6061951125374686e-19,0.0005
130,317721,83.41,15.48409152,135,3464,23.057551621667642,23.13893762991063,14.355504989624023,79330,3.3131885528564453,2.4898674105244292e-19,0.0005
133,318022,83.54,16.457020139999997,135,3468,22.37034550957131,20.816372135307443,20.803491592407227,79405,1.7387844324111938,2.3969036834068915e-19,0.0005
135,318377,84.12,16.729509300000004,136,3472,19.449960501725364,16.062757357229167,82.90594482421875,79494,1.0046076774597168,2.2910798827035685e-19,0.0005
138,318768,84.79,16.415045780000003,135,3476,22.533915903310902,21.719826773366655,24.211627960205078,79591,2.28452205657959,2.1810573649097145e-19,0.0005
140,319075,84.79,15.585290340000002,135,3480,21.398175235754664,17.65635040821949,55.64555358886719,79668,4.840380668640137,2.0974944162068713e-19,0.0005
142,319466,84.97,15.082152800000003,136,3484,22.13798882884924,19.255483630914817,38.788230895996094,79766,2.592238426208496,1.995755595259853e-19,0.0005
145,319839,84.75,15.021574649999998,136,3488,21.019123677363332,23.489698007196697,136.15162658691406,79859,2.7624197006225586,1.903775049848517e-19,0.0005
148,320109,84.25,14.868219219999999,135,3492,17.852017481942898,15.490692284618932,25.220951080322266,79927,3.2360036373138428,1.839214637014519e-19,0.0005
149,320375,83.95,13.515009090000003,136,3496,18.794434696536538,17.747890847070202,24.692039489746094,79993,4.815184593200684,1.7786474385876206e-19,0.0005
152,320745,83.8,11.960605540000001,135,3500,19.953046798862744,17.50352481138271,18.21371078491211,80086,1.867978572845459,1.6966729351548205e-19,0.0005
155,321070,83.29,9.338795990000001,135,3504,19.693877754904957,16.05752119970837,59.89463806152344,80167,2.22617769241333,1.6283602242671288e-19,0.0005
157,321455,83.69,9.56938536,135,3508,22.86270614242593,25.980010788340678,30.704208374023438,80263,2.3553061485290527,1.55094968986409e-19,0.0005
160,321776,83.47,12.191602660000001,135,3512,22.58536998378812,22.05453048602762,31.836685180664062,80343,4.431199550628662,1.4892594645086802e-19,0.0005
164,322155,83.94,11.907667510000001,134,3516,21.61360700547244,18.15330936741459,24.028593063354492,80438,4.548961639404297,1.4191816277419827e-19,0.0005
166,322434,83.69,9.63463793,135,3520,19.63983568483429,20.815321367273274,35.73297882080078,80508,3.3479318618774414,1.369664140582115e-19,0.0005
168,322726,83.33,6.97263157,134,3524,21.256981398414958,19.454391376428532,56.31542205810547,80581,5.2403364181518555,1.3198638610503306e-19,0.0005
170,323018,83.04,4.8551918,134,3528,23.650427581513178,25.28687356436865,20.19475555419922,80654,1.9703798294067383,1.2718743315782132e-19,0.0005
173,323459,84.02,4.927554450000001,135,3532,21.98516116209163,18.671348113416673,23.737218856811523,80764,3.3161814212799072,1.202836674431801e-19,0.0005
176,323813,84.8,6.183444930000002,134,3536,20.80268307855625,15.282537479812628,152.21469116210938,80853,4.546408653259277,1.1497311621180139e-19,0.0005
180,324199,85.57,6.279894060000001,134,3540,22.956267007146963,17.36209485268491,34.463111877441406,80949,3.788620948791504,1.0950741691678069e-19,0.0005
182,324569,85.95,3.7528151400000014,134,3544,21.706977189624148,20.15854244356842,20.278392791748047,81042,2.4007997512817383,1.0446043257042521e-19,0.0005
184,324989,85.79,3.3722899900000005,135,3548,19.63835076656183,14.197543798797382,25.221416473388672,81147,2.3633272647857666,9.904121048607233e-20,0.0005
188,325362,86.01,1.0762371100000008,134,3552,21.762652817086735,14.110518374120508,19.76389503479004,81240,0.49362367391586304,9.447658875910891e-20,0.0005
191,325693,86.29,1.9293093400000003,134,3556,22.83143320233847,20.064379656474866,118.3072509765625,81323,7.056185722351074,9.058074255739461e-20,0.0005
195,326087,87.25,2.7743250699999993,133,3560,23.28342771180895,24.516433678115366,27.200639724731445,81421,5.750009059906006,8.618712749737945e-20,0.0005
196,326369,86.48,3.0823996500000006,134,3564,22.174614913833885,25.374040661705692,21.355823516845703,81492,1.3509857654571533,8.313773263155125e-20,0.0005
199,326684,86.62,3.6848709200000007,133,3568,21.453325944259017,27.463804271697843,40.16958999633789,81570,3.29848575592041,7.991192211305051e-20,0.0005
201,326986,86.09,3.241638990000001,134,3572,24.000538950569815,27.62664013983059,27.345237731933594,81646,1.9976246356964111,7.688924259606836e-20,0.0005
204,327328,85.6,3.408915050000002,133,3576,23.45495356945249,21.36828705640167,18.880741119384766,81731,-0.985224723815918,7.364387054855045e-20,0.0005
207,327605,85.3,1.0400768699999998,133,3580,20.895437375442622,21.150177286585258,30.14094352722168,81801,4.789754867553711,7.107431798618543e-20,0.0005
208,327940,84.74,-0.8734943300000003,133,3584,21.55079416294747,22.80506343324751,96.03482818603516,81884,2.6529932022094727,6.814348782893934e-20,0.0005
212,328348,85.09,-0.7768589200000003,133,3588,18.51995367141214,12.809096854286054,14.082686424255371,81986,2.4665310382843018,6.470673979188904e-20,0.0005
215,328678,85.69,1.6188747299999988,133,3592,19.355609086648254,21.14427839328688,43.00201416015625,82069,5.437799453735352,6.203848778034026e-20,0.0005
218,329024,86.49,4.981638559999999,132,3596,20.533793523320725,19.99458310812226,14.746071815490723,82155,1.2843475341796875,5.938979729780864e-20,0.0005
219,329384,86.39,5.888040169999997,133,3600,21.924645113516558,19.7886286559265,37.16820526123047,82245,0.179538756608963,5.673892900382054e-20,0.0005
223,329799,87.29,7.68526497,133,3604,21.426685136152525,18.96057874434103,17.377145767211914,82349,1.2583646774291992,5.382271991013618e-20,0.0005
226,330200,87.45,7.4642586600000005,133,3608,20.53071098238499,14.497248561289958,19.322750091552734,82449,-0.39398062229156494,5.116011599120748e-20,0.0005
229,330528,87.52,7.0437524599999985,133,3612,23.412378393163074,22.882606737599744,20.799060821533203,82531,2.195413112640381,4.907536235363243e-20,0.0005
230,330858,87.03,6.565977119999999,133,3616,20.158846914961803,18.23260748276453,29.488780975341797,82614,0.7215662002563477,4.705168437206705e-20,0.0005
233,331263,88.29,8.49360844,133,3620,20.883025276776838,16.457796430307386,114.34803771972656,82715,2.610365867614746,4.470135729024846e-20,0.0005
236,331613,88.87,10.57681713,133,3624,22.8061478157029,23.26995689939668,41.72380828857422,82803,3.392141819000244,4.2749463076216203e-20,0.0005
240,332055,90.37,12.42896581,133,3628,22.71472879203133,21.109324742318698,37.24523162841797,82913,-0.7359760999679565,4.0429011431677554e-20,0.0005
244,332521,90.62,12.20415697,132,3632,17.97791452172979,17.57401760728545,28.118379592895508,83030,2.607030153274536,3.8098963199563584e-20,0.0005
246,332872,90.59,14.48268637,133,3636,21.337566875813888,16.750728022395073,23.952621459960938,83117,0.5402989387512207,3.6453856057560465e-20,0.0005
249,333293,90.94,14.07328621,133,3640,20.725316553994283,13.473761969949358,113.09736633300781,83223,3.291661262512207,3.4545162643488496e-20,0.0005
252,333683,91.14,16.317616469999997,133,3644,23.482602543481192,21.171035366423723,28.25635528564453,83320,-0.05340474843978882,3.288623576914206e-20,0.0005
254,333998,90.09,14.856376699999997,133,3648,16.687839708154993,12.126970727320572,27.546751022338867,83399,1.009631872177124,3.1594189345857034e-20,0.0005
256,334286,89.24,12.433588539999999,133,3652,21.991403589602218,17.15645091772773,30.704055786132812,83471,0.06650251150131226,3.0460893745522566e-20,0.0005
259,334584,88.91,10.405723600000002,133,3656,19.628367660799388,13.40987306208562,16.236980438232422,83545,-0.8361546993255615,2.933846458425066e-20,0.0005
262,335052,89.65,10.490397479999997,133,3660,19.87876939229983,14.78723781001701,15.355249404907227,83662,-0.8318892121315002,2.7647597552267167e-20,0.0005
264,335328,89.59,9.44733434,133,3664,22.383115183757248,19.172809421846896,21.41208267211914,83731,2.9011006355285645,2.669647071038903e-20,0.0005
267,335717,90.33,10.10334129,133,3668,22.1569895741645,19.28093138664053,74.7939453125,83829,1.7887229919433594,2.5401561466702747e-20,0.0005
270,336107,91.21,10.350420949999998,133,3672,23.15520683567712,20.372090015378202,47.904693603515625,83926,3.348910093307495,2.418172694154132e-20,0.0005
272,336429,91.01,6.278631399999999,133,3676,22.355535117070275,25.2139895001273,198.50860595703125,84007,0.7430742979049683,2.3208103048823728e-20,0.0005
275,336834,92.29,10.11249591,133,3680,23.420340397104418,23.250092639307418,48.8182258605957,84108,3.104079246520996,2.2048811035917794e-20,0.0005
278,337173,92.33,9.382469559999999,133,3684,22.053988999337342,19.395405457074496,74.85101318359375,84193,1.7060027122497559,2.1118164992136014e-20,0.0005
281,337547,91.99,7.3107621499999995,133,3688,18.772686029368117,15.73944542530183,117.68417358398438,84286,-0.773590087890625,2.0144865832432335e-20,0.0005
285,338023,93.45,7.186705800000001,133,3692,19.938203706677243,14.26131761596203,30.656206130981445,84405,-1.0268845558166504,1.8964603498528475e-20,0.0005
287,338434,94.1,7.291497210000001,133,3696,19.26485322348089,13.409707110363357,30.680124282836914,84508,2.8200771808624268,1.7999010689453463e-20,0.0005
290,338860,94.76,7.68737198,133,3700,22.48584567685839,17.82318250483119,30.630306243896484,84614,3.3951611518859863,1.7056598324575544e-20,0.0005
294,339262,94.63,8.104121930000002,133,3704,20.888676850281502,17.866991524330313,45.84013366699219,84715,0.5161954760551453,1.6204586137774586e-20,0.0005
297,339628,94.28,5.78503851,133,3708,18.98620485525083,20.05799143335069,18.268844604492188,84806,-0.5910898447036743,1.5473440871221538e-20,0.0005
298,339894,93.66,3.996904320000001,133,3712,23.179581969681735,23.653299219957937,27.29357147216797,84873,0.12842246890068054,1.4956296276423908e-20,0.0005
301,340195,93.37,3.8252813400000014,133,3716,21.9855390375258,20.12776754219863,53.09601593017578,84948,2.331293821334839,1.439787666152959e-20,0.0005
303,340461,91.98,0.271198830000001,133,3720,22.49690418400463,20.13612609199143,25.33213233947754,85015,-0.1614370495080948,1.3916677264873937e-20,0.0005
307,340898,92.85,0.4984713000000008,133,3724,21.7147190368863,15.864485513264798,24.60262680053711,85124,2.563917875289917,1.3167955218097704e-20,0.0005
310,341236,91.81,0.6244397000000013,132,3728,23.560264503506094,24.72450847614033,49.77829360961914,85208,0.3832893669605255,1.2618556233965475e-20,0.0005
314,341637,91.16,0.8436740699999984,132,3732,22.66458889096176,20.516182454291492,40.067901611328125,85309,0.16856718063354492,1.198823329809013e-20,0.0005
317,342073,92.01,0.9141800699999983,132,3736,23.981911094853675,27.658499904551718,53.15925598144531,85418,2.0892484188079834,1.1343262641465349e-20,0.0005
319,342415,91.22,1.1496907599999995,132,3740,21.87039665327499,20.737096507393925,82.65084075927734,85503,0.9853571653366089,1.0864480163161999e-20,0.0005
323,342815,91.32,-1.88629413,132,3744,21.541063210524733,22.537390985881174,40.337158203125,85603,1.0926707983016968,1.0327015521187835e-20,0.0005
326,343184,91.86,-0.4922672699999985,132,3748,22.373162411559353,18.17510677101543,45.47837829589844,85695,1.2816054821014404,9.856062178135329e-21,0.0005
328,343487,92.01,2.8437541700000013,132,3752,20.81261437520253,22.09474218161152,36.336700439453125,85771,0.18541407585144043,9.483256561260368e-21,0.0005
330,343778,91.94,5.23852011,132,3756,21.648490420807384,24.077010889670465,51.030391693115234,85844,1.3797316551208496,9.1384506850029e-21,0.0005
334,344164,91.12,5.146918639999999,131,3760,20.35257362911346,14.896250476085953,21.772193908691406,85940,0.009746432304382324,8.704017689112037e-21,0.0005
336,344495,91.67,4.777574719999999,132,3764,20.528318290813708,17.916731682846702,17.754043579101562,86023,2.926593780517578,8.345098043652883e-21,0.0005
340,344880,91.63,3.12229762,131,3768,16.726472150131535,7.9918860825204705,47.75812530517578,86119,1.8568634986877441,7.948380929402744e-21,0.0005
343,345238,91.31,2.97307861,131,3772,20.361746382055845,16.95891212407744,120.2767562866211,86209,-1.9523605108261108,7.593604457148457e-21,0.0005
346,345646,92.17,6.984422399999999,131,3776,22.012875662072204,20.11548924392224,47.32861328125,86311,0.49981924891471863,7.210628719265642e-21,0.0005
349,346013,91.79,6.840986439999998,131,3780,21.750414622699623,21.666936476658755,24.990400314331055,86403,-0.03939124941825867,6.881794537413836e-21,0.0005
351,346377,92.04,8.881667479999999,131,3784,20.043133584816385,15.626228165216155,27.003114700317383,86494,1.8860745429992676,6.571290403286393e-21,0.0005
354,346700,91.53,8.82260332,131,3788,20.47827897758973,14.971332888015812,28.233211517333984,86574,-1.4088480472564697,6.309913042726357e-21,0.0005
357,347145,91.22,8.858697269999999,131,3792,21.63019001148726,21.05055038879669,18.03052520751953,86686,-2.003236770629883,5.961356984834341e-21,0.0005
361,347555,91.21,6.1906227499999975,131,3796,19.948818995304002,11.721699169654949,22.006267547607422,86788,0.915028989315033,5.660702277668674e-21,0.0005
363,347920,90.6,6.189008709999999,131,3800,21.860027375997234,14.721084042117738,21.960744857788086,86879,1.6928377151489258,5.405293299878021e-21,0.0005
366,348311,90.49,6.279785129999998,131,3804,19.639801524448778,17.31146901728748,18.1461181640625,86977,-1.8054594993591309,5.1431097613381725e-21,0.0005
370,348748,91.2,8.389393429999998,131,3808,23.040793095987322,17.537476085925046,53.161529541015625,87086,-0.3880353271961212,4.866408960709948e-21,0.0005
373,349087,91.93,9.71422779,131,3812,22.567455619636494,16.30704337943,140.43795776367188,87171,1.6134247779846191,4.6610052319907564e-21,0.0005
375,349425,92.3,10.731078199999999,131,3816,21.498162239060164,15.187507511749319,26.08608055114746,87256,0.7293590307235718,4.464271147728816e-21,0.0005
378,349825,93.64,11.901188909999998,131,3820,21.644023407810728,19.40628740694568,34.31764602661133,87356,3.0626039505004883,4.243424021596744e-21,0.0005
381,350262,93.64,11.487430760000002,131,3824,19.19120451512518,13.711501380888484,14.998234748840332,87465,-0.7847312688827515,4.0151262114999434e-21,0.0005
384,350583,93.47,11.306894040000001,131,3828,21.62146536256667,23.915078476778554,29.306001663208008,87545,-0.005537927150726318,3.8554217882436054e-21,0.0005
386,350958,93.21,11.23247759,131,3832,22.085635698124904,20.04706138372109,23.062313079833984,87639,-0.5876891613006592,3.675867453666696e-21,0.0005
389,351339,92.66,11.255221530000002,131,3836,22.125987730666896,16.178411075124234,22.74213409423828,87734,-3.407491445541382,3.502897040557182e-21,0.0005
392,351741,93.26,11.304064420000001,131,3840,24.569621349397973,26.217486454351913,31.230682373046875,87835,0.31517714262008667,3.327920270175765e-21,0.0005
396,352162,93.47,14.452176740000002,131,3844,23.164326052527308,26.42466460947391,21.164180755615234,87940,0.9715339541435242,3.1552737822865968e-21,0.0005
400,352602,94.18,13.10565477,131,3848,22.03273796935013,23.50354617796188,27.801603317260742,88050,2.13385272026062,2.9840047843774636e-21,0.0005
404,353025,95.38,13.274554960000003,131,3852,20.254106623671422,14.260947860135563,15.214399337768555,88156,-2.1970369815826416,2.82776518967815e-21,0.0005
406,353477,96.99,12.05295755,131,3856,22.333144861193432,16.41661507597719,14.00200080871582,88269,0.4492722451686859,2.67020606418723e-21,0.0005
409,353804,96.4,9.36173632,131,3860,20.58463149979457,20.544416503322886,56.89190673828125,88350,1.1725883483886719,2.5626960105687777e-21,0.0005
412,354192,96.97,10.687189499999999,131,3864,19.984215539041177,21.026033128963757,29.166255950927734,88447,1.2858588695526123,2.439630478180032e-21,0.0005
415,354569,96.89,9.83180875,131,3868,22.341879129931147,20.49677438479078,35.85919952392578,88542,-2.8839707374572754,2.324831905155415e-21,0.0005
417,354938,97.0,8.71597078,131,3872,21.10826924130565,18.897971470719302,20.955310821533203,88634,-0.1419152021408081,2.2188102111840615e-21,0.0005
420,355354,97.08,8.16316148,131,3876,21.96461553715525,12.181906129763487,41.94713592529297,88738,3.230954170227051,2.1047699543704153e-21,0.0005
424,355860,98.47,7.977539560000001,131,3880,17.225191384558514,11.404753248961345,22.110078811645508,88864,0.8314394950866699,1.974429635066143e-21,0.0005
428,356220,98.43,8.84311394,131,3884,22.236691299644587,20.92204641095276,30.603872299194336,88954,-0.6403013467788696,1.8863005686026502e-21,0.0005
431,356587,98.87,10.992592560000002,131,3888,19.400500483672584,22.06360569975344,46.95793151855469,89046,4.38344669342041,1.80027782386497e-21,0.0005
433,356992,98.47,11.2465239,131,3892,23.43096926233099,22.586948142575807,16.30654525756836,89147,-2.479160785675049,1.7103502050246715e-21,0.0005
437,357338,97.83,13.716128669999998,131,3896,22.291429547949303,20.126611909549542,26.84583282470703,89234,1.1169486045837402,1.6364975771924086e-21,0.0005
440,357691,97.71,13.583432249999996,131,3900,22.151184822228018,20.50623357253524,12.435192108154297,89322,-0.1863134503364563,1.5650394514409664e-21,0.0005
443,358057,97.46,13.630867939999996,130,3904,23.389473592760865,23.881950306039098,36.21136474609375,89414,1.0117294788360596,1.493667355704404e-21,0.0005
445,358489,97.41,13.77806059,131,3908,20.77712902351018,13.001363107932626,15.412126541137695,89522,0.8448370099067688,1.4140247665068576e-21,0.0005
449,358909,98.22,14.312064769999997,131,3912,20.55020938708255,13.38889194690339,27.768169403076172,89627,-0.6654726266860962,1.3406678210021122e-21,0.0005
452,359338,99.13,15.756270899999999,130,3916,23.47506067864685,23.556897332799213,47.04041290283203,89734,1.001641035079956,1.2698272534326005e-21,0.0005
456,359680,98.55,16.0316558,130,3920,21.875578838076365,23.19487931282253,24.566585540771484,89819,0.5938966274261475,1.2162298473431248e-21,0.0005
459,360053,97.91,16.948161530000004,130,3924,25.599026499032743,25.187398864761814,28.71617889404297,89913,1.5265740156173706,1.1595875643772409e-21,0.0005
461,360384,98.01,17.38757967,130,3928,21.921205887208856,24.555227864134817,21.56598663330078,89995,2.8300540447235107,1.112334972859345e-21,0.0005
464,360757,97.99,17.09713198,130,3932,20.74629255992172,18.109225567345185,19.74781036376953,90089,-2.0278069972991943,1.0605313733594695e-21,0.0005
467,361193,98.54,17.18248609,130,3936,22.0851327325431,15.001689987517558,18.465415954589844,90198,-0.5967046022415161,1.0034742883969586e-21,0.0005
471,361518,97.77,17.182920890000002,130,3940,22.451123208928284,22.88696805921973,110.83749389648438,90279,2.238110303878784,9.630716853525717e-22,0.0005
472,361841,96.79,12.69535576,130,3944,20.06294203642524,12.892531805299347,186.05767822265625,90360,1.6170661449432373,9.242958775778188e-22,0.0005
476,362196,95.94,14.467390349999999,130,3948,19.344818597334918,17.933856414717035,15.013545989990234,90448,-0.04229322075843811,8.839362895408717e-22,0.0005
479,362585,95.6,14.11765479,130,3952,16.829314625327243,13.222916144046794,30.17572784423828,90546,-0.40509867668151855,8.410609294138662e-22,0.0005
480,362968,94.91,15.399213410000002,130,3956,23.25955000882246,19.422840659980395,19.73609161376953,90641,-2.1613447666168213,8.014843457787798e-22,0.0005
483,363262,94.58,17.90125459,130,3960,24.669347243411544,24.790534309077522,41.71123504638672,90715,2.562227725982666,7.719511100486349e-22,0.0005
487,363665,94.73,17.65042861,130,3964,19.36030489339818,15.108036600989077,51.05377960205078,90816,2.317268133163452,7.333905287723752e-22,0.0005
490,364033,94.64,20.007659759999996,130,3968,22.54116577967312,21.5573572787152,23.8981876373291,90908,0.6780263185501099,6.999449468491176e-22,0.0005
492,364410,94.72,20.89713238,130,3972,19.175181859627415,14.064173873404242,25.190322875976562,91002,1.4245872497558594,6.67347194761468e-22,0.0005
495,364786,94.32,18.96518755,130,3976,21.755970969939593,14.74227873222942,16.415842056274414,91096,-0.9684457778930664,6.362674887345023e-22,0.0005
499,365196,93.36,18.998238960000002,130,3980,20.34815370360771,20.2043551178567,23.087142944335938,91198,0.11988592147827148,6.041779902617557e-22,0.0005
502,365553,93.33,17.370316579999997,130,3984,22.149481093409864,19.12969673725162,26.505563735961914,91288,-2.872959613800049,5.772104078744282e-22,0.0005
504,365868,92.81,16.507379699999998,130,3988,23.18931218482642,22.132703657786077,30.325681686401367,91366,0.39008352160453796,5.548141797695478e-22,0.0005
507,366262,92.7,16.39984319,130,3992,19.425868264537815,12.85398612532413,26.28242301940918,91465,2.6876778602600098,5.2763520790316995e-22,0.0005
511,366636,92.98,13.91163138,130,3996,17.13228919113775,7.7082575403721325,48.644935607910156,91558,3.377445936203003,5.033174913380139e-22,0.0005
514,367011,93.2,11.606818679999998,130,4000,23.663085164322503,22.422267622267,43.78874969482422,91652,-1.3667640686035156,4.798769880994637e-22,0.0005
516,367336,92.79,11.661558609999997,130,4004,23.78174783799721,25.580045402858165,23.93490219116211,91733,1.310686707496643,4.605558281555561e-22,0.0005
519,367724,92.35,11.870626339999996,130,4008,21.48686594048625,15.661602265033865,33.83926010131836,91830,-1.1636029481887817,4.384389956506433e-22,0.0005
522,368034,91.25,11.165818790000001,130,4012,20.66630859096184,20.39688439802664,39.586212158203125,91908,-0.785386323928833,4.2142716605334146e-22,0.0005
524,368437,90.99,10.69464476,130,4016,20.9951316102727,17.06597074358374,28.920188903808594,92009,1.491719126701355,4.0037601521162253e-22,0.0005
527,368884,92.04,12.62891095,130,4020,19.628523926862602,11.871526412958206,32.170433044433594,92120,0.36525875329971313,3.7845146281919186e-22,0.0005
531,369196,91.43,9.643032900000001,130,4024,20.205291595711465,17.58016823847097,34.43268966674805,92198,0.8977056741714478,3.6376718941085e-22,0.0005
534,369563,91.79,9.206479120000001,130,4028,21.284660511628225,16.592347445272665,55.19972610473633,92290,0.60100919008255,3.4717796206680593e-22,0.0005
536,369918,91.61,9.369973620000001,130,4032,22.439986083746977,21.77837418195196,21.238693237304688,92379,-0.39764559268951416,3.318499276727058e-22,0.0005
539,370219,90.26,9.208463759999999,130,4036,20.11991116364778,20.277781514698557,138.81414794921875,92454,1.2496812343597412,3.194597627509425e-22,0.0005
542,370552,90.34,7.262302299999998,129,4040,22.637276870375267,20.88244176382512,16.53261947631836,92537,0.768579363822937,3.0628649245312266e-22,0.0005
544,370846,90.05,10.394644169999998,130,4044,19.368574426746743,18.85887959431976,41.419334411621094,92611,-0.8328627943992615,2.9500037938898324e-22,0.0005
547,371209,90.13,10.44423683,130,4048,19.497192994574608,24.408986968121667,39.34867858886719,92702,2.252891778945923,2.816900366202722e-22,0.0005
550,371577,89.92,10.979479779999998,130,4052,20.881010492495882,22.070087225492973,42.23924255371094,92794,3.429352045059204,2.6884384698641876e-22,0.0005
552,371907,89.39,9.34135362,130,4056,20.665409255470248,20.73642135727592,14.647784233093262,92876,-1.1301349401474,2.578885758750418e-22,0.0005
555,372289,90.27,9.719112240000001,130,4060,19.936882505238913,17.028328427110797,45.18729782104492,92972,2.6285605430603027,2.456288191272424e-22,0.0005
558,372627,89.62,7.30122562,130,4064,22.343932774932288,19.15399690572668,36.141876220703125,93056,1.4159903526306152,2.3538059457888414e-22,0.0005
562,373030,89.97,7.230611030000001,129,4068,23.7391813750089,27.52927356703651,82.28884887695312,93157,1.0216031074523926,2.236228562893929e-22,0.0005
564,373446,90.36,7.217604040000001,130,4072,19.76979925771246,21.267082491758607,12.935470581054688,93261,-2.1635079383850098,2.1212931698339105e-22,0.0005
567,373913,91.27,9.44761568,130,4076,20.723118116597774,19.592392019498572,35.50581359863281,93378,1.2475402355194092,1.9990366427024616e-22,0.0005
571,374341,91.45,9.37535927,130,4080,20.901829920750025,15.119867983385161,39.4321403503418,93485,-0.035928308963775635,1.893408167493368e-22,0.0005
574,374662,91.09,8.266775790000002,129,4084,18.57645259433104,18.96991883210306,27.463542938232422,93565,-0.6388051509857178,1.8180964372872595e-22,0.0005
575,374937,90.69,7.980741630000001,130,4088,22.325809963842616,19.68263934979526,25.41403579711914,93634,1.0239484310150146,1.7555506222292892e-22,0.0005
578,375316,90.54,8.265994300000001,130,4092,21.058855482231614,16.938936362049844,37.00737762451172,93728,0.9560099840164185,1.673791184746011e-22,0.0005
581,375651,90.15,10.401379480000001,130,4096,22.67413293485928,23.422017953113638,13.575826644897461,93812,-0.2319214940071106,1.603956547359288e-22,0.0005
584,376021,90.1,12.966044420000001,130,4100,24.281142454241767,24.779030280760534,19.891239166259766,93905,0.5967094898223877,1.5300332123463685e-22,0.0005
586,376418,90.82,13.06317755,130,4104,22.287792800407306,20.37227787462371,15.599931716918945,94004,-1.389995813369751,1.4550806978420614e-22,0.0005
588,376699,89.75,11.833593170000002,130,4108,22.081896063532817,21.584664450707265,31.710702896118164,94074,2.982194662094116,1.404310493506251e-22,0.0005
591,377018,89.84,12.959010350000002,130,4112,21.22309369872631,20.45255089893147,69.13614654541016,94154,2.789130687713623,1.3484530829648512e-22,0.0005
593,377407,89.7,13.47300408,130,4116,22.39814091567014,16.346730610497293,35.88166046142578,94251,1.1971416473388672,1.283697573848048e-22,0.0005
596,377782,88.98,13.96684226,130,4120,18.764875775214993,13.823271657349835,39.723175048828125,94345,2.360304832458496,1.2239132768293306e-22,0.0005
600,378217,90.21,16.799395560000004,130,4124,19.814804015335564,24.0434160552948,13.588409423828125,94454,-0.17492729425430298,1.1583844315899212e-22,0.0005
603,378566,90.03,15.708596969999999,130,4128,21.023892233327825,21.69188862304405,20.252164840698242,94541,1.7508628368377686,1.1086700386896586e-22,0.0005
605,378909,89.91,15.351932999999999,130,4132,22.03906900350057,22.53226926297863,25.752241134643555,94627,0.4971654415130615,1.0613361124569908e-22,0.0005
608,379326,91.07,13.85591308,130,4136,19.89247767971621,16.308464259507268,23.537982940673828,94731,-0.3352116346359253,1.0067866332964475e-22,0.0005
611,379672,91.2,15.95682538,130,4140,19.690294186808526,15.207076982133056,24.756994247436523,94817,-0.9297343492507935,9.638026123129133e-23,0.0005
612,379982,91.36,17.43512921,130,4144,23.694939649178377,29.16753120661888,20.826969146728516,94895,2.090144634246826,9.265299442831792e-23,0.0005
616,380435,92.26,17.29427304,130,4148,20.98387043957329,16.430922714580433,10.30859375,95008,-2.22422194480896,8.752821951097841e-23,0.0005
619,380782,92.05,18.574309560000003,130,4152,19.82748934889366,24.65972936021221,21.451221466064453,95095,-0.8788739442825317,8.377656112881556e-23,0.0005
622,381214,93.07,20.23477811,130,4156,20.975865188889188,17.511158067580844,30.9093017578125,95203,0.9916462898254395,7.93422603845979e-23,0.0005
625,381517,92.28,20.234120009999998,130,4160,21.795439148330097,21.242503414398026,186.5686798095703,95279,1.6854431629180908,7.636327548188093e-23,0.0005
627,381834,92.07,23.226806879999994,130,4164,22.464588739386063,20.08228553513797,22.727001190185547,95358,-0.7965916991233826,7.338519303603954e-23,0.0005
631,382247,92.17,23.69571033,130,4168,20.798682026499485,16.00292710325097,35.59442138671875,95461,-0.7975533604621887,6.96761142100969e-23,0.0005
634,382586,91.4,24.114179250000003,130,4172,18.3390029847534,18.046030332429662,35.9292106628418,95546,0.522307813167572,6.67568366115743e-23,0.0005
636,382893,89.8,24.527576020000005,130,4176,21.504583188791262,24.915191165946016,45.48735809326172,95623,1.7308018207550049,6.421803609397065e-23,0.0005
639,383255,89.14,24.977781929999995,130,4180,23.534189818089562,23.232542482196394,24.38977813720703,95713,-0.8592483997344971,6.137272209392157e-23,0.0005
642,383621,89.59,27.868374770000006,130,4184,19.9322829594139,20.432507205450843,23.106233596801758,95805,-0.2559254467487335,5.859443602726731e-23,0.0005
643,383920,89.83,26.61468961,130,4188,24.263250637716407,24.948774576483586,136.19076538085938,95879,-0.1555897295475006,5.645127134173735e-23,0.0005
646,384269,89.53,25.100836449999996,130,4192,21.93929253085466,19.762391125746873,50.57865524291992,95967,1.4315192699432373,5.4004439383908e-23,0.0005
650,384793,91.42,25.740154389999994,130,4196,21.08753897784877,15.656760781534029,20.049312591552734,96098,-2.1665377616882324,5.0557060430106997e-23,0.0005
653,385132,91.11,23.69462035,130,4200,18.94364160177314,11.460312101589645,25.77859115600586,96182,0.027758896350860596,4.8463221639258695e-23,0.0005
655,385470,90.52,23.86597828,130,4204,20.496298278835383,21.6672847385133,19.894561767578125,96267,0.1930845081806183,4.6432715757325157e-23,0.0005
658,385756,90.57,23.96953678,130,4208,21.410019727303236,20.400200593620234,28.47644805908203,96338,0.7412422895431519,4.480200773760125e-23,0.0005
660,386115,90.97,23.749111539999994,130,4212,20.846971440443458,23.87714820873132,29.757835388183594,96428,1.6322975158691406,4.2816962331913786e-23,0.0005
662,386481,90.74,22.439763720000002,130,4216,21.250077827001682,20.186988555427597,21.213062286376953,96520,-1.1440509557724,4.0878677445244205e-23,0.0005
665,386830,90.48,22.539324290000003,130,4220,19.631709694375992,23.318219446972737,45.89008331298828,96607,0.19787117838859558,3.912652586688333e-23,0.0005
669,387206,89.89,22.301001569999993,130,4224,17.854811718825555,16.297656529457527,14.095882415771484,96701,-0.41805750131607056,3.7317708831978624e-23,0.0005
672,387538,89.72,22.636239509999996,130,4228,21.383011556906887,19.7812937852627,211.9599609375,96784,-1.581084132194519,3.579019959587573e-23,0.0005
674,387938,90.29,23.132411420000004,130,4232,24.438152182655646,29.74360107244526,189.55557250976562,96884,1.7522716522216797,3.403264274259228e-23,0.0005
677,388321,89.95,23.160225929999992,130,4236,19.798945333132412,17.419920916214885,10.452512741088867,96980,-1.1714732646942139,3.2426638690976273e-23,0.0005
681,388732,90.6,23.212423759999997,130,4240,23.226036639563972,25.862244740737058,21.06354522705078,97082,0.09111756086349487,3.0803216590572986e-23,0.0005
684,389095,91.13,21.850076270000002,130,4244,19.73987489776676,13.794825668782277,29.72500991821289,97173,4.3617119789123535,2.9423599841537305e-23,0.0005
685,389405,89.7,19.788791260000004,130,4248,21.984729948529207,20.287284695918217,16.300655364990234,97251,0.17870819568634033,2.829035381953301e-23,0.0005
688,389739,89.57,19.712445549999998,130,4252,20.726549833628543,16.777887500585134,33.73493957519531,97334,1.8776785135269165,2.713235965321012e-23,0.0005
692,390165,89.51,19.495358009999997,130,4256,19.50703429643719,18.5291394974123,35.23549270629883,97441,1.1459380388259888,2.5709183582709943e-23,0.0005
696,390567,90.5,19.07941981,130,4260,18.442322436433802,19.784286404477676,28.273170471191406,97541,-0.9096721410751343,2.4446677968219752e-23,0.0005
697,390921,90.87,17.318125029999997,130,4264,22.765016826024695,25.055875534412507,26.07248306274414,97630,-0.5138149261474609,2.3375283374350214e-23,0.0005
700,391252,90.05,16.98343654,130,4268,23.076223202330468,22.29090061998576,53.32147979736328,97712,2.485811233520508,2.2429765737404982e-23,0.0005
703,391610,90.24,16.8716344,130,4272,20.771648302579155,25.679191494096248,33.274871826171875,97802,2.437270402908325,2.1435969813060225e-23,0.0005
704,391890,89.97,14.723867179999997,130,4276,21.536606623238992,22.137206087726135,27.378355026245117,97872,-0.05615082383155823,2.0693558615660436e-23,0.0005
708,392290,90.35,14.5588628,130,4280,21.32402623892944,21.054472219565774,21.50507926940918,97972,1.1168270111083984,1.967735588616378e-23,0.0005
711,392662,90.41,14.524599730000002,130,4284,21.92723840617169,19.078678059539598,26.23160171508789,98065,1.5336750745773315,1.8777123598343667e-23,0.0005
713,392948,90.28,15.57786489,130,4288,21.01606833695246,21.681988033365716,12.771858215332031,98136,-1.245744228363037,1.8117675324624162e-23,0.0005
716,393328,90.59,16.652428590000003,130,4292,20.718491871029233,22.448925113325497,15.094457626342773,98231,-0.9493829607963562,1.7271394811833923e-23,0.0005
719,393664,88.71,16.421554370000003,130,4296,22.00018700242192,23.36846447978847,22.59823989868164,98315,1.4562627077102661,1.655609518602477e-23,0.0005
722,394026,88.94,18.52516834,130,4300,22.146132724787545,22.614217091361493,30.28502655029297,98406,1.036033272743225,1.5814576979169693e-23,0.0005
724,394484,90.14,17.99161485,130,4304,17.069733897139624,13.333217218594873,60.992584228515625,98520,2.189436912536621,1.4932329142266807e-23,0.0005
727,394728,89.72,15.528892950000001,130,4308,19.268522600881788,12.112790704245116,61.49494171142578,98581,1.1626298427581787,1.448064000971174e-23,0.0005
730,395072,89.57,15.765675710000004,130,4312,21.799525768584974,27.298789723934828,14.219915390014648,98667,-1.814852237701416,1.3866948823938674e-23,0.0005
731,395339,88.58,15.671040950000004,130,4316,21.760596432534047,21.010419674313415,43.45342254638672,98734,-1.8139867782592773,1.340691985389361e-23,0.0005
734,395725,88.95,15.58757232,130,4320,23.53704539286613,23.742115420365284,35.507843017578125,98831,0.32325467467308044,1.2767816302919755e-23,0.0005
737,396057,88.51,16.03316244,130,4324,21.567293560195683,22.70650490229168,122.38397979736328,98914,0.8485516309738159,1.2245197530932645e-23,0.0005
739,396366,88.28,17.348119800000003,130,4328,22.339268674139138,24.32554228090364,16.33898162841797,98991,0.9143757224082947,1.1779506117309904e-23,0.0005
742,396783,88.45,17.00687631,130,4332,23.269204400622538,15.465266264899835,31.887794494628906,99095,-0.7840637564659119,1.117850849236275e-23,0.0005
745,397113,87.92,18.261390189999997,130,4336,22.455504935142,20.3350696969669,25.81241798400879,99178,0.31611168384552,1.0720944712646501e-23,0.0005
747,397482,87.5,17.56063729,130,4340,20.164016056542216,18.85819654052942,33.68682098388672,99270,0.29985809326171875,1.0235617762231905e-23,0.0005
750,397853,87.58,18.765207789999998,130,4344,18.597084928369775,19.003853525143573,21.751964569091797,99363,-1.7950282096862793,9.76734204028366e-24,0.0005
753,398194,87.89,20.891133959999998,130,4348,23.274793133094715,17.33087792178838,19.044021606445312,99448,-1.2833482027053833,9.358110979369397e-24,0.0005
756,398574,88.35,19.037089279999996,130,4352,21.062806554396158,22.405852655063352,18.152048110961914,99543,-1.1089763641357422,8.920992107733761e-24,0.0005
757,398894,87.29,19.13251232,130,4356,21.317535010693522,22.69921179271909,26.14690399169922,99623,1.6517384052276611,8.568768080135295e-24,0.0005
761,399237,86.7,19.294678060000003,130,4360,21.626085092524942,24.735916688525908,24.803253173828125,99709,0.39060986042022705,8.205622273304044e-24,0.0005
763,399591,86.7,20.49670275,130,4364,22.616643300323332,22.574028146186308,27.896739959716797,99797,1.7324002981185913,7.849956445576099e-24,0.0005
765,399983,87.31,20.71511053,130,4368,19.46377174890584,15.611846922447603,22.92574691772461,99895,-2.0562527179718018,7.471987942335745e-24,0.0005
768,400318,87.08,20.948596969999997,130,4372,22.748446692847466,22.888938606195673,38.910125732421875,99979,1.318432331085205,7.162532797574741e-24,0.0005
771,400678,87.88,22.89337597,130,4376,21.001292803903553,23.168969463496424,19.421375274658203,100069,-0.16672486066818237,6.84518194401338e-24,0.0005
772,400961,86.71,22.935297180000003,130,4380,22.181908208281545,26.8854708871076,14.195205688476562,100140,0.40916189551353455,6.604780921882256e-24,0.0005
776,401368,87.06,22.953581340000007,130,4384,21.37788912505768,19.37423626943607,28.749967575073242,100241,-0.2684815526008606,6.2772766396097954e-24,0.0005
780,401780,88.32,24.507227280000006,130,4388,19.714623890025596,19.50875005682525,28.825336456298828,100344,0.1002320647239685,5.960006249860767e-24,0.0005
783,402230,89.02,24.88086852,130,4392,22.38049928645405,21.50042956931768,33.29642105102539,100457,2.324191093444824,5.630349955038864e-24,0.0005
786,402554,88.9,23.953002220000002,130,4396,20.353826072276973,22.273132643617608,31.728408813476562,100538,2.253668785095215,5.405326198533212e-24,0.0005
788,402890,88.64,24.2660275,130,4400,22.131556714947227,19.71684920884711,31.194433212280273,100622,0.14782768487930298,5.181462856419141e-24,0.0005
791,403288,88.04,24.095598500000005,130,4404,22.2282238500832,23.393441682027053,90.03829956054688,100721,-2.545106887817383,4.929497527847929e-24,0.0005
794,403641,89.13,27.908519060000003,130,4408,22.361378190128313,24.07728432365067,28.216812133789062,100810,1.133501410484314,4.713458897052745e-24,0.0005
796,403986,89.14,27.851003879999997,130,4412,21.479353836990242,20.245686699618858,48.31719970703125,100896,1.2786202430725098,4.5137011720499645e-24,0.0005
799,404387,90.48,28.979352050000003,130,4416,19.08304643996316,15.005130020489794,18.244705200195312,100996,0.06797778606414795,4.292045851609607e-24,0.0005
802,404694,89.69,25.70451817,130,4420,21.296455005838933,27.013016298804494,18.523744583129883,101073,0.8754675388336182,4.128816725253538e-24,0.0005
805,405021,89.64,25.458707909999998,130,4424,21.67435328840496,19.557094365962858,18.386940002441406,101155,1.2928197383880615,3.961808560731008e-24,0.0005
807,405349,89.83,25.483113550000002,130,4428,23.665582835589287,23.42551681374577,20.901264190673828,101237,-2.315185546875,3.8015554121398856e-24,0.0005
810,405718,89.35,24.619724230000003,130,4432,23.040315158856693,26.731816984565288,25.07225799560547,101329,0.08320027589797974,3.6294626446527536e-24,0.0005
813,406059,89.46,24.510392370000005,130,4436,20.56635375566093,19.260760413982194,179.20175170898438,101414,-0.49635958671569824,3.477395900105562e-24,0.0005
815,406385,89.03,25.013709140000007,130,4440,22.727049777228512,22.90889854917122,14.567898750305176,101496,-2.181159496307373,3.3367372675392245e-24,0.0005
818,406733,88.8,25.19439643,130,4444,23.403774203667545,23.417664615269192,22.33672332763672,101583,-0.9695072770118713,3.1937171798531077e-24,0.0005
821,407067,88.73,25.227272249999995,130,4448,23.343613870318777,21.0376435940368,27.144712448120117,101666,-0.6828262805938721,3.0629903060835025e-24,0.0005
824,407516,89.42,26.745541590000006,130,4452,21.7798292033407,19.188949251382766,14.471508026123047,101778,-2.9436020851135254,2.8950290003722392e-24,0.0005
826,407884,89.9,26.67043998,130,4456,22.527474089917952,18.72596819965815,32.54389572143555,101870,-0.32867443561553955,2.763973960466062e-24,0.0005
829,408243,90.06,27.041315759999996,130,4460,19.501344032087868,15.621491917373339,18.549198150634766,101960,0.2657065689563751,2.641510404678647e-24,0.0005
832,408591,90.0,27.266290140000002,130,4464,21.28573861631558,17.674034990820445,16.879709243774414,102047,-0.8143448233604431,2.5282893404720276e-24,0.0005
834,408938,89.55,27.136243179999997,130,4468,18.390662011818794,21.638618421325692,47.277549743652344,102134,0.2688525915145874,2.419920756908649e-24,0.0005
837,409279,89.61,27.07086112,130,4472,22.983259771041986,26.43735528976927,30.474407196044922,102219,1.1747350692749023,2.318531422988987e-24,0.0005
841,409669,89.91,26.880434219999998,130,4476,18.624375883772995,19.631499127999316,26.50677490234375,102317,2.210369348526001,2.206896166417088e-24,0.0005
844,410021,90.6,27.0136655,130,4480,23.221220438518774,21.07809987196497,149.5856475830078,102405,-3.7896273136138916,2.1112402735565722e-24,0.0005
845,410312,89.44,27.447382649999998,130,4484,22.65099696084399,23.972108098950567,22.534873962402344,102477,0.2112104892730713,2.036068337391478e-24,0.0005
848,410594,88.14,23.81656545,130,4488,19.51524263589835,21.276706447180615,133.03494262695312,102548,2.526646137237549,1.9645620406377192e-24,0.0005
849,410883,86.53,22.60325297,130,4492,21.635256584763333,26.23511328380519,17.98480796813965,102620,-0.6763800978660583,1.8946127580956406e-24,0.0005
852,411186,86.32,22.34202098,130,4496,20.59201650631886,22.189901230553996,36.527992248535156,102696,-0.20323288440704346,1.823477423182562e-24,0.0005
855,411519,86.29,21.989458849999995,130,4500,20.86021858554266,25.090451983049253,20.443130493164062,102779,-1.5942469835281372,1.748837968128492e-24,0.0005
857,411895,86.07,20.22934679,130,4504,22.01532666213539,14.198811934874257,14.126152038574219,102873,-1.0214300155639648,1.667989191674201e-24,0.0005
861,412290,86.49,20.135737740000003,130,4508,21.68429809311202,15.840673654379408,19.14636993408203,102972,0.3290414810180664,1.5868777245384713e-24,0.0005
864,412633,86.47,20.216496300000003,130,4512,21.822054481957167,18.69649869025738,13.459829330444336,103058,-0.886015772819519,1.519625360216117e-24,0.0005
865,412990,86.03,20.01028973,130,4516,23.812982148363414,22.73059775218715,70.50335693359375,103147,-3.053607940673828,1.4530267643689646e-24,0.0005
868,413323,86.29,23.34631139,130,4520,19.692258419936927,18.73974337117229,11.710823059082031,103230,-0.7071093320846558,1.3935507936350527e-24,0.0005
872,413748,87.27,22.83383813,130,4524,19.22339484100723,12.205137964502073,12.334823608398438,103336,-2.787703037261963,1.3211198532927619e-24,0.0005
875,414039,86.9,20.24315142,130,4528,18.70293198889017,14.891150613523209,16.757034301757812,103409,-0.9893815517425537,1.273439226636554e-24,0.0005
877,414394,86.76,21.131386249999995,130,4532,22.866231310322004,24.584613873361043,49.022315979003906,103498,0.8729730248451233,1.2176298813901094e-24,0.0005
880,414758,86.99,21.451883809999998,130,4536,19.534901482890664,20.04199217541414,95.57435607910156,103589,0.9864720106124878,1.1630944478979836e-24,0.0005
883,415145,87.6,21.579261780000003,130,4540,20.34523853519519,19.401194790571964,12.75959587097168,103686,-1.0939990282058716,1.10765014803543e-24,0.0005
887,415571,88.38,21.468445069999998,130,4544,21.217546980733193,18.127856174186068,30.62972640991211,103792,0.812673807144165,1.0500790791724006e-24,0.0005
888,415925,88.58,21.51059385,130,4548,19.72972118931237,14.72323477654428,20.652193069458008,103881,-0.17486760020256042,1.0040587088988435e-24,0.0005
892,416244,87.28,21.61631068,130,4552,20.53646147303681,22.099862147015813,13.579362869262695,103960,-1.6441704034805298,9.649015271083224e-25,0.0005
895,416598,87.14,22.032641830000003,130,4556,23.798250860956195,27.895150845800682,19.164594650268555,104049,-0.9662424325942993,9.226140466382711e-25,0.0005
897,416877,86.34,19.62114876,130,4560,18.246212688276902,20.714944904664215,36.97463607788086,104119,-0.09490275382995605,8.906603482037756e-25,0.0005
901,417322,87.31,19.36258766,130,4564,21.153066000868066,16.853374002893098,23.928359985351562,104230,0.9112545847892761,8.422444045762887e-25,0.0005
904,417705,87.67,19.37785281,130,4568,22.024927590009284,16.731674766771388,18.485122680664062,104326,0.3449519872665405,8.024988311580858e-25,0.0005
907,418042,87.63,19.607775659999998,130,4572,22.74102552350633,24.57682967467627,23.103174209594727,104410,-0.8382042050361633,7.692630858411865e-25,0.0005
909,418359,86.9,19.617726830000002,130,4576,22.884016072416912,26.56067638301296,29.54737091064453,104489,-2.1773691177368164,7.39262754919438e-25,0.0005
912,418733,87.12,18.32500387,130,4580,19.43304859441124,21.611146479814984,24.63028335571289,104583,1.1219353675842285,7.0508658879590205e-25,0.0005
915,419114,88.02,16.60989787,130,4584,20.582881313727796,14.93546421550395,28.344825744628906,104678,-0.7800374031066895,6.721518925219577e-25,0.0005
917,419416,88.22,20.343374139999998,130,4588,20.174336614772436,22.287723027624164,21.963356018066406,104753,-1.4270976781845093,6.472410456416623e-25,0.0005
920,419763,88.8,21.388676009999998,130,4592,22.776287679947668,24.596961005712146,26.76520347595215,104840,-0.026888012886047363,6.194988290611089e-25,0.0005
923,420182,89.96,21.53352730000001,130,4596,21.832667516869698,20.270555308077185,21.2299747467041,104945,-1.8362929821014404,5.875957163321608e-25,0.0005
926,420507,89.88,21.53439889,130,4600,21.037077563070415,19.732618376254205,19.034320831298828,105026,1.6484782695770264,5.641117709179904e-25,0.0005
928,420815,89.2,24.209887800000004,130,4604,21.475217526459108,22.77825289204864,33.89646911621094,105103,-1.2238215208053589,5.426582548662458e-25,0.0005
931,421216,89.26,23.622235229999998,130,4608,20.335767217399688,14.949283600878054,21.803443908691406,105203,0.416903018951416,5.160097939307814e-25,0.0005
934,421554,89.21,23.617964420000007,130,4612,21.82339548923332,19.830408178783223,23.384138107299805,105288,-1.2683759927749634,4.943901240508746e-25,0.0005
936,421925,89.35,23.205813829999997,130,4616,18.952408389241313,16.828457213084388,26.25159454345703,105381,2.2635021209716797,4.717719534801843e-25,0.0005
939,422202,88.79,20.783052,130,4620,22.737970425418286,27.315747640628352,34.813995361328125,105450,-1.4953935146331787,4.556620332889871e-25,0.0005
942,422577,88.29,21.423745650000004,130,4624,21.81345461438894,17.077571413119237,12.446773529052734,105544,-1.5949674844741821,4.34596784714031e-25,0.0005
944,422936,88.97,23.80066815,130,4628,22.661092778597258,25.139908488033257,26.234764099121094,105633,-0.4064202904701233,4.15550280499342e-25,0.0005
947,423347,89.53,23.445889830000002,130,4632,18.64824388690596,13.823823030153518,15.723730087280273,105736,-0.3716548681259155,3.9454727798018848e-25,0.0005
950,423677,89.19,22.609257420000002,130,4636,19.210730684824277,22.19495705850221,27.667530059814453,105819,-0.2543523609638214,3.7839747100947104e-25,0.0005
954,424099,89.54,22.00072236,130,4640,19.815036497437898,15.895247245693836,16.478195190429688,105924,-0.6388298273086548,3.589106591501523e-25,0.0005
955,424431,88.6,22.264999620000005,130,4644,22.268155481665154,18.56133993780507,21.068893432617188,106007,-1.3236005306243896,3.442195052969951e-25,0.0005
959,424878,89.53,22.18845044999999,130,4648,23.722528343414417,25.865750793285624,19.143402099609375,106119,0.1909402757883072,3.253440359873193e-25,0.0005
962,425225,89.81,22.382259579999996,130,4652,21.937422377675404,19.58872917698407,92.5120849609375,106206,-0.9492206573486328,3.1139902129098475e-25,0.0005
965,425658,90.6,21.99468742,130,4656,17.473495185790107,16.73135895617778,13.980368614196777,106314,-1.832453727722168,2.9491668479681337e-25,0.0005
967,425960,90.83,24.273553080000006,130,4660,23.59293084417168,28.08493571003889,25.720882415771484,106389,-1.9312679767608643,2.8398664717642693e-25,0.0005
970,426289,89.67,24.638663349999998,130,4664,21.28411103982464,23.617857597058435,31.71272850036621,106472,-0.649937093257904,2.723623873075427e-25,0.0005
973,426558,88.53,22.068600939999996,130,4668,22.421274886133332,24.12276712839711,35.947853088378906,106539,0.3818790316581726,2.6332692241056097e-25,0.0005
974,426834,87.92,20.51471316,130,4672,21.98987099612153,21.926547793313,68.95365905761719,106608,0.2807251214981079,2.5433494347097953e-25,0.0005
977,427256,88.97,20.43107563,130,4676,20.52051500340888,14.884613000349026,22.04894256591797,106713,-0.15990793704986572,2.4123711608304575e-25,0.0005
980,427615,88.82,21.173119449999994,130,4680,22.055281274779023,21.227789143386914,16.453292846679688,106803,-1.1701645851135254,2.3054861781107667e-25,0.0005
982,427997,88.83,22.376323850000002,130,4684,23.731053297370728,28.98548497159206,34.57907485961914,106899,3.2656822204589844,2.196690179848178e-25,0.0005
985,428296,88.8,20.069567349999996,130,4688,20.62070327802045,17.573274358179955,16.47406005859375,106973,2.1504838466644287,2.1163432175372206e-25,0.0005
988,428666,89.03,17.759416199999997,130,4692,21.222548980797473,17.69144900852889,17.854328155517578,107066,-0.9015058875083923,2.0195213882587882e-25,0.0005
990,428997,88.15,18.483540889999997,130,4696,22.948771144540686,26.481060589959725,21.553573608398438,107149,0.5451004505157471,1.9368571470387442e-25,0.0005
993,429363,88.56,18.506941830000002,130,4700,22.842036460602298,20.326633879039825,28.85202407836914,107240,-3.631674289703369,1.850109071519984e-25,0.0005
997,429694,88.79,18.442959890000004,130,4704,21.341534306958224,19.177428850371562,22.31334686279297,107323,-0.9373706579208374,1.7743794106948985e-25,0.0005
998,429977,87.61,16.494624419999997,130,4708,18.13083975235865,19.00386723517348,18.664308547973633,107394,-1.4303617477416992,1.7120635900059975e-25,0.0005
1001,430307,87.53,16.49227695,130,4712,21.94304982906843,23.92808806200718,24.566524505615234,107476,0.073558509349823,1.6428115865484244e-25,0.0005
1004,430640,87.15,17.23560154,130,4716,18.857310148386173,14.48702390132746,21.389177322387695,107559,-0.8586010932922363,1.5755672340946387e-25,0.0005
1006,430994,87.92,19.24573181,130,4720,20.517369312425288,15.846109865057576,13.64842414855957,107648,-2.2407989501953125,1.5065168832059627e-25,0.0005
1010,431471,88.94,19.05403305,130,4724,21.14025219807857,18.38258608655719,96.56065368652344,107767,1.0386483669281006,1.4188957605322526e-25,0.0005
1013,431816,88.8,18.865430620000005,129,4728,24.32275026905607,26.753358928646566,44.73160934448242,107853,0.9214247465133667,1.3587627426200014e-25,0.0005
1017,432167,88.2,18.61601363,129,4732,18.904119103775173,17.788314727872674,22.346622467041016,107941,-1.7320586442947388,1.2998683595884637e-25,0.0005
1020,432554,88.77,19.48352843,129,4736,22.63975791892245,14.935468804757397,19.433738708496094,108038,-0.8263841867446899,1.2379039517809355e-25,0.0005
1022,432899,88.0,19.939877869999997,129,4740,22.06610277958709,19.0259604586617,24.173107147216797,108124,0.7268068194389343,1.1854413735767943e-25,0.0005
1025,433256,88.25,19.75978715,129,4744,19.09359546578206,14.368296288925004,27.29389190673828,108213,-0.4622938632965088,1.1334884734731357e-25,0.0005
1028,433639,87.61,19.56295777,129,4748,22.333933860922155,22.18619086612328,29.49209213256836,108309,-0.022809937596321106,1.0799991434970428e-25,0.0005
1031,434024,87.99,19.52308075,129,4752,18.56832919228307,13.665560078173874,16.96786880493164,108405,-2.5194478034973145,1.0290339218986243e-25,0.0005
1033,434429,87.71,19.729515940000002,130,4756,19.113955203495493,16.02356275981974,20.10578727722168,108507,-1.511178970336914,9.775158813689688e-26,0.0005
1037,434873,89.13,19.40069215,130,4760,19.672094855560115,14.745603319321587,25.007099151611328,108618,2.413435697555542,9.243785805718308e-26,0.0005
1039,435229,89.4,19.312746219999998,130,4764,19.142674575581722,15.017349353689385,19.76752471923828,108707,-0.0028115510940551758,8.83866998562755e-26,0.0005
1042,435553,89.95,21.85185563,129,4768,21.753121464074567,19.728327849698,130.1118927001953,108788,-0.8118188381195068,8.485422386352657e-26,0.0005
1044,435914,90.8,22.913329059999995,130,4772,20.76067085425836,16.359713212333858,17.3048038482666,108878,1.8931081295013428,8.109458058197727e-26,0.0005
1047,436280,90.24,23.56750121,130,4776,21.90849029084361,22.873877270381275,29.199275970458984,108969,-2.043267011642456,7.746249857399253e-26,0.0005
1051,436667,90.52,24.20946872,130,4780,20.01828213524599,27.265300616582778,46.923030853271484,109066,-1.6401970386505127,7.376988998045955e-26,0.0005
1054,437012,90.15,24.146143399999996,129,4784,20.69694333731802,20.821021834583334,33.12785339355469,109152,-0.6963967084884644,7.064351095355224e-26,0.0005
1055,437319,90.23,26.328747630000002,130,4788,20.16523615225083,18.91990797603105,12.474076271057129,109229,-0.915512204170227,6.795689722940236e-26,0.0005
1059,437733,90.67,28.9047693,130,4792,21.71235668590764,25.263835400621453,28.199369430541992,109333,0.40892231464385986,6.448969331358464e-26,0.0005
1061,438031,90.34,27.262259519999997,129,4796,19.457420416493378,18.672218172386465,29.314472198486328,109407,0.39887306094169617,6.213090059936066e-26,0.0005
1063,438415,90.52,27.15397269,130,4800,23.11675440907315,27.47996587945789,18.425098419189453,109503,-1.2381923198699951,5.91989388077354e-26,0.0005
1066,438722,90.28,26.907997839999997,130,4804,20.59565684728216,19.618719504266682,13.802837371826172,109580,-2.6868035793304443,5.694757292506538e-26,0.0005
1069,439040,90.63,27.124865409999998,129,4808,18.385002588881388,8.668410333350486,41.6719856262207,109659,-1.4087729454040527,5.472668295783535e-26,0.0005
1071,439396,90.89,26.959722439999997,130,4812,23.58945792167948,24.70125954088331,27.033367156982422,109748,-0.8276799321174622,5.23282438201482e-26,0.0005
1074,439798,91.58,26.93793718,130,4816,20.75864886759872,15.662055289436791,15.255213737487793,109849,-1.352992057800293,4.973350157657745e-26,0.0005
1078,440156,91.62,27.058193610000004,130,4820,24.348198079723215,27.2383203507634,16.29940414428711,109938,-1.4422392845153809,4.755389430289135e-26,0.0005
1079,440492,90.21,27.395016379999998,130,4824,19.923898986659914,22.2591948665518,30.972660064697266,110022,-1.6790246963500977,4.5584438341760964e-26,0.0005
1083,440873,90.57,27.86393119,130,4828,21.070535688070077,20.056081303821504,27.49043846130371,110118,-2.3517837524414062,4.3433304016372684e-26,0.0005
1086,441236,90.69,28.752507739999995,130,4832,20.84847136262553,20.36270222565787,142.45103454589844,110208,0.9262888431549072,4.1508902489989314e-26,0.0005
1089,441610,90.56,28.93988104,130,4836,20.887039651475426,19.511352174113153,24.014747619628906,110302,-2.0841100215911865,3.9589942871256805e-26,0.0005
1091,441995,90.96,28.49225739,130,4840,20.451668796156156,21.185546898263663,22.725666046142578,110398,-1.5404531955718994,3.7721692217588033e-26,0.0005
1094,442368,91.12,28.693911489999994,130,4844,23.66868466480831,25.911078718311522,21.60915184020996,110491,-1.695813775062561,3.599593572790063e-26,0.0005
1097,442705,90.66,29.17150239,129,4848,21.06816598234272,21.833603623152044,24.070392608642578,110576,-2.030580997467041,3.4487784670025694e-26,0.0005
1101,443157,91.33,29.1014269,130,4852,18.109109504452594,11.726948680153892,12.158597946166992,110689,-1.099137783050537,3.2580214230612313e-26,0.0005
1104,443519,90.9,28.99445041,129,4856,22.12854482101669,21.17215813869078,18.149600982666016,110779,-0.6706722378730774,3.113667889274355e-26,0.0005
1106,443916,90.43,29.154763359999997,130,4860,22.681668871073196,21.289472812534004,17.452510833740234,110878,-1.174984097480774,2.9622552829809147e-26,0.0005
1108,444213,89.84,26.633463340000002,130,4864,22.27453994929955,20.320970200546416,188.00924682617188,110953,0.15207195281982422,2.852470496877438e-26,0.0005
1111,444574,90.21,26.44921551,130,4868,20.27139076339082,18.188034201118725,192.48629760742188,111043,0.8231163620948792,2.72608604354609e-26,0.0005
1113,444965,90.51,26.50624716999999,130,4872,20.153405350332267,18.115735498219582,49.631614685058594,111141,1.0591683387756348,2.594827292637091e-26,0.0005
1116,445304,90.24,26.453763870000007,130,4876,22.328519433168776,19.524742116551867,10.286725997924805,111225,-2.9841842651367188,2.4873616343354478e-26,0.0005
1120,445669,90.02,26.06119494,130,4880,20.690552715762298,23.654473926918577,14.876565933227539,111317,-1.889416217803955,2.374761138653277e-26,0.0005
1123,446063,90.51,26.122197519999997,130,4884,21.260174410093544,18.251618679785725,34.33444595336914,111415,-1.0460808277130127,2.2604186778550067e-26,0.0005
1124,446393,90.74,25.784577919999997,130,4888,21.29899157131288,19.086339852190385,19.010944366455078,111498,1.844266653060913,2.1678940759131285e-26,0.0005
1128,446753,90.2,25.44230013,130,4892,22.262246974363087,20.17826382700201,23.04600715637207,111588,-0.7697206735610962,2.0718410162387372e-26,0.0005
1131,447117,90.86,27.771979479999995,130,4896,24.454523278114323,20.941413839260875,45.061866760253906,111679,-3.4101247787475586,1.9790470922534358e-26,0.0005
1134,447516,91.01,27.92970329,129,4900,21.931290003390238,22.09295249811529,17.172706604003906,111778,0.9079735279083252,1.882809297378779e-26,0.0005
1136,447882,91.6,27.155933039999994,130,4904,21.34194081373959,26.89651042713586,9.832154273986816,111870,-1.964500904083252,1.7975762662063507e-26,0.0005
1139,448285,92.45,29.417814810000003,130,4908,24.242431512498108,24.215749336110942,14.329423904418945,111971,-0.998000979423523,1.7084417631897807e-26,0.0005
1143,448637,92.41,27.98233621,130,4912,21.63999507919493,21.642499303324904,19.942554473876953,112059,-2.3517377376556396,1.6343909894232558e-26,0.0005
1144,448956,91.58,28.182585489999994,130,4916,23.8512506919022,25.123288257479864,22.744281768798828,112138,-0.007331669330596924,1.5706514905045847e-26,0.0005
1148,449363,92.07,28.317223219999995,130,4920,22.721983509950213,24.745788713340556,13.601741790771484,112240,-0.9814096093177795,1.492017773842396e-26,0.0005
1151,449733,92.41,28.253367649999994,130,4924,22.856751095059437,20.397735387853373,23.27920150756836,112333,0.7808709144592285,1.423758502530237e-26,0.0005
1154,450111,92.38,28.172614399999993,129,4928,22.309122159278964,15.562392100071921,20.94645118713379,112427,1.5637316703796387,1.3579380748252544e-26,0.0005
1156,450428,91.92,28.22570503,130,4932,21.341205118199106,18.77403527857779,19.07461166381836,112506,-1.6788535118103027,1.3049800858096586e-26,0.0005
1159,450876,92.66,28.136284309999994,130,4936,19.780981941106,14.913550022336803,12.837472915649414,112618,-0.7684957981109619,1.2334206179819953e-26,0.0005
1163,451228,92.33,27.964638219999998,130,4940,22.095861647147963,18.35774311231936,54.156776428222656,112706,-0.5252870917320251,1.1799591138417389e-26,0.0005
1166,451582,92.14,25.521937480000002,129,4944,19.54482160958358,13.29612493389231,58.545989990234375,112795,1.8315258026123047,1.1282465852025794e-26,0.0005
1168,451971,92.66,24.82389321,130,4948,21.09052437586188,14.273631252705078,175.82144165039062,112892,-0.28862738609313965,1.0744633737244126e-26,0.0005
1171,452324,91.67,24.928852780000003,130,4952,22.829866182426603,24.811391661248066,22.78183364868164,112980,2.2184500694274902,1.0278917684044049e-26,0.0005
1174,452687,91.68,24.905090080000004,130,4956,20.254945059803344,20.056486869628387,23.37017059326172,113071,1.7060974836349487,9.818543390137724e-27,0.0005
1175,452973,90.57,22.676407270000006,130,4960,17.925807067349318,10.709775122608152,28.35916519165039,113143,-2.2935233116149902,9.468948586632553e-27,0.0005
1179,453327,91.14,25.154201040000007,130,4964,22.87694039521004,26.367601671659,19.756948471069336,113231,3.255286693572998,9.058525982135833e-27,0.0005
1182,453649,90.75,25.5721811,129,4968,23.07664368466864,23.700970721671037,25.953716278076172,113312,2.077951431274414,8.696491211933876e-27,0.0005
1185,454029,90.64,26.0271995,129,4972,21.823473656680104,16.792187655196187,13.49061393737793,113407,-0.44937315583229065,8.290276379179653e-27,0.0005
1187,454379,90.75,26.25682168,130,4976,20.416859782032326,15.87484307273085,17.633766174316406,113494,1.8519058227539062,7.934936141464386e-27,0.0005
1190,454751,90.82,26.436960019999997,129,4980,21.301749452258516,20.24227393244539,18.61944580078125,113587,0.48261839151382446,7.571916065502881e-27,0.0005
1193,455080,90.17,26.37042782,129,4984,20.692592483181752,20.830709665143363,115.75314331054688,113669,3.1819262504577637,7.265636196818956e-27,0.0005
1195,455448,90.55,27.012520759999997,130,4988,22.33654433467978,15.359356174633781,22.8406982421875,113761,2.942366361618042,6.93672742166046e-27,0.0005
1198,455804,90.51,27.355043329999997,129,4992,20.26723774366517,17.782280207566565,22.510984420776367,113850,2.4394192695617676,6.632720150310912e-27,0.0005
1202,456230,91.13,27.367622879999995,129,4996,22.66756758933731,23.670989570581934,21.752723693847656,113957,1.1201927661895752,6.284814387366969e-27,0.0005
1205,456579,90.63,25.7060139,129,5000,25.00540498045576,25.486065838997796,13.203104972839355,114044,-0.40357503294944763,6.015432640115582e-27,0.0005
1208,457009,91.27,26.034340359999998,129,5004,22.732056889032325,21.26897468871003,40.70378875732422,114152,-0.2241743803024292,5.697035205407562e-27,0.0005
1209,457280,89.95,23.49077871,129,5008,19.599645126082848,18.885690976293755,84.37059783935547,114219,-0.9115707874298096,5.508039462918965e-27,0.0005
1212,457585,89.48,25.15005794,129,5012,22.93916099105091,25.25373857720416,36.69405746459961,114296,1.904106616973877,5.298565692517687e-27,0.0005
1214,457918,89.62,25.070664660000002,130,5016,21.20587017759261,16.475599955296104,145.84393310546875,114379,3.0084948539733887,5.081682484434363e-27,0.0005
1217,458227,88.64,24.10656805,129,5020,22.85627663296581,24.518125579165414,20.089344024658203,114456,1.3617703914642334,4.888423118234881e-27,0.0005
1220,458640,89.07,23.890022700000003,129,5024,20.03526195946193,10.747688536578774,10.49136734008789,114559,-0.7895353436470032,4.6413498027153204e-27,0.0005
1224,459012,89.01,23.54886212,129,5028,20.047751520457844,19.474070202985576,19.599000930786133,114652,3.1598825454711914,4.429009092998828e-27,0.0005
1225,459363,89.35,23.639595250000003,129,5032,22.203904292624483,23.34357470228907,25.12926483154297,114740,0.43442583084106445,4.2370377887461525e-27,0.0005
1228,459695,88.19,23.74078948,129,5036,22.06019811533084,18.787454078520717,21.45610809326172,114823,-0.12734383344650269,4.0636054861381486e-27,0.0005
1231,460016,87.88,24.60373912,129,5040,23.50682311442989,25.202907829177576,13.828661918640137,114903,0.9585461616516113,3.903163581005037e-27,0.0005
1233,460339,87.57,26.96430459,129,5044,22.620362052412997,19.68718494035805,69.50201416015625,114984,1.2075326442718506,3.747169033299504e-27,0.0005
1237,460684,87.13,27.539065699999995,129,5048,22.637094508412133,24.04286904185811,43.27880096435547,115070,-1.3429312705993652,3.588363398247143e-27,0.0005
1240,461049,87.25,27.46450816,129,5052,21.936684798587432,21.872909968126063,10.159019470214844,115162,-0.5207692384719849,3.4259216074597795e-27,0.0005
1242,461467,87.8,27.122411779999997,129,5056,18.989829638009937,15.018576111341696,28.1611270904541,115266,-0.23207378387451172,3.2511292131250494e-27,0.0005
1245,461775,88.02,29.577424420000003,129,5060,21.237854555578263,20.819532283685017,17.152481079101562,115343,-0.9041807651519775,3.127486821811322e-27,0.0005
1248,462062,87.35,29.325180099999997,129,5064,22.040110309719637,26.120792186614825,48.21178436279297,115415,0.3705994486808777,3.0161309005778132e-27,0.0005
1249,462393,87.44,29.37649016,129,5068,22.86180874781895,22.4573201570295,30.584949493408203,115498,0.8950502872467041,2.892673398538747e-27,0.0005
1252,462719,86.9,27.577145329999997,129,5072,23.509299586554334,22.343633923387706,15.75045394897461,115579,3.042363405227661,2.777064061023059e-27,0.0005
1255,463003,86.24,27.007732370000003,129,5076,18.96102333152715,21.289621660550086,18.813392639160156,115650,1.5795620679855347,2.6795341982673116e-27,0.0005
1257,463333,85.82,27.186086040000006,129,5080,18.716422876978505,16.45401585183669,38.459590911865234,115733,-1.5314034223556519,2.5698542212714085e-27,0.0005
1260,463635,85.55,27.670482120000006,129,5084,23.706145099317766,27.513320964456696,33.98044204711914,115808,1.7877793312072754,2.4746121706965987e-27,0.0005
1261,463948,85.0,26.190864610000002,129,5088,25.463732840527722,23.228194108452126,14.337029457092285,115886,0.19528529047966003,2.3793030977597242e-27,0.0005
1265,464255,84.51,25.958804290000003,129,5092,22.022761795442655,18.382910684372828,27.995407104492188,115963,1.0559453964233398,2.28881674599659e-27,0.0005
1268,464651,84.21,26.02701438,129,5096,23.330140445859854,24.17903789719088,86.39269256591797,116062,1.2614530324935913,2.1775155211735015e-27,0.0005
1272,465034,84.55,27.24370105,129,5100,22.22423748159395,23.18067844370064,38.932472229003906,116158,2.4054579734802246,2.0747582993626983e-27,0.0005
1273,465366,83.57,27.730859039999995,129,5104,20.84585276934909,23.321486563721194,26.930267333984375,116241,-3.087822675704956,1.9898332629069765e-27,0.0005
1277,465738,84.58,29.874555600000004,129,5108,19.41330257241715,24.867417182874032,17.842493057250977,116334,-0.009998410940170288,1.898798984074664e-27,0.0005
1280,466073,84.88,29.776205949999998,129,5112,23.656300511920044,23.090274310461034,20.760395050048828,116418,1.9513835906982422,1.8201596051784388e-27,0.0005
1281,466363,84.45,30.227003429999996,129,5116,22.75078725581718,24.371207159662532,34.44283676147461,116490,0.04453015327453613,1.7553520625498083e-27,0.0005
1284,466683,84.56,31.28189618,129,5120,21.837350525698316,16.714786834090056,17.55974769592285,116570,0.3956573009490967,1.6860461253500726e-27,0.0005
1288,467040,84.0,31.52361349,129,5124,20.176786059343495,22.091991603492428,26.714889526367188,116659,4.751104354858398,1.6121538748772703e-27,0.0005
1290,467464,84.52,31.640458620000004,129,5128,21.837430285856655,20.368781564356652,15.522756576538086,116765,-0.860109806060791,1.5283609000428593e-27,0.0005
1293,467845,84.82,31.42954483,129,5132,21.346545642731137,24.79805051717186,31.87282943725586,116861,2.383397340774536,1.4562375199274795e-27,0.0005
1296,468180,84.85,31.58960841,129,5136,22.66706949894034,22.33012272324167,17.447994232177734,116944,-1.3315681219100952,1.3966299881486945e-27,0.0005
1299,468528,85.12,31.66039374,129,5140,21.59336358554982,17.48974199322459,11.845376014709473,117031,-2.1295971870422363,1.3367672706522782e-27,0.0005
1301,468933,85.94,31.589574680000002,129,5144,21.609078889240216,15.779243214296281,21.698970794677734,117133,1.6180338859558105,1.2698428421252745e-27,0.0005
1304,469277,85.93,31.40488948,129,5148,20.445057106466756,23.912596294216968,16.162137985229492,117219,0.809982180595398,1.2160266779857592e-27,0.0005
1307,469677,86.28,31.121590870000006,129,5152,20.16012284496263,17.488274247953235,149.22772216796875,117319,0.24341154098510742,1.1563109089440997e-27,0.0005
1310,470033,85.66,31.382758869999996,129,5156,22.952111278045546,26.278625633714956,51.2050666809082,117408,-1.0877721309661865,1.1056347809859133e-27,0.0005
1312,470412,86.37,28.883842960000003,129,5160,19.15791797427873,17.54516333377394,42.229148864746094,117502,-0.7564215660095215,1.0545211780408594e-27,0.0005
1315,470702,86.4,29.344203030000003,129,5164,23.210193216106283,28.17336951824488,10.442548751831055,117575,-1.0131316184997559,1.0164624912238344e-27,0.0005
1318,471017,86.24,29.132257369999998,129,5168,21.03912865027676,22.35695556349613,15.482675552368164,117654,-0.5694515109062195,9.76821556660998e-28,0.0005
1319,471324,86.05,27.051542750000003,129,5172,19.837432812386588,15.882285979991982,62.8536262512207,117730,1.5973610877990723,9.401458801370374e-28,0.0005
1323,471662,86.59,27.116700600000005,129,5176,21.401856051640145,22.427954633497936,13.685159683227539,117815,-1.5096700191497803,9.007557016529603e-28,0.0005
1324,471981,86.48,26.86729042,129,5180,24.533639177089494,26.665009262974912,44.2581787109375,117895,0.41309666633605957,8.651914792999056e-28,0.0005
1327,472315,86.8,26.360122379999996,129,5184,22.743608890464614,20.46046488013783,25.50590705871582,117978,-2.0912086963653564,8.297770942965242e-28,0.0005
1331,472701,87.53,27.308434860000002,129,5188,20.969524605105338,19.81768203256185,16.963802337646484,118075,-0.5181877017021179,7.902218154679644e-28,0.0005
1335,473129,88.74,27.437423969999994,129,5192,20.670553122602918,18.48918120019684,13.226410865783691,118182,-0.7245871424674988,7.487722882426026e-28,0.0005
1336,473497,88.46,27.17481178,129,5196,19.23327459367881,16.781401633240353,16.875593185424805,118274,-0.7161034941673279,7.148760656661331e-28,0.0005
1339,473790,87.56,27.96302522,129,5200,23.20266741871216,24.390435076159708,21.692251205444336,118347,1.978339433670044,6.890754414626467e-28,0.0005
1343,474169,88.03,28.22086475,129,5204,23.52782130882865,28.773976402918983,19.916563034057617,118442,1.140040636062622,6.568886261565667e-28,0.0005
1346,474604,88.66,28.459823400000005,129,5208,23.334438938281064,21.77711863846727,239.20486450195312,118550,0.3266581594944,6.221195239810523e-28,0.0005
1349,475025,89.52,28.20340052,129,5212,21.741941336798572,20.451305238162025,41.61484146118164,118656,1.6562443971633911,5.897843639210058e-28,0.0005
1351,475402,90.39,27.095959880000006,129,5216,17.892649435935972,15.819841288177109,14.846933364868164,118750,0.746511697769165,5.625185403640782e-28,0.0005
1354,475695,90.12,27.023311680000003,129,5220,15.473044569923779,24.65426493578165,14.892251968383789,118823,-4.034236907958984,5.422167350413091e-28,0.0005
1357,476116,90.76,26.920523229999993,129,5224,20.91953582336852,15.433656498116372,20.485084533691406,118928,-1.2979516983032227,5.142934471496163e-28,0.0005
1359,476453,89.89,26.595605380000002,129,5228,23.178192529066173,23.50519186869888,20.767379760742188,119013,0.32903602719306946,4.927456614493258e-28,0.0005
1362,476730,88.85,24.01878448,129,5232,24.61165373224236,22.73311457038635,173.73109436035156,119082,-0.5776585936546326,4.759195818971923e-28,0.0005
1364,477043,88.63,23.923841690000003,129,5236,23.591535555138123,26.110231984328706,14.210416793823242,119160,-1.0497617721557617,4.57589639947984e-28,0.0005
1366,477474,89.46,23.636856769999998,129,5240,19.711590579029206,14.664733961946819,17.366315841674805,119268,1.0879528522491455,4.333693857086131e-28,0.0005
1369,477824,88.91,23.73614474,129,5244,18.041423667903224,16.76843274019922,44.903160095214844,119355,1.0655263662338257,4.147941765809871e-28,0.0005
1373,478164,88.87,23.473522619999997,129,5248,17.209405745789276,14.727519900375974,80.81364440917969,119440,1.2742762565612793,3.9741518661594433e-28,0.0005
1376,478545,88.68,23.92238918,129,5252,20.568761102657728,17.839067474798195,20.17543601989746,119536,-1.935099720954895,3.7866113081885765e-28,0.0005
1378,478916,88.83,24.10033618,129,5256,18.616463042992912,15.670227857573867,17.866153717041016,119628,1.132118582725525,3.615195117194606e-28,0.0005
1382,479306,88.94,25.211072830000003,129,5260,20.115117384881415,17.10356258325299,17.360034942626953,119726,-0.33682680130004883,3.441126679925971e-28,0.0005
1384,479649,89.47,25.496521209999997,129,5264,23.838020132346223,23.351568299673882,15.333440780639648,119812,-0.5962800979614258,3.2952909311945945e-28,0.0005
1387,480039,90.22,25.58999447,129,5268,20.620847127147965,22.247872679566797,13.717345237731934,119909,0.7600411176681519,3.138205344175566e-28,0.0005
1389,480369,90.45,28.851864670000005,129,5272,22.691240684063786,22.77239287693391,39.23826599121094,119992,-1.3999865055084229,3.0097508724510416e-28,0.0005
1392,480761,90.99,29.045174579999998,129,5276,22.83541559980895,20.739905002767944,12.658639907836914,120090,-0.3688395917415619,2.864833792303138e-28,0.0005
1396,481120,91.39,28.98469012,129,5280,22.67373680618717,22.5117686945189,14.461159706115723,120179,-0.19648998975753784,2.7392804932985897e-28,0.0005
1399,481524,92.09,29.344105250000002,129,5284,22.18314137908806,17.926082568424004,19.192394256591797,120280,-3.0834808349609375,2.603450432110791e-28,0.0005
1400,481894,91.93,29.467679360000005,129,5288,23.854579454373994,25.21687495586743,18.162647247314453,120373,-2.7863998413085938,2.484343702112593e-28,0.0005
1404,482340,92.11,29.10768228,129,5292,18.981371899435125,14.524092514473788,12.024099349975586,120484,-3.281646728515625,2.3492955684822156e-28,0.0005
1407,482648,91.51,29.078232849999996,129,5296,21.832570028569336,21.266866073730583,9.972345352172852,120561,1.2248594760894775,2.2599504746558765e-28,0.0005
1409,482969,91.79,26.279365050000003,129,5300,23.48291395946249,21.942242708455485,32.49626159667969,120642,-0.2290250062942505,2.169629175088976e-28,0.0005
1412,483321,91.52,26.140420329999998,129,5304,18.90475386714485,20.967239172176193,92.87061309814453,120730,0.18121743202209473,2.075588423316978e-28,0.0005
1415,483709,91.05,26.212082079999995,129,5308,24.020338076949013,26.87529531792725,23.167030334472656,120827,0.5989699363708496,1.976645698354028e-28,0.0005
1418,484071,90.46,26.05904144,129,5312,20.319488982645435,17.297035946325494,31.62511444091797,120917,0.13313031196594238,1.8890663211748274e-28,0.0005
1420,484436,90.34,27.18676603000001,129,5316,22.33194539141688,23.39070984722422,15.98498821258545,121008,-1.6805171966552734,1.8044585335291948e-28,0.0005
1423,484740,90.45,27.34279918,129,5320,22.102560076006352,21.69271829274999,13.186626434326172,121084,0.4771862030029297,1.7367082903161621e-28,0.0005
1426,485084,89.68,27.26623321,129,5324,21.205564287961,22.84375127865112,15.4782133102417,121170,-2.118328809738159,1.6631061089671088e-28,0.0005
1428,485479,90.26,27.35717885,129,5328,21.31138783814256,17.65804034408199,13.314661979675293,121269,-0.3738122582435608,1.5822260790994593e-28,0.0005
1431,485874,91.44,29.92149766,129,5332,22.195031551793676,18.94345402000749,12.762009620666504,121368,-1.9115102291107178,1.5052850574505677e-28,0.0005
1434,486205,91.62,29.90141661,129,5336,20.72731994137376,22.113728895342398,14.650625228881836,121451,-0.2379465103149414,1.4436701048166236e-28,0.0005
1437,486514,90.4,30.0948125,129,5340,23.897679716260978,22.307056484578784,20.30352783203125,121528,-2.113720417022705,1.3887664161857614e-28,0.0005
1439,486947,91.23,29.629850359999995,129,5344,19.09419934894498,14.624183521896423,15.648897171020508,121636,-1.478278398513794,1.3152590868864692e-28,0.0005
1443,487351,91.87,29.781643179999996,129,5348,21.303518824833223,15.951480499106488,17.991153717041016,121737,-2.4201369285583496,1.250040598955955e-28,0.0005
1446,487714,91.69,29.67298719,129,5352,23.365233144255047,23.02268425970611,27.243431091308594,121828,-0.758848249912262,1.194053574731375e-28,0.0005
1449,488049,91.33,30.264175390000005,129,5356,21.31448603971533,15.326121169667534,16.24227523803711,121912,-0.8098094463348389,1.144601471549344e-28,0.0005
1451,488380,90.74,31.196366740000002,129,5360,22.213361268944684,23.546404892998105,15.190643310546875,121994,-2.446423292160034,1.0983029582806256e-28,0.0005
1454,488712,90.63,30.75259751,129,5364,20.58724370858145,16.18235674710127,11.832903861999512,122077,-1.7859182357788086,1.0533466978125235e-28,0.0005
1457,489047,90.08,30.680060960000002,129,5368,22.29317126014931,18.554939074960206,58.75606155395508,122161,-3.323237895965576,1.0097220373450329e-28,0.0005
1458,489345,89.76,30.675762409999997,129,5372,21.728179596692772,24.886929708659814,22.726116180419922,122236,1.2842580080032349,9.72300436116549e-29,0.0005
1462,489747,89.86,30.31705629,129,5376,20.80473647788975,19.28931032857559,14.271585464477539,122336,-3.060297966003418,9.24553442973719e-29,0.0005
1465,490079,89.59,30.8229498,129,5380,21.051129638908343,18.854883305892454,51.925662994384766,122419,-1.4861477613449097,8.867091603077529e-29,0.0005
1466,490475,89.51,30.711492760000002,129,5384,21.78540280476967,22.903928336331326,19.985795974731445,122518,-0.7117848992347717,8.435899962653531e-29,0.0005
1470,490827,89.33,30.908605639999998,129,5388,21.21629870652219,18.581212731256507,12.937220573425293,122606,-1.0589711666107178,8.070253134915e-29,0.0005
1473,491121,87.81,31.38007368,129,5392,22.2779916731255,28.41408964674948,13.814419746398926,122680,-2.0087642669677734,7.775073676429168e-29,0.0005
1474,491447,87.99,30.967949519999998,129,5396,20.642624072783434,25.7565228051913,18.10276222229004,122761,-3.5320630073547363,7.464333907698901e-29,0.0005
1477,491797,88.28,33.60198966,129,5400,20.485389215060682,21.46987864206761,11.31416130065918,122849,-1.4840552806854248,7.140798741900613e-29,0.0005
1480,492142,88.21,33.289340689999996,129,5404,22.0148538673824,21.38209851652533,25.966955184936523,122935,-1.6376523971557617,6.838170147501755e-29,0.0005
1482,492489,87.8,33.07204255,129,5408,21.985976778997035,21.533818619243718,43.186622619628906,123022,-2.1693108081817627,6.54507069335586e-29,0.0005
1485,492829,87.58,33.43025825,129,5412,21.5033630162112,21.51480394332942,14.815149307250977,123107,-3.771674394607544,6.270845954518069e-29,0.0005
1488,493161,87.25,32.97073161,129,5416,23.597043455970645,21.37761562410534,16.945064544677734,123190,0.3020614981651306,6.014165233767429e-29,0.0005
1489,493483,87.43,32.68101889999999,129,5420,23.091118880927535,22.34501601930077,13.245941162109375,123270,-2.054083824157715,5.776709506833528e-29,0.0005
1492,493792,87.08,32.595642299999994,129,5424,22.435264790888024,21.5524752908428,17.01453971862793,123347,1.1752891540527344,5.557018076224168e-29,0.0005
1495,494126,86.47,32.818073309999996,129,5428,23.826248382458175,22.938915835654683,16.83938217163086,123431,-0.8317509889602661,5.326873058988539e-29,0.0005
1497,494475,86.01,32.86084996,129,5432,21.403257767233885,20.15242991189478,25.54358673095703,123518,2.475233793258667,5.098551054815894e-29,0.0005
1499,494819,86.14,32.790645239999996,129,5436,23.980538160410546,28.021205467689676,30.91590118408203,123604,-1.7197836637496948,4.8824731502646913e-29,0.0005
1502,495181,86.67,32.09844146,129,5440,19.405870337557033,19.293720943897384,15.80752944946289,123695,-0.9852429032325745,4.663796143068227e-29,0.0005
1505,495537,85.9,32.70676198,129,5444,22.608728178630887,23.413637234988776,20.128883361816406,123784,0.7975900769233704,4.4594020128952705e-29,0.0005
1507,495877,85.26,33.08218643,129,5448,23.246906899803378,27.14813727548171,12.462011337280273,123869,-2.373584270477295,4.272562734165404e-29,0.0005
1510,496176,84.62,33.00688309,129,5452,20.56649824532838,23.449713980168397,15.07603645324707,123943,-5.590559482574463,4.1162879636529625e-29,0.0005
1512,496516,84.67,32.53778055,129,5456,22.416826287417535,21.113129539104406,11.292057037353516,124028,-2.570692300796509,3.943824548251731e-29,0.0005
1514,496869,84.89,33.113889379999996,129,5460,23.12390506060179,24.281144156391996,13.204573631286621,124117,-0.5079203844070435,3.7709837709520217e-29,0.0005
1517,497180,84.68,32.97222888,129,5464,23.72986617371327,24.150671244538003,13.403278350830078,124194,1.3785192966461182,3.627571203202549e-29,0.0005
1520,497520,84.73,32.81537751,129,5468,24.043979161243193,23.22457938320237,8.2024507522583,124279,-3.3105835914611816,3.475583432375692e-29,0.0005
1522,497817,84.72,31.03671354,129,5472,20.351968119752776,19.799264374723446,13.595455169677734,124354,-1.0850876569747925,3.346773927502982e-29,0.0005
1525,498201,84.54,31.374128820000006,129,5476,19.834806576809953,15.553944389756323,11.312368392944336,124450,-0.7031524181365967,3.1888395470462757e-29,0.0005
1528,498546,84.67,31.162134350000006,129,5480,19.98404705082597,15.635872378400434,11.788965225219727,124536,-4.44428825378418,3.0536955382158543e-29,0.0005
1530,498875,84.0,31.405092609999997,129,5484,23.30424195251518,25.253741425095715,87.90872955322266,124618,2.5308732986450195,2.9301754193794713e-29,0.0005
1533,499242,84.15,31.418094489999998,129,5488,20.89986948384512,21.31269318243091,20.210433959960938,124710,0.4485594928264618,2.797529100945677e-29,0.0005
1536,499631,85.1,30.931841650000003,129,5492,20.832295196385886,18.060517153954454,42.98182678222656,124807,0.6997771859169006,2.6641716930652287e-29,0.0005
1539,500011,85.64,31.60555195,129,5496,15.642513196061255,23.324744836772847,13.1864013671875,124902,-0.22706562280654907,2.539728030635201e-29,0.0005
1541,500338,85.41,31.636933439999996,129,5500,22.12646189732799,21.78857102720262,16.769638061523438,124984,-1.0188757181167603,2.436997422768817e-29,0.0005
1544,500683,85.41,31.76334387,129,5504,21.26189730837064,21.113674677086788,17.891109466552734,125070,-1.2135624885559082,2.3337167211620672e-29,0.0005
1548,501069,85.8,32.12201481,129,5508,20.830920112475724,14.707140954013362,21.27564239501953,125167,-0.6188597679138184,2.2224691395064612e-29,0.0005
1549,501432,86.03,32.23557191,129,5512,18.3114694108273,18.53908501845671,11.653992652893066,125257,-0.9667714238166809,2.1239981470092647e-29,0.0005
1553,501770,86.09,32.34075339,129,5516,22.66086962543861,26.19080489499223,14.780532836914062,125342,0.749011754989624,2.0350072437367605e-29,0.0005
1556,502083,86.0,32.93162043,129,5520,19.493287206839216,25.691731962156723,17.415515899658203,125420,0.024757206439971924,1.9566292677007684e-29,0.0005
1558,502431,86.39,31.997072020000004,129,5524,20.9281731917051,20.196195929148228,13.443767547607422,125507,-0.08585453033447266,1.872763595029488e-29,0.0005
1561,502801,86.75,32.24419863,129,5528,22.60836655806795,20.643113447465424,16.442428588867188,125600,-0.752128541469574,1.7870852912613298e-29,0.0005
1564,503141,86.66,32.65918508,129,5532,22.131458037993955,24.673313648498937,16.428403854370117,125685,1.3955647945404053,1.7122102507749688e-29,0.0005
1568,503560,87.41,32.79943445000001,129,5536,23.64545028124732,23.254828526514583,33.804439544677734,125789,-0.820212721824646,1.6248523254467174e-29,0.0005
1570,503855,86.74,33.577908580000006,129,5540,22.370896996064445,25.397523013826117,21.363842010498047,125863,-0.8355867862701416,1.5654212870917423e-29,0.0005
1573,504174,86.37,31.062101790000007,129,5544,19.74224521983489,14.556587595053784,87.82374572753906,125943,-0.8972686529159546,1.5036142831311564e-29,0.0005
1576,504562,86.85,30.786969720000002,129,5548,21.388723751511392,22.688235580095405,16.920745849609375,126040,-1.053255319595337,1.4319374900586935e-29,0.0005
1578,504953,87.77,30.970882260000003,129,5552,16.613004725539188,17.69241553887999,10.810482025146484,126138,-2.895695686340332,1.3629908531456764e-29,0.0005
1581,505289,87.73,30.633454960000005,129,5556,19.719486779718874,19.300744465790544,82.82450103759766,126222,-2.944174289703369,1.3065421474022403e-29,0.0005
1584,505660,87.91,30.42700137,129,5560,23.029059484233933,23.657673127830932,13.990912437438965,126314,-0.7076725363731384,1.2473962369570007e-29,0.0005
1587,506005,88.25,28.500842020000004,129,5564,16.857342199313756,10.561865475522671,19.355518341064453,126401,-2.889274835586548,1.1939300142883805e-29,0.0005
1588,506299,87.79,29.070250790000003,129,5568,23.36604129169635,26.465511573753496,16.082653045654297,126474,-1.5816713571548462,1.1508398896584235e-29,0.0005
1592,506669,88.52,31.147375519999997,129,5572,23.200866900156573,24.25094479883143,15.132573127746582,126567,2.103341579437256,1.0981893284139067e-29,0.0005
1593,506980,87.79,31.04863023,129,5576,23.38381377372278,24.64760030002332,35.011451721191406,126644,-0.08861182630062103,1.0564245595585696e-29,0.0005
1597,507363,88.17,30.834067609999998,129,5580,20.80664586871651,26.37490440533115,13.536584854125977,126740,0.29786086082458496,1.006571862948106e-29,0.0005
1600,507704,88.29,30.887206510000002,129,5584,22.6466062137061,16.44579496889526,13.321016311645508,126825,-1.6499311923980713,9.643986615276096e-30,0.0005
1603,508084,88.42,28.411422469999998,129,5588,19.47746043930162,18.013818768712387,31.60933494567871,126920,-1.4150390625,9.193513858233075e-30,0.0005
1605,508471,88.4,28.88538671,129,5592,19.85799130793507,16.55691194344519,22.270904541015625,127017,2.7786765098571777,8.755261728540299e-30,0.0005
1608,508847,88.36,28.8844516,129,5596,21.096757592122042,15.36395877665925,20.62253189086914,127111,-2.137650489807129,8.35050573355217e-30,0.0005
1611,509139,88.01,28.962066529999994,129,5600,21.899740722718384,24.720179227614373,11.60851001739502,127184,-0.5552048087120056,8.049127037594564e-30,0.0005
1614,509507,88.24,28.73689854,129,5604,20.77497652030266,18.72686949018365,33.74452209472656,127276,0.36688339710235596,7.684750872229498e-30,0.0005
1616,509937,88.68,28.647623479999996,129,5608,20.934191030190743,15.72464365550426,12.680721282958984,127384,-0.35863009095191956,7.277996724924068e-30,0.0005
1619,510276,88.44,28.595036290000003,129,5612,20.516687777079053,18.632978797503625,18.15304946899414,127468,-2.059952735900879,6.976576651565313e-30,0.0005
1622,510645,88.75,28.114904810000002,129,5616,19.329886085862537,15.16044736623795,14.201827049255371,127561,0.5396610498428345,6.657400406898969e-30,0.0005
1623,510936,88.53,27.981797349999997,129,5620,20.82573547852947,24.941183435522596,25.25778579711914,127633,-1.2766022682189941,6.420359808146049e-30,0.0005
1626,511283,88.52,28.73978815,129,5624,22.061065082849144,16.942625713536234,25.84368324279785,127720,-0.6072994470596313,6.145168493217418e-30,0.0005
1629,511614,88.13,28.79959652,129,5628,21.638914931201192,15.411000837460788,13.764740943908691,127803,-2.128739833831787,5.893631510051062e-30,0.0005
1631,511992,88.51,28.721444129999995,129,5632,21.519839118150394,22.04568300039704,11.424981117248535,127897,2.1976819038391113,5.621168846649107e-30,0.0005
1634,512294,87.34,28.79810764,129,5636,21.090825003862285,22.87225186649341,13.052118301391602,127973,-3.150254249572754,5.4101158889250705e-30,0.0005
1637,512691,88.36,28.302610220000002,129,5640,20.29181362217026,18.26338701439844,17.008560180664062,128072,0.2994433641433716,5.147031225414428e-30,0.0005
1640,513041,88.67,30.521220809999996,129,5644,22.33276754112097,28.09379188102554,16.11975860595703,128160,1.156485915184021,4.923937820114241e-30,0.0005
1642,513388,88.26,30.597453420000008,129,5648,21.77568803226162,22.347084350626865,7.39102840423584,128246,-2.0927157402038574,4.715260677532538e-30,0.0005
1645,513702,87.49,30.431030609999997,129,5652,22.82491865714233,24.461463116886417,12.34947681427002,128325,-0.4109429717063904,4.5313708551882065e-30,0.0005
1648,514001,87.12,30.834663670000005,129,5656,18.633918633027804,24.245840335399993,25.122825622558594,128400,-1.8688387870788574,4.3634323971449854e-30,0.0005
1649,514305,86.45,31.198862999999996,129,5660,23.067023298385998,26.121215976509053,13.4495849609375,128476,0.1418532133102417,4.199602338877662e-30,0.0005
1653,514717,87.12,33.49986622,129,5664,22.869704988923143,17.833647432640394,30.84381103515625,128579,0.31588706374168396,3.987343794147422e-30,0.0005
1655,515041,87.42,33.16227609,129,5668,20.77121820110758,21.43250677959838,15.114862442016602,128660,-2.500436305999756,3.827985128311531e-30,0.0005
1657,515353,86.84,33.279081309999995,129,5672,22.160029841445862,19.850212397958177,10.791560173034668,128738,-2.2931745052337646,3.680550677170381e-30,0.0005
1660,515701,87.21,32.44914636,129,5676,22.38674143535128,20.30615063834349,45.41856384277344,128825,-3.3658790588378906,3.522794069075338e-30,0.0005
1663,516001,86.38,32.30221391,129,5680,19.971207883425965,24.469710122281846,261.65557861328125,128900,-3.475714921951294,3.3922348267554966e-30,0.0005
1665,516389,86.85,31.63269963,129,5684,22.67072722776722,26.733194325196614,27.999120712280273,128997,-0.6747167706489563,3.230528181483499e-30,0.0005
1668,516767,86.83,33.994599109999996,129,5688,19.719759174838696,26.56994395118216,15.47838020324707,129091,0.8160973787307739,3.0811804016974023e-30,0.0005
1671,517145,86.74,33.50043021,129,5692,20.218270958253633,19.23064678973804,11.748114585876465,129186,-0.303420752286911,2.937257951518317e-30,0.0005
1673,517495,86.48,33.5431988,129,5696,19.961997040533905,19.74251883480669,18.814836502075195,129273,-1.3901184797286987,2.8113604376751925e-30,0.0005
1676,517880,87.41,33.252724369999996,129,5700,19.04989334698086,17.15502030011105,9.303001403808594,129369,-1.3366402387619019,2.6786922644504278e-30,0.0005
1679,518244,87.37,33.24601925,129,5704,19.849872769982657,18.353508828492163,24.533872604370117,129460,-1.9676473140716553,2.558718489819063e-30,0.0005
1683,518669,87.32,33.19004812,129,5708,22.563120099257826,22.987521732699268,24.845531463623047,129567,0.09015274047851562,2.4245059991359622e-30,0.0005
1686,519041,87.65,33.26509056,129,5712,20.010568948333788,18.95121634043988,14.210506439208984,129660,-1.7745484113693237,2.3135855998759866e-30,0.0005
1687,519313,86.68,32.37580293,129,5716,18.833459253995507,20.81342332422558,23.052732467651367,129728,-3.7591447830200195,2.235707688540789e-30,0.0005
1690,519693,87.57,31.85198072,129,5720,20.833123549660854,14.216389896447595,14.027267456054688,129823,-1.0884727239608765,2.1312773346510255e-30,0.0005
1692,519996,87.13,29.64261268,130,5724,22.067832429225113,22.715821424478765,14.357320785522461,129898,-0.9611531496047974,2.0522893804904594e-30,0.0005
1695,520316,87.02,29.30631042,129,5728,20.20946198753931,22.44677837843933,22.398101806640625,129978,-2.8516809940338135,1.9712598277413852e-30,0.0005
1697,520618,86.26,29.49681706999999,129,5732,23.703637686817796,24.872733964089818,31.983192443847656,130054,0.46548017859458923,1.8972467537525952e-30,0.0005
1699,520924,86.3,29.652525289999993,130,5736,24.22824333983853,26.064093528178134,18.27787208557129,130130,-2.9599030017852783,1.826012548409149e-30,0.0005
1702,521240,85.49,29.863360129999997,129,5740,20.868051653049406,21.62432937066278,36.44939041137695,130209,-0.8465569019317627,1.7548003483199504e-30,0.0005
1705,521583,85.42,30.038804549999995,129,5744,22.330087127978295,20.783837915599225,129.5438995361328,130295,-1.2725822925567627,1.6804316167603757e-30,0.0005
1706,521939,85.51,29.85370372,130,5748,19.330165379762455,21.328814908846198,15.93317699432373,130384,-0.6588746309280396,1.6067852970090422e-30,0.0005
1709,522274,85.72,29.98709606,130,5752,21.304365999123654,19.591089877285366,19.895336151123047,130468,-1.4858107566833496,1.540239903532156e-30,0.0005
1711,522608,86.07,29.914174559999996,130,5756,21.1026933760535,15.56753557570384,8.630316734313965,130551,-5.271673202514648,1.4771940037574419e-30,0.0005
1713,522988,86.83,29.99207908,130,5760,22.999901914784743,26.28313393223588,21.51850128173828,130646,-1.4048188924789429,1.4081940840364908e-30,0.0005
1716,523340,86.23,30.17350653,130,5764,20.511984632580287,18.04906783922721,13.449553489685059,130734,-1.165645718574524,1.3471570570875578e-30,0.0005
1719,523683,86.42,30.4591373,130,5768,18.75029973414031,19.87683520969725,26.738910675048828,130820,0.317534863948822,1.2900642368636e-30,0.0005
1723,524087,87.34,30.13675227,130,5772,21.724142801864435,18.42463199395971,131.66085815429688,130921,-0.8712098598480225,1.2260953389246202e-30,0.0005
1724,524464,87.63,31.21092472,130,5776,22.32092630770531,21.742128728388114,33.1455078125,131015,-3.778414487838745,1.1694128132488733e-30,0.0005
1727,524772,87.71,31.677854909999994,130,5780,19.207173242388546,19.46283623894248,24.254947662353516,131092,1.1930322647094727,1.1249395361380552e-30,0.0005
1730,525112,87.23,32.22868020000001,130,5784,21.804220005395404,20.928212641104093,15.58755111694336,131177,-1.2900516986846924,1.0778068206079367e-30,0.0005
1732,525456,86.89,32.17967107,130,5788,21.71062773076389,22.662802967393983,17.41832733154297,131263,2.585582971572876,1.03212917900504e-30,0.0005
1735,525758,86.13,32.67940504999999,130,5792,23.246427729099146,25.28164596239681,20.747901916503906,131339,-4.178101539611816,9.933767978008038e-31,0.0005
1738,526143,86.48,31.828095629999996,130,5796,20.531691468577137,15.235442357297801,12.035501480102539,131435,-3.433633804321289,9.464993056041358e-31,0.0005
1739,526496,86.16,31.86820348,130,5800,19.732352614211887,19.355419444403285,15.198493957519531,131523,-3.295900344848633,9.054741766022457e-31,0.0005
1742,526747,85.03,28.316961149999994,130,5804,16.413618953449593,8.337189746195769,32.051910400390625,131586,-1.8484244346618652,8.772006222389796e-31,0.0005
1745,527037,83.68,28.394364869999993,130,5808,24.313939890941036,24.20797728625626,18.90845489501953,131659,-1.4681439399719238,8.455414560662493e-31,0.0005
1747,527406,83.65,28.487299229999994,130,5812,23.179585423046444,16.724462761655452,22.542125701904297,131751,-1.2377086877822876,8.072646328565817e-31,0.0005
1749,527724,84.11,29.484039109999998,130,5816,22.215423833806618,21.014310445103423,14.377777099609375,131830,-1.4848051071166992,7.75782261034215e-31,0.0005
1752,528030,83.37,30.05125313,130,5820,22.474899092418696,23.10706182689614,15.58245849609375,131907,-2.491706371307373,7.462788574613446e-31,0.0005
1753,528311,83.15,32.62789967,130,5824,20.318732262546803,25.872373890090206,24.746334075927734,131977,1.1227107048034668,7.2043236979410834e-31,0.0005
1756,528674,83.58,32.8376602,130,5828,21.85412477427848,21.221308305337566,30.06260871887207,132068,-2.1947741508483887,6.881655200617769e-31,0.0005
1759,529053,84.35,32.61773029,130,5832,23.16601340175005,26.64092689111899,10.656451225280762,132163,-1.9601759910583496,6.560212038605751e-31,0.0005
1761,529410,84.86,32.23275422,130,5836,20.35619440232688,18.207847436867567,21.793968200683594,132252,-1.2335429191589355,6.272706338897454e-31,0.0005
1764,529754,85.14,31.5485703,130,5840,21.978027834027518,19.609138672826308,15.06272029876709,132338,-0.2977798283100128,6.006867821261253e-31,0.0005
1767,530141,85.58,31.46196631,130,5844,22.39054642071688,22.36533495374182,15.345766067504883,132435,-3.332286834716797,5.720521629180607e-31,0.0005
1769,530443,85.04,31.51088586,130,5848,19.264069064093594,22.08168479324249,14.339189529418945,132510,-0.5429086089134216,5.508511819055001e-31,0.0005
1772,530824,85.5,31.260018090000003,130,5852,19.121343496269503,16.879607371525267,133.15597534179688,132605,-4.542543411254883,5.251208330801251e-31,0.0005
1775,531145,85.37,31.07516356,130,5856,22.222443906687587,23.650760256832044,26.555950164794922,132686,-4.146268844604492,5.041337920394141e-31,0.0005
1776,531446,84.58,30.963836919999995,130,5860,22.69545798909467,25.18349659542184,15.906534194946289,132761,-2.976261615753174,4.854499205901563e-31,0.0005
1779,531799,84.59,30.87836104,130,5864,22.747313527906798,21.24980783707364,25.684185028076172,132849,-2.9558169841766357,4.644085246906633e-31,0.0005
1782,532102,84.19,30.945913190000006,130,5868,22.016755692640245,19.69525589807357,125.03042602539062,132925,-2.432051658630371,4.469718057278539e-31,0.0005
1784,532487,84.0,29.747441010000003,130,5872,16.12432058088889,15.830660974346298,14.601555824279785,133021,-4.72367000579834,4.258792052944391e-31,0.0005
1787,532816,83.52,29.489489439999996,130,5876,21.474800684915223,20.30526401454067,56.52571105957031,133103,-4.457324981689453,4.086526177017827e-31,0.0005
1791,533228,84.56,29.187905269999998,130,5880,19.461050376784495,11.784304638352559,22.160242080688477,133206,-0.6173325181007385,3.879982415623544e-31,0.0005
1794,533608,84.96,29.075680779999992,130,5884,23.35210442988708,20.755452472313596,17.10668182373047,133301,-3.039214849472046,3.698747752899076e-31,0.0005
1796,533958,85.02,29.378241520000003,130,5888,21.20558959553801,21.247962298187037,10.799068450927734,133389,-3.1050286293029785,3.5384286611587888e-31,0.0005
1799,534330,85.72,29.205106080000004,130,5892,21.0978707706528,14.503225360743745,10.022880554199219,133482,-4.197593688964844,3.3765468672285184e-31,0.0005
1802,534694,85.51,29.41007893,130,5896,19.670057398800985,24.905823618404987,11.914063453674316,133573,-0.9323203563690186,3.22531763820427e-31,0.0005
1806,535007,85.11,28.12864878,130,5900,20.79328666680286,24.49208097502435,57.82946014404297,133651,-1.1609833240509033,3.101095156791293e-31,0.0005
1808,535394,86.47,31.999861119999995,130,5904,19.4378380927321,15.895689481868004,23.293886184692383,133748,-4.711837291717529,2.9532666329239734e-31,0.0005
1811,535686,86.49,32.30423338,130,5908,20.93566963482392,21.58611668264834,15.139245986938477,133821,-2.620907783508301,2.8466803283552536e-31,0.0005
1814,536024,86.18,30.68364055,130,5912,19.75660004472502,14.321549902966654,9.016792297363281,133905,-3.4077115058898926,2.7287841224395323e-31,0.0005
1816,536392,86.68,30.943987430000004,130,5916,19.114546284691595,27.011219074834056,16.773696899414062,133997,-1.8023080825805664,2.6052547124958004e-31,0.0005
1819,536750,87.2,30.545854269999996,130,5920,18.407324694050097,16.80304896363083,18.220434188842773,134087,-5.476433277130127,2.4898235182337534e-31,0.0005
1822,537121,88.1,30.775136509999996,130,5924,24.02405607042872,26.481950404346094,11.264158248901367,134180,-1.6914652585983276,2.3759150593537616e-31,0.0005
1824,537415,87.41,30.745554010000006,130,5928,20.74733971516388,24.08781264855056,12.351913452148438,134253,-2.016810655593872,2.290165802746588e-31,0.0005
1827,537735,86.82,30.49537792,130,5932,20.702893854016214,20.986773540642368,14.471478462219238,134333,-2.391173839569092,2.1997439560948956e-31,0.0005
1830,538177,87.67,30.563352060000003,130,5936,19.619540612122385,13.589748902811492,10.847159385681152,134444,-3.1174793243408203,2.0801667932574984e-31,0.0005
1833,538556,88.02,31.42471013999999,130,5940,21.673830196079034,23.391750971833698,17.381515502929688,134538,-0.29303568601608276,1.984000775911078e-31,0.0005
1835,538901,87.6,31.628974769999996,130,5944,21.656124621501224,20.459870753239397,25.40876579284668,134625,-3.4039559364318848,1.898961870540106e-31,0.0005
1838,539229,87.86,31.52815911,130,5948,17.422724201394516,20.08754510506047,12.805723190307617,134707,-2.6127707958221436,1.822149779932799e-31,0.0005
1841,539597,87.73,31.877921290000007,130,5952,20.385362534505116,21.595332912396117,25.88919448852539,134799,-2.6907076835632324,1.7396628727974624e-31,0.0005
1843,539969,88.24,31.95227055,130,5956,22.892374196794854,22.224103788153812,8.698895454406738,134892,-1.788791298866272,1.660073911885208e-31,0.0005
1846,540310,88.64,31.9792296,130,5960,21.008035010446818,15.328630716283223,79.60714721679688,134977,-2.059727907180786,1.5905203813447935e-31,0.0005
1849,540772,89.73,31.247584110000002,130,5964,21.474577361423094,18.689026997776534,12.547616958618164,135092,-2.7473456859588623,1.5010338755480505e-31,0.0005
1852,541077,89.75,31.05346972,130,5968,23.613050019031395,22.929979678508705,16.355148315429688,135169,0.48867514729499817,1.443948696037373e-31,0.0005
1854,541432,89.45,32.49328958,130,5972,19.299593739726713,21.29789909641769,16.51799201965332,135257,-3.055277109146118,1.381362085415412e-31,0.0005
1856,541723,89.07,32.75469716,130,5976,19.045248588220506,22.224263842406895,153.07772827148438,135330,0.8639339208602905,1.3315072541072074e-31,0.0005
1860,542089,88.61,31.652588579999996,130,5980,17.988397038977737,14.053761056151671,35.579673767089844,135422,-2.240572452545166,1.2712311951812228e-31,0.0005
1861,542430,88.22,31.184169939999997,130,5984,23.48560089596476,24.62464861955427,18.500164031982422,135507,-1.2549479007720947,1.2179693110465948e-31,0.0005
1864,542770,88.12,30.963795270000002,130,5988,24.124406119812793,27.8099098255886,19.830854415893555,135592,-0.2309805154800415,1.1669389853875678e-31,0.0005
1867,543081,87.51,30.877336090000004,130,5992,20.302219930919776,23.492540883516003,13.41150951385498,135670,1.0320775508880615,1.121994546631053e-31,0.0005
1869,543419,87.25,31.47926811,130,5996,20.3074773143757,18.907999521658976,10.670936584472656,135754,-2.364069938659668,1.0755269022947428e-31,0.0005
1872,543825,88.18,32.74672855,130,6000,21.80261176594226,23.10757105716738,77.26202392578125,135856,-1.8105874061584473,1.0216812676654964e-31,0.0005
1875,544201,88.07,32.88144785,130,6004,21.824824833845792,21.060020911362137,22.81368064880371,135950,-1.7746007442474365,9.744488467045412e-32,0.0005
1878,544577,88.91,32.638796320000004,130,6008,19.995711873763568,19.363320727212027,11.202800750732422,136044,-0.19370579719543457,9.294001415991085e-32,0.0005
1879,544935,89.11,34.21382228,130,6012,22.93838029847537,24.503750526602968,13.496183395385742,136133,-2.5119006633758545,8.886684982717882e-32,0.0005
1882,545249,88.57,34.28559434,130,6016,22.842608299774845,28.33309732745856,10.585931777954102,136212,-3.803386688232422,8.540114571012122e-32,0.0005
1885,545603,88.53,34.54076222,130,6020,22.062564114337114,17.107029238126227,7.9260053634643555,136300,-2.9735641479492188,8.169950812191009e-32,0.0005
1887,545923,88.02,34.43610008,130,6024,24.479889163360937,28.25904074221212,17.039268493652344,136380,-1.7858922481536865,7.847379293151637e-32,0.0005
1890,546239,88.24,34.39630858,130,6028,21.1868688948099,19.306316219349824,13.43299674987793,136459,-0.2855268120765686,7.54134110215658e-32,0.0005
1893,546568,88.33,34.509002169999995,130,6032,22.33416443917502,19.491175244166094,12.08188533782959,136541,-2.84989333152771,7.23629737938232e-32,0.0005
1895,546899,87.22,34.733387390000004,130,6036,21.352833628435786,21.65954768007276,53.19253921508789,136624,-1.8853013515472412,6.940098076103646e-32,0.0005
1898,547219,86.63,31.748312009999996,130,6040,19.578786186155877,14.745443679983703,28.689027786254883,136704,-0.3816542327404022,6.666085053202392e-32,0.0005
1901,547555,86.54,31.809765560000002,130,6044,22.018507370441732,24.45901612692767,39.71544647216797,136788,-2.5984716415405273,6.390006686726743e-32,0.0005
1903,547932,87.03,31.97860136,130,6048,18.612439370367532,18.24174766145069,16.022367477416992,136882,-4.477776527404785,6.094596727904647e-32,0.0005
1906,548289,86.92,31.319041300000002,130,6052,19.974561381636963,18.15949309935896,10.795197486877441,136972,-1.320326805114746,5.824562753380926e-32,0.0005
1909,548627,86.58,28.645341079999998,130,6056,20.21265215627217,14.177859895480927,27.336444854736328,137056,-0.3128819167613983,5.583336618912808e-32,0.0005
1912,549001,86.91,28.6651718,130,6060,23.19850274017071,26.221877974797735,7.821736812591553,137150,-2.5098190307617188,5.325218630623373e-32,0.0005
1914,549376,86.04,29.142853540000004,130,6064,20.4367122582695,22.69839200444204,16.81899642944336,137243,-0.8557381629943848,5.081592136690875e-32,0.0005
1918,549787,87.1,28.6377686,130,6068,19.6386846197971,14.760842169016959,11.050320625305176,137346,-4.324197769165039,4.8247551433702486e-32,0.0005
1921,550132,87.0,28.383649209999998,130,6072,19.89349419156292,17.912707313191135,21.11376190185547,137432,-2.3271493911743164,4.6202811336541765e-32,0.0005
1924,550520,87.97,27.953915439999996,130,6076,17.802270919746476,14.95631224856964,14.93864631652832,137529,1.8346657752990723,4.4000337529915954e-32,0.0005
1926,550932,88.43,29.41807046,130,6080,22.57802596429101,24.187531970241764,13.190224647521973,137632,-2.8428473472595215,4.1776443277482285e-32,0.0005
1929,551303,88.73,30.036082190000002,130,6084,22.365205235273656,24.415182383909926,7.938587665557861,137725,-1.91062331199646,3.986518644132919e-32,0.0005
1932,551664,88.94,30.093220719999998,130,6088,22.699018372354242,17.647295850634563,11.668747901916504,137815,0.2627861499786377,3.809887687484011e-32,0.0005
1935,552012,89.31,30.344487590000004,130,6092,22.66017814463558,20.07703550389978,17.772899627685547,137902,-0.8813797831535339,3.646587130647016e-32,0.0005
1937,552395,89.76,30.0603252,130,6096,21.3701430388171,16.65871799149201,14.453332901000977,137998,-3.940356731414795,3.474504455515027e-32,0.0005
1940,552710,88.85,30.101949249999993,130,6100,19.520335292703567,21.832662173368192,9.878843307495117,138077,-1.8223724365234375,3.339002576833453e-32,0.0005
1943,553071,88.7,29.887851039999997,130,6104,23.887253452445062,21.851055205897445,20.360225677490234,138167,-1.1282265186309814,3.191061616931477e-32,0.0005
1945,553483,89.06,29.941054349999995,130,6108,21.623715991025055,22.024969627988614,35.404640197753906,138270,2.733427047729492,3.029776739032554e-32,0.0005
1949,553836,89.01,26.937639109999996,130,6112,20.5910258127096,19.376476437341758,15.173949241638184,138358,-1.7890172004699707,2.898453742768153e-32,0.0005
1952,554193,89.44,26.86340729,130,6116,20.979338406627694,15.388758405942035,10.685606002807617,138448,-1.8817241191864014,2.770031866561581e-32,0.0005
1953,554496,88.93,27.089656780000006,130,6120,24.047038853101043,22.11933646338526,17.196460723876953,138523,-1.7669587135314941,2.66737094905328e-32,0.0005
1956,554777,88.54,27.03799126,130,6124,22.859858847885302,27.689153383700226,10.052129745483398,138594,-2.9991259574890137,2.57369345324755e-32,0.0005
1959,555079,88.4,27.390421059999998,130,6128,21.907818064742692,25.856849998475518,15.50670051574707,138669,-0.03620919585227966,2.4783091396444263e-32,0.0005
1961,555437,88.69,27.54707107,130,6132,20.502025589755217,22.536751003505678,14.943562507629395,138759,-0.3843470811843872,2.36850253891427e-32,0.0005
1963,555774,88.75,27.106206779999997,130,6136,21.686661960052497,17.90091966917556,11.223799705505371,138843,-4.86393928527832,2.2704100332636457e-32,0.0005
1967,556194,89.75,29.959451429999998,130,6140,21.10985771305074,15.318801921824324,23.932125091552734,138948,-1.4417839050292969,2.1534878713543745e-32,0.0005
1970,556505,89.5,29.663659399999997,130,6144,22.433602664875366,20.539763761390063,15.620529174804688,139026,-0.35446226596832275,2.0705467532018802e-32,0.0005
1972,556843,89.11,30.06660341,130,6148,17.026245310445773,18.376123407981556,22.741666793823242,139110,1.3531224727630615,1.9847942933726004e-32,0.0005
1975,557174,88.85,30.66271101,130,6152,21.732737877347088,22.720946378040757,7.315484523773193,139193,-4.405743598937988,1.9035517645570443e-32,0.0005
1978,557540,89.13,33.618044039999994,130,6156,19.29862085512412,20.130843169089548,28.64499282836914,139284,-0.7883225679397583,1.8182952164070177e-32,0.0005
1980,557886,88.85,33.393733989999994,130,6160,23.18568286614719,24.482418963272757,14.786989212036133,139371,-1.4843981266021729,1.740358912389943e-32,0.0005
1983,558232,88.56,33.71327280999999,130,6164,20.05257553116522,18.534216489438847,12.802850723266602,139457,-1.7454255819320679,1.666602225474011e-32,0.0005
1986,558596,88.09,33.97447244,130,6168,20.638570216585382,14.148979869183755,11.942663192749023,139548,1.2857551574707031,1.5919581872600018e-32,0.0005
1988,558990,88.58,34.33066455,130,6172,20.844112055058446,17.11636047248736,12.741884231567383,139647,-0.7262201309204102,1.514543949671486e-32,0.0005
1991,559300,87.8,34.63332583,130,6176,21.462144173423976,24.76253709940492,19.999162673950195,139724,0.2568546533584595,1.4569450203547817e-32,0.0005
1994,559594,86.62,31.951365699999993,130,6180,21.357294156661855,17.84299501006197,24.615541458129883,139798,-0.51488196849823,1.403655306391398e-32,0.0005
1995,559977,86.74,31.697558499999996,130,6184,21.12006076606603,20.132237944680952,8.114294052124023,139894,-5.459368705749512,1.3374167874697375e-32,0.0005
1999,560381,87.17,31.800081669999994,130,6188,21.96203243251554,23.33260710871746,27.825397491455078,139995,-2.3651340007781982,1.2710996573633658e-32,0.0005
2002,560717,87.05,31.651223449999996,130,6192,19.771612519524098,20.42890785370436,9.977323532104492,140079,-3.359808921813965,1.2184566856981251e-32,0.0005
2006,561145,87.5,31.845604039999998,130,6196,20.919266844466417,15.003554734988644,13.036787986755371,140186,1.9842289686203003,1.1545449109071235e-32,0.0005
2007,561478,87.68,32.17291111,130,6200,23.423779063479152,23.933461053927847,12.323827743530273,140269,-1.9452062845230103,1.107286511521015e-32,0.0005
2011,561820,87.49,32.355130800000005,130,6204,20.521306548561455,24.370657364129954,10.245834350585938,140354,-3.646501064300537,1.0608934963823026e-32,0.0005
2014,562177,86.94,29.714977729999998,130,6208,20.57610277901708,17.52155141369759,41.67281723022461,140444,-0.36835262179374695,1.0138884894971933e-32,0.0005
2017,562561,87.25,32.80867271,130,6212,20.510065196762138,20.56061155554392,12.907440185546875,140540,-4.4012603759765625,9.660430041512461e-33,0.0005
2019,562899,87.06,32.999000349999996,130,6216,21.398546538787254,25.78705457526421,9.086132049560547,140624,-2.3597710132598877,9.260340988318495e-33,0.0005
2023,563286,87.9,32.210213919999994,130,6220,20.51125948453776,21.47184695815547,12.55756950378418,140721,-0.4504462778568268,8.818902451966416e-33,0.0005
2026,563667,88.9,31.992065430000004,130,6224,19.261899955964342,17.193517922626718,12.317182540893555,140816,-3.258838415145874,8.406969558503947e-33,0.0005
2027,563972,88.93,31.66427383,130,6228,21.211880303663026,21.3996406027035,12.837990760803223,140892,-3.3588695526123047,8.0913221420013e-33,0.0005
2031,564326,88.89,29.04489879,130,6232,22.372317351878472,15.535715237728905,15.709590911865234,140981,-3.2726187705993652,7.736714434608586e-33,0.0005
2034,564726,89.52,29.362999120000005,130,6236,20.9590603969462,16.947677344957953,13.942704200744629,141081,-3.3489294052124023,7.356785109531223e-33,0.0005
2037,565082,88.88,27.116940800000002,130,6240,21.618647757016358,20.514073037555107,24.916526794433594,141170,-3.037001609802246,7.034368314935778e-33,0.0005
2040,565503,89.98,27.031683219999994,130,6244,19.11428508322222,16.63104648279928,8.878683090209961,141275,-2.7803337574005127,6.672111078055089e-33,0.0005
2042,565801,89.58,26.948825069999994,130,6248,22.091121767108554,20.06633508816314,9.038389205932617,141350,-2.2167863845825195,6.424833351732143e-33,0.0005
2045,566147,89.73,26.82603987,130,6252,23.2371137838616,24.284761748668465,33.19890594482422,141436,-3.1919562816619873,6.1525477177794225e-33,0.0005
2048,566551,90.11,26.416175330000005,130,6256,22.361149158619973,20.976375651314243,17.306495666503906,141537,-4.031254768371582,5.847467995490668e-33,0.0005
2050,566908,90.22,26.499154579999995,130,6260,21.205744715740185,19.86780444510225,21.682720184326172,141626,-1.5408474206924438,5.5911988394098856e-33,0.0005
2053,567257,90.25,26.347261290000006,130,6264,21.62327248339425,17.544488605930162,9.98634147644043,141714,-3.9285590648651123,5.3488534139145934e-33,0.0005
2056,567603,90.07,26.549903319999995,130,6268,21.781501820254643,21.207869523798312,36.768714904785156,141800,-0.9492150545120239,5.122167777224162e-33,0.0005
2058,567961,89.71,26.45856422,130,6272,21.632691896258244,21.72139631776984,22.567779541015625,141890,-2.387451410293579,4.895219858356703e-33,0.0005
2061,568264,89.64,26.677222569999998,130,6276,25.61844671429313,25.843270474539043,8.976974487304688,141965,-3.0458922386169434,4.7137966316446835e-33,0.0005
2064,568645,90.51,29.062760400000002,130,6280,22.126866653006978,23.741780816754,12.335573196411133,142061,-2.8578193187713623,4.491351958166828e-33,0.0005
2065,568913,89.36,26.877597800000004,130,6284,20.390671847127503,23.399302263836848,15.99082088470459,142128,-4.542280673980713,4.342354008438272e-33,0.0005
2068,569283,89.02,26.795384620000004,130,6288,19.33136810476164,17.762566705209846,11.634378433227539,142220,-1.8192839622497559,4.145779761570107e-33,0.0005
2072,569649,89.32,26.739602949999995,130,6292,20.88585569766101,20.34672986108272,46.520084381103516,142312,1.6438779830932617,3.958104374279652e-33,0.0005
2075,570051,89.06,26.58122999,130,6296,21.81565697025475,19.012898886521803,10.42784309387207,142412,-4.267844200134277,3.76373270995134e-33,0.0005
2077,570433,89.55,26.344248460000006,130,6300,21.73996017568467,19.43365192931265,15.841009140014648,142508,0.20736011862754822,3.586122125697816e-33,0.0005
2080,570787,89.67,26.190551099999997,130,6304,19.473043585003172,14.998040693108488,86.36445617675781,142596,-3.1077651977539062,3.430684670978662e-33,0.0005
2083,571213,90.36,27.932386719999997,130,6308,19.004439485357867,12.552283071166684,15.381786346435547,142703,-4.136425018310547,3.250734852967001e-33,0.0005
2086,571551,89.9,27.435989189999997,130,6312,22.12906796960442,22.585143555650845,11.153772354125977,142787,-3.228771686553955,3.116104750283355e-33,0.0005
2088,571898,89.99,27.182805440000003,130,6316,22.99022036378323,20.987947678598598,35.55590057373047,142874,-3.923947334289551,2.9825412250520883e-33,0.0005
2091,572302,90.16,27.65223185,130,6320,20.549363807092515,15.123130987371422,16.008712768554688,142975,-4.76527738571167,2.834649158368267e-33,0.0005
2094,572613,89.46,28.062143990000003,130,6324,23.606688620998742,22.598313044622884,31.50467300415039,143053,-2.8134336471557617,2.7254731001547315e-33,0.0005
2095,572921,89.49,28.508366889999994,130,6328,22.590113742046075,18.76237803298412,18.35357093811035,143130,-1.8024182319641113,2.6218218653900608e-33,0.0005
2098,573209,88.83,30.87237368000001,130,6332,22.98080344762649,23.408823149049375,14.703531265258789,143202,-2.6392388343811035,2.528470716203478e-33,0.0005
2101,573551,88.25,30.62409639,130,6336,18.06144745212258,20.95073772635893,8.005906105041504,143287,-4.315431118011475,2.4225329612554658e-33,0.0005
2103,573864,87.82,33.28204132,130,6340,22.75901832528031,26.057835051202563,15.700475692749023,143365,-5.304669380187988,2.3292297501978775e-33,0.0005
2106,574213,87.1,33.65396728,130,6344,22.072294445383996,21.062300953786217,11.812858581542969,143453,-5.728133201599121,2.2282713158515515e-33,0.0005
2109,574521,87.2,33.27883249,130,6348,22.229450504228737,21.626215340588786,39.72878646850586,143530,-2.9387831687927246,2.143528826074819e-33,0.0005
2111,574952,88.05,33.119025130000004,130,6352,20.21898916364016,14.393160925257645,13.083271980285645,143637,-1.425031065940857,2.0310942607866056e-33,0.0005
2114,575254,87.03,33.25563260999999,130,6356,21.35617275253508,19.596867361001497,20.11376953125,143713,-3.8355603218078613,1.954834799460979e-33,0.0005
2118,575650,87.42,33.17100550999999,130,6360,23.07216119120185,25.469721146345083,17.767717361450195,143812,-3.5010197162628174,1.8597742243489114e-33,0.0005
2120,575997,87.4,33.057363509999995,130,6364,20.335426983119806,14.820248588008848,17.466880798339844,143899,0.288701593875885,1.7800600953288135e-33,0.0005
2123,576403,88.0,32.82009074,130,6368,20.27491484797766,18.475542281950922,11.905315399169922,144000,-3.5687267780303955,1.6917942449064834e-33,0.0005
2126,576734,87.73,32.880101489999994,130,6372,22.555564234345603,21.464299038488043,7.679408550262451,144083,-1.675845742225647,1.6225449543445808e-33,0.0005
2129,577075,88.11,32.620640200000004,130,6376,19.94808667067527,20.238129698002517,60.6668586730957,144168,-1.1442621946334839,1.554563728313628e-33,0.0005
2130,577411,87.66,32.6907248,130,6380,20.324272063462324,19.971585603917465,90.88108825683594,144252,-1.4208043813705444,1.4901809843641296e-33,0.0005
2134,577841,89.28,35.009160359999996,130,6384,24.16480021847518,22.181857138743126,14.06315803527832,144360,0.19173729419708252,1.4113056807659387e-33,0.0005
2137,578184,89.01,35.35303117,130,6388,22.67070421708571,22.99601195600124,14.818852424621582,144445,-4.385164737701416,1.3521748251707236e-33,0.0005
2139,578499,88.5,35.41773983,130,6392,18.40645114558524,18.096942241987794,12.184869766235352,144524,-3.681889533996582,1.299441689415355e-33,0.0005
2142,578825,87.74,35.73481864,130,6396,20.931797465799796,21.657829206662914,9.88608455657959,144606,-1.0450847148895264,1.2468799186958172e-33,0.0005
2145,579258,88.25,35.24922971,130,6400,21.74447732398479,18.340177976517477,12.488401412963867,144714,-4.530027389526367,1.1808826148883653e-33,0.0005
2148,579589,88.02,35.52942279,130,6404,23.20678660264288,24.194290157478193,17.326740264892578,144797,-2.324474811553955,1.1325461035115605e-33,0.0005
2150,579908,86.95,36.77772199,130,6408,24.55092705162562,23.49112377302536,10.40389633178711,144876,-4.592219352722168,1.088378005305367e-33,0.0005
2152,580189,86.38,37.41909396999999,130,6412,22.352242560461026,23.639458994225606,33.820804595947266,144947,-0.8215268850326538,1.0501544187654802e-33,0.0005
2155,580540,86.42,37.14533354,130,6416,21.713739687453675,24.015525153908946,20.03750991821289,145034,-2.7906007766723633,1.0051424441850909e-33,0.0005
2157,580834,85.32,37.432019020000006,130,6420,23.60057305833235,24.701694772251955,57.34743881225586,145108,-5.825231075286865,9.683780318436584e-34,0.0005
2160,581193,85.8,37.138864729999995,130,6424,22.61109182033612,21.2419723765334,18.560386657714844,145198,-1.2639045715332031,9.254720288611641e-34,0.0005
2162,581490,85.69,36.54536196999999,130,6428,24.417715654073522,26.506052428691802,13.275087356567383,145272,-3.5450937747955322,8.91621740483817e-34,0.0005
2165,581923,87.14,36.64184126,130,6432,19.854445225490863,20.0577422096031,15.579102516174316,145380,-3.3288156986236572,8.444282136921946e-34,0.0005
2169,582293,87.42,36.9938101,130,6436,23.185340347743622,25.03210913146704,10.15863037109375,145473,-1.6340818405151367,8.057958673589086e-34,0.0005
2172,582622,87.58,36.61390671,130,6440,19.69793830746899,15.240884229575832,22.643259048461914,145555,-3.1275789737701416,7.732018885690028e-34,0.0005
2173,582923,87.1,35.30623464,130,6444,23.84934458435693,23.120084947143727,13.561403274536133,145630,1.1013379096984863,7.445460454430921e-34,0.0005
2176,583328,88.07,35.32775978,130,6448,20.974749852886635,18.56009185688969,7.540549278259277,145731,-5.577118873596191,7.076269821261296e-34,0.0005
2179,583649,86.97,35.5791575,130,6452,22.559883244811207,20.944924826119056,7.010344505310059,145812,-2.492236852645874,6.793458737422916e-34,0.0005
2181,583950,86.96,35.939739349999996,130,6456,23.015145920613687,25.95074150669961,16.506893157958984,145887,-2.796511173248291,6.54168437786609e-34,0.0005
2184,584294,86.44,35.81527658,130,6460,22.72846779243565,21.706033557515546,139.67721557617188,145973,-2.9773082733154297,6.2644467902895385e-34,0.0005
2187,584655,86.58,36.05859528,130,6464,24.454539621580086,26.100059997489186,12.729947090148926,146063,-2.1323957443237305,5.986887319298953e-34,0.0005
2189,584960,85.57,36.397499159999995,130,6468,23.067663763027383,24.69924815953748,9.055044174194336,146139,-2.806617021560669,5.762103412062961e-34,0.0005
2192,585262,85.28,36.62854727999999,130,6472,22.00846603543189,24.831472815860934,48.5399169921875,146215,-2.022932529449463,5.5457591869238885e-34,0.0005
2195,585597,85.22,37.06398250000001,130,6476,21.374819831284253,23.770989915911667,127.0932388305664,146299,-2.332897901535034,5.316079988565195e-34,0.0005
2196,585914,85.03,37.11285239,130,6480,17.98132592824376,20.719243550988306,28.137313842773438,146378,-3.560542106628418,5.108758600923645e-34,0.0005
2199,586292,84.51,37.056085259999996,130,6484,20.700252987654434,18.548936463363997,22.459932327270508,146472,-1.5557750463485718,4.872581122856812e-34,0.0005
2202,586561,83.77,36.70358785,130,6488,20.483563351098574,27.705879556145597,54.612422943115234,146540,-1.7790536880493164,4.708564304251082e-34,0.0005
2203,586888,83.89,37.21339583,130,6492,22.059933386948412,23.335085533688364,57.16274642944336,146621,-4.776698112487793,4.520380974831377e-34,0.0005
2207,587269,84.44,36.86649738,130,6496,21.72102581877686,18.265384415480494,10.257852554321289,146717,-4.582239151000977,4.307064106823152e-34,0.0005
2209,587580,83.22,37.17696222000001,130,6500,23.746311604042898,27.87989044854425,19.64674186706543,146794,-0.5171617269515991,4.143264019988355e-34,0.0005
2213,588020,84.31,36.94306047,130,6504,21.832704221685447,18.48798427565387,7.234807968139648,146904,-3.156064510345459,3.920011010473317e-34,0.0005
2215,588403,84.95,36.55917883,130,6508,22.28296270890064,23.65366081905664,14.929545402526855,147000,-2.7877724170684814,3.735025393029833e-34,0.0005
2218,588802,86.13,36.39336268,130,6512,22.360847318443888,21.88250226823645,16.844148635864258,147100,-0.7731701135635376,3.5516083258607273e-34,0.0005
2221,589145,86.05,36.75813215,130,6516,18.875223092445164,23.873959091564895,11.061952590942383,147186,-4.000360012054443,3.401090636424001e-34,0.0005
2222,589482,86.48,36.19796431,130,6520,20.155651910401478,21.903793055815683,17.40888214111328,147270,-5.062252998352051,3.2602335820056144e-34,0.0005
2225,589814,86.21,35.99920702,130,6524,20.301938596229917,21.778545214223517,7.987856864929199,147353,-3.185845136642456,3.1267839787073314e-34,0.0005
2228,590121,86.31,36.463840610000005,130,6528,25.030362493905262,27.18049630569499,8.60549545288086,147430,-3.787951946258545,3.007870556918416e-34,0.0005
2230,590387,84.64,34.054775899999996,130,6532,20.483337673375704,21.289971973215565,14.563876152038574,147496,-2.4070184230804443,2.9095507859654496e-34,0.0005
2232,590692,83.99,33.52089135000001,130,6536,20.862018193453867,21.69605995596834,7.258410453796387,147572,-4.456178665161133,2.800309019454413e-34,0.0005
2235,591021,83.99,33.54790955,130,6540,24.715937584740203,24.012101157330203,9.871103286743164,147655,-5.320034027099609,2.685685004102297e-34,0.0005
2237,591350,84.27,34.77388682,130,6544,23.291739066446528,22.078969223362325,20.469783782958984,147737,-2.9418349266052246,2.577050729398346e-34,0.0005
2240,591734,84.06,34.78034651,130,6548,20.364335220518903,27.43226910449928,15.275325775146484,147833,-1.0995187759399414,2.455439410321049e-34,0.0005
2243,592058,84.09,34.67661626,130,6552,24.142226969524668,26.66748723317594,11.757591247558594,147914,-2.8590822219848633,2.3573051470703217e-34,0.0005
2245,592364,84.14,34.4703065,130,6556,18.434966137619796,21.930331013919517,17.07048797607422,147990,-2.659931182861328,2.2687975397043556e-34,0.0005
2248,592720,84.26,34.60370115999999,130,6560,23.051976813505686,20.694498729483637,74.39410400390625,148079,-3.995227336883545,2.169365870481656e-34,0.0005
2251,593103,84.48,34.622623909999994,130,6564,19.93552098391184,19.29416191938002,31.172428131103516,148175,-1.5674254894256592,2.0669933990832375e-34,0.0005
2252,593385,84.25,34.372442619999994,130,6568,23.50780999373573,25.52740115620162,21.949951171875,148246,-2.311277389526367,1.9944008832014513e-34,0.0005
2255,593695,84.33,34.34481107,130,6572,22.426820403808517,20.01562790547089,11.734737396240234,148323,0.41836708784103394,1.9185527989808644e-34,0.0005
2258,594077,84.8,34.090270960000005,130,6576,21.68833427903942,17.823681601871503,87.28895568847656,148419,-0.37554532289505005,1.8280160863272876e-34,0.0005
2260,594355,84.41,30.495669410000005,130,6580,24.412773375912536,22.22376042512481,24.456966400146484,148488,-0.4668349623680115,1.7655936628787778e-34,0.0005
2263,594738,84.46,30.641157980000003,130,6584,21.067200390582432,18.09405078952733,14.223302841186523,148584,-2.1694083213806152,1.6822753350175893e-34,0.0005
2266,595083,85.22,30.843557309999998,130,6588,23.577601490719385,24.635872879936194,10.064827919006348,148670,-4.298599720001221,1.6109799955190348e-34,0.0005
2268,595392,85.04,30.523577139999997,130,6592,21.48652170918319,22.154232229607516,14.566160202026367,148747,-4.077532768249512,1.549713666172784e-34,0.0005
2270,595685,84.16,31.035775360000002,130,6596,24.17762237678833,23.792215001353476,8.46420669555664,148821,-4.17280387878418,1.4930308464397784e-34,0.0005
2272,595999,84.19,31.371725459999997,130,6600,21.919503460129796,23.99812276013021,24.418880462646484,148899,-3.9966466426849365,1.4355270173711204e-34,0.0005
2274,596255,82.35,30.486188620000004,130,6604,22.270909342622463,23.654935358729794,12.828612327575684,148963,-2.87766170501709,1.3900024400100512e-34,0.0005
2277,596648,82.45,30.107681730000003,130,6608,20.62604109903166,13.83255225766115,14.04874038696289,149061,-1.0207717418670654,1.3230750262975112e-34,0.0005
2279,596998,81.96,29.940814890000002,130,6612,22.12110418820458,23.985437149470652,7.850283622741699,149149,-1.1632211208343506,1.2657275471610622e-34,0.0005
2282,597352,82.07,30.251190590000007,130,6616,21.713238844560195,20.546976808067832,16.303565979003906,149237,0.2305378019809723,1.2108657105224994e-34,0.0005
2285,597716,82.34,30.715393729999995,130,6620,20.2624611930161,18.353028116738358,184.0350341796875,149328,-3.0239343643188477,1.1566331766213593e-34,0.0005
2288,598045,82.31,30.982672130000005,130,6624,23.583737087166913,23.037471213206988,10.831110000610352,149411,-0.598281979560852,1.1092893380814003e-34,0.0005
2290,598351,82.3,30.447375380000004,130,6628,22.148539402253643,25.13318732265942,8.226911544799805,149487,-4.666868209838867,1.0676398742750877e-34,0.0005
2293,598729,83.42,32.723009870000006,130,6632,22.081031410642996,19.30452658984576,11.772037506103516,149582,-0.5213768482208252,1.0177702152076733e-34,0.0005
2296,599008,83.16,30.9595834,130,6636,22.664033273257992,22.73226805894163,12.451347351074219,149651,-0.24684661626815796,9.83015875247273e-35,0.0005
2298,599412,83.91,31.192120770000002,130,6640,20.197628134219755,13.725955206849155,13.354846000671387,149752,-3.4028429985046387,9.342720619655704e-35,0.0005
2300,599738,83.88,31.095651210000007,130,6644,21.216872566318678,21.786829326333276,17.856647491455078,149834,-1.8729721307754517,8.964812961190763e-35,0.0005
0,600060,83.26,31.244845639999998,211,6648,21.12381977448828,21.221147633720474,14.121337890625,149914,-1.2890231609344482,8.61085886998308e-35,0.0005
2,600472,84.14,30.98156992,179,6652,16.75242928912993,21.34085067213396,14.644451141357422,150017,-0.9046580791473389,8.175643566028148e-35,0.0005
6,600881,85.17,30.43294686,134,6656,19.470813212376093,15.59333061483852,6.869422912597656,150120,-4.1353759765625,7.762425159290459e-35,0.0005
10,601269,85.49,29.57271872,125,6660,19.50694553015211,21.487666996250837,10.009254455566406,150217,-4.392752647399902,7.392392394621065e-35,0.0005
14,601690,85.87,29.096919900000003,120,6664,21.92249312484797,21.599479985647065,23.01275634765625,150322,-3.8549604415893555,7.011696380904026e-35,0.0005
17,602047,86.62,29.01468627,118,6668,21.051694416228127,26.051712873514337,14.182861328125,150411,-2.234424114227295,6.704403905294218e-35,0.0005
19,602455,87.6,26.300328220000004,124,6672,19.525953271374444,14.691136473890202,12.381807327270508,150513,-1.9975130558013916,6.368752054498972e-35,0.0005
23,602838,87.61,26.04049684,121,6676,21.9566124566577,25.534038044110584,14.17812728881836,150609,-4.354475021362305,6.068210061828628e-35,0.0005
26,603199,88.44,29.673868439999996,119,6680,19.817150305592342,21.551508208076026,17.765174865722656,150699,-0.8812247514724731,5.799345575614281e-35,0.0005
29,603579,88.41,29.18233953,119,6684,21.132545386030937,21.68937966743205,12.21241569519043,150794,-3.207306146621704,5.528457264653353e-35,0.0005
32,603973,88.9,29.05413675,123,6688,20.58507088931936,14.514986301335043,9.186084747314453,150893,-1.953937292098999,5.259617459228598e-35,0.0005
35,604258,88.66,26.540084690000004,121,6692,23.99815844685831,24.976689980384155,12.194808959960938,150964,-4.077065467834473,5.074900690200117e-35,0.0005
38,604633,89.48,23.746822110000004,119,6696,20.024805205092647,18.158248216707513,15.244193077087402,151058,-4.65418815612793,4.840287974193446e-35,0.0005
40,604974,89.75,23.28612271,122,6700,21.122321647711033,21.979436360179058,8.967812538146973,151143,-3.4411044120788574,4.637490230901083e-35,0.0005
44,605438,91.83,23.512313109999994,121,6704,14.31620801923456,14.29496310843979,24.387107849121094,151259,-2.3226990699768066,4.374370915929195e-35,0.0005
47,605782,91.34,22.30050339,120,6708,20.684338808545448,24.217726023979594,21.073345184326172,151345,1.583393931388855,4.1889840347646856e-35,0.0005
51,606081,90.83,20.04318661,118,6712,17.58777579688769,12.289662189742305,23.84026336669922,151420,-2.0047390460968018,4.0337349805658995e-35,0.0005
53,606485,91.33,19.81978997,120,6716,18.77392372598507,16.38675542805384,13.746601104736328,151521,-3.8268704414367676,3.833718130891571e-35,0.0005
57,606874,91.58,19.54286515,120,6720,18.66010822811187,22.455969057435833,25.166030883789062,151618,-1.739060401916504,3.6509660675090196e-35,0.0005
60,607218,91.73,19.210313320000004,118,6724,21.90807058028683,20.787306313488383,16.09861946105957,151704,-0.8633607029914856,3.496237605779079e-35,0.0005
63,607584,92.33,18.243945800000002,118,6728,21.3721083697038,21.522393665931055,32.714813232421875,151795,-3.2439076900482178,3.339647466350461e-35,0.0005
66,607969,92.4,17.930366619999997,120,6732,22.017434499577746,22.670221947851417,8.410208702087402,151892,-1.0288126468658447,3.180447189929477e-35,0.0005
69,608312,93.04,19.861668469999998,119,6736,21.188814523155028,22.449033284169055,18.259918212890625,151977,-3.0297179222106934,3.047193311032381e-35,0.0005
72,608574,91.62,17.41376548,118,6740,19.536066859440393,21.983246135927125,13.883756637573242,152043,-3.3763885498046875,2.947588244913498e-35,0.0005
76,609001,92.63,17.18177816,118,6744,20.19017664631925,13.731064197083667,9.799676895141602,152150,-0.7069215178489685,2.7929783083707865e-35,0.0005
78,609341,92.81,17.014857269999997,119,6748,20.923002492873987,19.12763602975987,7.3671464920043945,152235,-1.5737485885620117,2.6759583623210937e-35,0.0005
81,609681,92.09,17.12184473,118,6752,20.219574112843432,17.60785182797469,9.323646545410156,152320,-2.417335033416748,2.563841570808461e-35,0.0005
84,610013,91.32,17.64186422,118,6756,21.46192631008854,28.24011487830114,22.993473052978516,152403,-0.39609694480895996,2.4588971315457677e-35,0.0005
86,610410,91.41,18.56074828,119,6760,19.89244382094757,14.910094871776076,22.416719436645508,152502,-6.028682708740234,2.3393248761676964e-35,0.0005
90,610861,91.71,18.765440709999996,119,6764,19.9647680151414,19.71373743723075,182.02732849121094,152615,-3.7069644927978516,2.2099333973488574e-35,0.0005
94,611324,92.77,18.73961309,120,6768,19.126367202323017,12.957136291301795,12.932841300964355,152730,1.1017546653747559,2.085597319100553e-35,0.0005
97,611697,92.42,21.177148889999998,119,6772,21.408366900213306,22.573257356742175,8.884382247924805,152824,-0.336004376411438,1.9891800926420546e-35,0.0005
99,611991,91.53,21.196686,120,6776,20.304695778603765,26.330540015312472,8.068031311035156,152897,-3.12969970703125,1.9173885544783215e-35,0.0005
103,612410,92.11,20.946417139999998,120,6780,19.17072582609469,13.655417916802987,9.197378158569336,153002,-2.3325235843658447,1.8186463115444356e-35,0.0005
106,612793,92.14,21.388750199999993,119,6784,19.905503558860826,23.15591201021196,39.112083435058594,153098,-2.9342594146728516,1.7328243184692399e-35,0.0005
110,613149,91.76,18.56946591,119,6788,21.085418376739824,21.151623821591805,7.0873517990112305,153187,-1.9903777837753296,1.6568819593721282e-35,0.0005
113,613547,92.89,17.8086968,119,6792,20.38302783500283,20.29813979346659,8.750184059143066,153286,-4.569919586181641,1.576310517296803e-35,0.0005
115,613917,92.84,18.92379063,120,6796,17.20894491088106,10.027665892383638,13.765722274780273,153379,-3.183703899383545,1.5041949720231873e-35,0.0005
119,614343,93.69,19.204945230000003,120,6800,18.875751439857098,20.951520149576147,9.833221435546875,153485,-3.104419708251953,1.4260132617494482e-35,0.0005
122,614720,92.82,20.07012625,120,6804,22.71307724418213,21.78905223221534,12.564101219177246,153579,-2.603137731552124,1.3600885768605832e-35,0.0005
126,615123,93.41,21.016797260000004,119,6808,20.081532334627592,17.612929745087722,7.919053554534912,153680,-2.2894446849823,1.292647171355484e-35,0.0005
131,615540,94.59,21.70462449,118,6812,20.070175627324378,20.62924159219797,8.950926780700684,153784,-4.12178373336792,1.2266956532825853e-35,0.0005
133,615895,94.1,21.17647207,119,6816,19.907515609083646,18.81236349385302,7.8919267654418945,153873,-4.262546539306641,1.1729348668457717e-35,0.0005
137,616314,94.4,21.03537237,119,6820,21.21146882769492,21.632487414709576,14.662124633789062,153978,0.26949813961982727,1.112530643219704e-35,0.0005
140,616677,94.59,19.882698920000003,118,6824,15.540267628974993,8.43025463077663,149.46426391601562,154069,-0.14980900287628174,1.0627024966664123e-35,0.0005
144,617068,94.84,20.97880955,118,6828,20.89971660870321,21.27706110568769,74.58546447753906,154166,-3.652684211730957,1.0120437410982604e-35,0.0005
148,617530,95.61,21.23728138,118,6832,21.96318732179158,17.974169138110238,11.592123985290527,154282,-1.5071769952774048,9.54622951407144e-36,0.0005
150,617925,96.13,21.329907460000005,119,6836,18.81933891431026,13.709513262861682,12.860530853271484,154381,-1.7297828197479248,9.082011842965001e-36,0.0005
153,618228,96.54,23.74098505,118,6840,20.552297408136212,24.229380536914963,14.563424110412598,154456,-2.604440212249756,8.745421117714502e-36,0.0005
156,618587,95.86,23.9155089,118,6844,21.316436838109922,20.00725853212917,19.680137634277344,154546,-1.2542203664779663,8.35793702590176e-36,0.0005
158,618987,96.46,23.874259329999994,119,6848,20.10115611660075,17.42782291892639,8.342084884643555,154646,-4.223855018615723,7.947501952162472e-36,0.0005
162,619438,97.57,24.20684625,119,6852,20.136127944999544,14.060548560172402,15.497603416442871,154759,-3.7039241790771484,7.507913413181904e-36,0.0005
165,619777,97.64,23.72730522,119,6856,21.673261055267904,22.163229133818014,17.968019485473633,154844,-2.293564796447754,7.193348140248234e-36,0.0005
169,620123,97.13,23.652876450000004,118,6860,19.948887194183428,25.701817584878746,25.896509170532227,154930,-2.3691086769104004,6.888493036103645e-36,0.0005
173,620579,97.18,23.4726778,118,6864,21.026488051461197,18.178657104656335,14.835798263549805,155044,-4.542007923126221,6.504203815106462e-36,0.0005
174,620840,95.16,18.85086197,119,6868,22.366238154777424,20.369157768600687,29.83515167236328,155109,-3.570655345916748,6.294767226399653e-36,0.0005
177,621214,95.17,18.451651470000005,119,6872,20.362755275484684,19.71454560978054,10.132943153381348,155203,-1.487847089767456,6.003759551892543e-36,0.0005
181,621569,95.78,18.546219639999997,118,6876,20.932624289119996,23.847129246565924,21.279529571533203,155292,-3.164975881576538,5.740640452160099e-36,0.0005
183,621990,95.8,18.308408009999997,119,6880,21.549345730557604,21.871879522324075,13.955644607543945,155397,-3.491668701171875,5.445007281998844e-36,0.0005
187,622429,96.36,17.916641019999997,119,6884,19.076605348847416,23.550128126894933,194.44784545898438,155507,-2.517906904220581,5.151611884591626e-36,0.0005
190,622856,97.07,20.42627817,119,6888,19.334661086730485,18.891266986517028,17.68277931213379,155613,0.28820109367370605,4.8838529399087624e-36,0.0005
194,623229,96.82,23.08809515,119,6892,19.57001034922489,20.800195596805125,13.708499908447266,155707,-4.614814758300781,4.658072502745086e-36,0.0005
198,623565,96.48,22.355225540000003,118,6896,21.31637044129589,23.52920400152995,9.226226806640625,155791,-3.1681015491485596,4.46515661757173e-36,0.0005
200,623951,96.08,22.433822,119,6900,21.10106564912384,21.533088726754183,18.706531524658203,155887,-1.3458384275436401,4.2544454526233224e-36,0.0005
203,624240,95.2,19.541104139999998,119,6904,21.697896692510774,21.606439447177777,12.900245666503906,155959,-1.3675868511199951,4.1029635191755296e-36,0.0005
206,624586,94.63,19.73773713,119,6908,18.453695662346963,23.762089296611993,7.878137111663818,156046,-3.599135637283325,3.9271014138922314e-36,0.0005
208,624975,94.35,20.959644530000002,119,6912,21.030729613399973,17.018417322592235,8.725345611572266,156143,-4.240281105041504,3.739897624833421e-36,0.0005
211,625282,93.87,18.767989699999998,119,6916,22.551383647149226,24.311235477675528,10.890518188476562,156220,-1.5832579135894775,3.5976670414263255e-36,0.0005
214,625500,91.86,15.557015929999999,119,6920,22.35616850741746,22.51980772597745,11.844379425048828,156274,-1.5439000129699707,3.50116013186611e-36,0.0005
216,625864,91.87,17.081669469999998,119,6924,20.032038204495034,20.0566805209449,26.692075729370117,156365,-2.4496054649353027,3.3443499459791196e-36,0.0005
219,626206,91.38,14.75008768,119,6928,18.105440098550844,14.53230974347817,16.604595184326172,156451,-1.164860486984253,3.202615848223128e-36,0.0005
223,626541,90.11,14.860120150000002,118,6932,20.238667710555053,23.17444409983966,19.785982131958008,156535,-3.5177605152130127,3.0699784868404736e-36,0.0005
225,626911,89.86,14.923070770000002,119,6936,20.13195802103155,20.79006745710908,22.958438873291016,156627,0.10725259780883789,2.9310034000256973e-36,0.0005
228,627236,90.08,14.654344790000003,119,6940,22.41666830023634,20.736400835843778,13.337403297424316,156708,-1.9513715505599976,2.8138625611548902e-36,0.0005
232,627612,90.25,14.283019350000002,119,6944,23.075455171231944,23.840672767074594,22.07485008239746,156802,-1.0767991542816162,2.6837775808470957e-36,0.0005
235,628056,90.69,14.43021936,119,6948,19.69779349896703,12.983098132008575,20.564739227294922,156913,-1.766647458076477,2.5378882856223618e-36,0.0005
237,628429,89.91,13.771847379999999,119,6952,20.429088011501758,14.392644442571461,8.560051918029785,157007,-3.0045130252838135,2.420561802731001e-36,0.0005
241,628821,90.44,13.800384509999999,119,6956,20.42567316341863,23.28742431094048,61.18132781982422,157105,-0.5319159030914307,2.304013769162542e-36,0.0005
245,629202,90.79,13.525842319999999,119,6960,20.236640593285667,20.6308012474832,12.726242065429688,157200,-3.8709535598754883,2.196392791538972e-36,0.0005
248,629506,89.27,11.244221930000002,118,6964,22.84361001872835,29.64706364455616,14.800125122070312,157276,-4.975716590881348,2.113927027115944e-36,0.0005
249,629821,89.81,16.21436149,119,6968,19.799762867144132,20.910742387529936,12.84785270690918,157355,-3.264138698577881,2.0314863739613965e-36,0.0005
252,630140,89.26,15.36625365,119,6972,21.362988677976006,22.036582074666914,14.071290016174316,157434,-1.638107419013977,1.9522606806371926e-36,0.0005
254,630467,88.98,15.343752170000002,119,6976,22.016099573607086,20.59697634417162,9.938093185424805,157516,-2.955768346786499,1.8732927365473228e-36,0.0005
258,630838,88.48,15.67179253,119,6980,20.692764106973584,21.473559204585012,8.7353515625,157609,-1.2121847867965698,1.787590308983336e-36,0.0005
261,631221,87.92,15.998645799999998,119,6984,22.142032680045034,16.06344373437548,15.534107208251953,157705,-3.3502140045166016,1.7032338454099145e-36,0.0005
264,631579,87.23,16.364373380000004,119,6988,20.19840637199502,18.943552034769592,21.13605308532715,157794,-1.0922576189041138,1.628588268090387e-36,0.0005
266,631921,86.92,17.08350328,119,6992,21.03947650668069,21.228568970554026,9.625612258911133,157880,-3.437952995300293,1.55956833237535e-36,0.0005
270,632293,87.28,18.89671586,119,6996,18.884200067084322,16.09140931447825,16.827407836914062,157973,-2.481685161590576,1.488218788410118e-36,0.0005
274,632702,87.51,18.57913447,119,7000,19.428128731953432,17.28646177584241,8.571864128112793,158075,-3.018667221069336,1.4137119508489463e-36,0.0005
277,633069,88.29,21.434642619999998,119,7004,18.923607012043195,22.59447214393752,9.899052619934082,158167,-2.182267189025879,1.3497145378793548e-36,0.0005
279,633448,88.62,21.77688437,119,7008,21.3805583364553,21.956479805956086,14.871431350708008,158261,-1.3935811519622803,1.2873172508105942e-36,0.0005
283,633810,88.35,22.12274301,119,7012,22.785334473997317,27.73977201938237,15.828421592712402,158352,-0.7774645090103149,1.2296607021816847e-36,0.0005
286,634227,89.45,23.852329550000007,119,7016,18.23331750283492,13.4443799980372,11.416254043579102,158456,-3.301398515701294,1.166922709009502e-36,0.0005
289,634570,90.7,25.911438710000006,119,7020,15.428422202592127,11.090672118960521,19.896350860595703,158542,-1.8224027156829834,1.1174683078143049e-36,0.0005
292,634962,90.98,25.43422574,119,7024,20.564256351918072,23.950495042364768,11.929343223571777,158640,-3.8406896591186523,1.0636631103055212e-36,0.0005
295,635316,91.1,25.34534549,119,7028,20.0461942439812,15.575528119637784,8.370445251464844,158728,-5.168186187744141,1.0175596285228701e-36,0.0005
298,635672,91.31,25.372501140000004,119,7032,21.11570726578244,23.85553715940502,13.32547378540039,158817,-0.09076309204101562,9.729643474617903e-37,0.0005
301,636007,90.96,25.31361627,119,7036,20.542852656474324,21.41246149607252,11.42960262298584,158901,-5.238970756530762,9.326687433463184e-37,0.0005
303,636303,90.67,22.789277250000005,119,7040,18.19860122624075,17.329330306702943,10.511580467224121,158975,-4.987908840179443,8.985551747983882e-37,0.0005
307,636737,91.25,23.07071219,119,7044,21.126392805548623,15.481239550177438,14.574695587158203,159084,-2.143771171569824,8.505661954852433e-37,0.0005
310,637083,90.27,23.126892540000004,119,7048,19.509631299548897,17.915456396908525,13.544182777404785,159170,-2.4645092487335205,8.145190592642992e-37,0.0005
312,637455,90.26,23.65441575,119,7052,21.025533764146495,16.816950938134084,12.553388595581055,159263,-0.045481324195861816,7.772551027192616e-37,0.0005
316,637809,89.88,23.790218139999997,119,7056,22.534769880400905,20.789993764169786,11.037532806396484,159352,-2.7187817096710205,7.431913082927842e-37,0.0005
318,638077,88.75,21.63946599999999,119,7060,20.878825080126706,22.178442420209763,7.7093048095703125,159419,-7.012292861938477,7.185363922751694e-37,0.0005
320,638406,89.0,24.22054351,119,7064,20.45150770097669,19.645467598405997,23.478294372558594,159501,-2.8210206031799316,6.894719375123435e-37,0.0005
323,638718,88.97,24.170233220000004,119,7068,20.844375622880506,18.235756117845003,148.06768798828125,159579,-4.123162746429443,6.629170849848585e-37,0.0005
326,639000,88.6,20.546368429999998,119,7072,19.198902614764894,13.988686931208065,10.847084045410156,159649,-1.887920618057251,6.3995771768830124e-37,0.0005
328,639450,89.83,20.436431119999998,119,7076,19.608146836896594,19.84035344905226,22.090362548828125,159762,-3.1547837257385254,6.045606942717021e-37,0.0005
332,639839,90.01,20.3358503,119,7080,17.416874706042382,18.532732748348586,9.11937141418457,159859,-4.380640029907227,5.757414779505207e-37,0.0005
336,640209,89.88,19.774264319999997,119,7084,20.98335946706096,23.566339072756893,9.379508972167969,159952,-6.67521858215332,5.494015061347492e-37,0.0005
339,640593,90.14,19.60588271,119,7088,20.072360784717155,22.214381873463495,19.017032623291016,160048,-3.4100308418273926,5.234751527840954e-37,0.0005
341,640924,90.03,19.467227119999997,119,7092,22.71191876016135,24.699620386084174,12.999561309814453,160130,-3.7976293563842773,5.023009276272108e-37,0.0005
344,641280,89.87,19.97304978,119,7096,20.327883600385153,21.61929740712891,12.968184471130371,160219,-2.1987500190734863,4.802872237967063e-37,0.0005
347,641635,89.33,19.9693492,119,7100,19.36387711249624,17.7481270828628,14.556845664978027,160308,-2.5577807426452637,4.592383307744709e-37,0.0005
349,641941,88.72,17.007212029999994,119,7104,18.53293795111498,19.048193559376458,16.922157287597656,160385,-3.109757423400879,4.4177321933838925e-37,0.0005
352,642280,88.32,14.36571508,119,7108,17.64183521312331,16.159481929662157,9.298194885253906,160469,-2.203727960586548,4.23477059440249e-37,0.0005
356,642656,88.46,14.679212589999997,119,7112,21.628177548108656,18.245797877204193,13.340622901916504,160563,-1.5192279815673828,4.038996867509827e-37,0.0005
360,643082,88.55,15.268963209999999,119,7116,19.924259964956068,19.881650530008326,13.136014938354492,160670,-1.8038439750671387,3.8271389247397665e-37,0.0005
361,643405,88.35,16.681840720000004,119,7120,18.101692294654914,25.31278126680169,19.74650001525879,160751,-0.9331129789352417,3.6741830495152583e-37,0.0005
365,643736,87.74,16.92347499,119,7124,21.278289791327687,23.410255790322317,11.846258163452148,160833,-2.519665479660034,3.525564249089774e-37,0.0005
367,644017,87.01,17.089947140000003,119,7128,21.194017703257558,20.266094779533617,11.90080451965332,160904,-1.679779291152954,3.4017470862363132e-37,0.0005
370,644463,87.91,17.037009049999998,120,7132,20.429625272427756,14.43941710010089,9.923828125,161015,-4.863334655761719,3.2168294988064675e-37,0.0005
373,644857,88.5,16.704716240000003,120,7136,19.35920939712128,19.71613652489167,14.797856330871582,161114,-1.5887320041656494,3.0604004212602224e-37,0.0005
377,645344,90.41,19.085354170000002,120,7140,19.65792408271582,14.596768014470703,8.892807006835938,161235,-6.791203498840332,2.8795022062415687e-37,0.0005
380,645708,89.71,19.169446,120,7144,21.545153194045017,22.611541243545425,7.460987091064453,161326,-6.219336032867432,2.7505345428565128e-37,0.0005
384,646062,89.79,18.32346217,119,7148,22.228608637715865,19.70011484695254,7.463338375091553,161415,-4.917893886566162,2.629990364800206e-37,0.0005
386,646437,89.82,17.986514940000003,120,7152,20.166578996374938,14.887606029249605,26.844133377075195,161509,1.7102137804031372,2.508405862763985e-37,0.0005
389,646780,89.71,15.601005850000002,119,7156,21.402390493960134,23.03296264569787,23.57468605041504,161594,-1.5358577966690063,2.4033091505628864e-37,0.0005
393,647130,90.53,18.07690207,119,7160,20.85276209639022,19.007671955571787,20.681842803955078,161682,-2.535097122192383,2.2991397616335396e-37,0.0005
395,647475,90.69,18.02441321,120,7164,19.85946308877625,18.37279089306929,13.19302749633789,161768,-3.8571643829345703,2.2017017621113006e-37,0.0005
399,647881,91.63,17.84781877,119,7168,19.38875300339696,13.063028575207646,10.773059844970703,161870,-4.529240608215332,2.0914747280764934e-37,0.0005
401,648166,91.66,20.578888590000002,119,7172,19.562675535091866,19.644169007744306,15.93028736114502,161941,-4.681839942932129,2.0180226983161637e-37,0.0005
405,648542,90.92,20.45852945,119,7176,22.066228010380843,21.795397724348707,13.456995964050293,162035,-1.6169400215148926,1.924729403339766e-37,0.0005
407,648930,90.91,20.4975467,120,7180,19.610736346600532,17.317880766744388,16.645740509033203,162132,-2.2950921058654785,1.8329779850896344e-37,0.0005
411,649334,91.25,19.15818537,119,7184,16.337822120662874,12.837648877522469,18.738384246826172,162233,-1.5143287181854248,1.7420881972392467e-37,0.0005
415,649806,92.13,18.432241940000004,119,7188,19.21776213757175,15.190036121383658,21.002384185791016,162351,-0.4419373869895935,1.641592564467851e-37,0.0005
419,650402,94.78,18.09635054,120,7192,19.356226045766014,12.065234221746982,9.380212783813477,162500,-3.7833218574523926,1.522934870456157e-37,0.0005
424,650960,96.8,15.898962749999999,120,7196,19.055806366795753,14.897672363998144,13.7520751953125,162639,-1.8839430809020996,1.4199864048528071e-37,0.0005
427,651278,96.43,15.898504159999998,119,7200,19.561322191070428,23.63847165539612,7.275939464569092,162719,-6.370205879211426,1.3639214622300655e-37,0.0005
431,651694,97.53,18.09776396,119,7204,19.645875179179544,23.453270410390974,9.9616060256958,162823,-1.9559237957000732,1.2943334289072037e-37,0.0005
434,652073,97.93,20.413055330000002,119,7208,20.91415541875988,20.960731615236643,21.9765625,162918,-2.1571691036224365,1.2338749111313566e-37,0.0005
436,652407,97.51,20.367066689999998,120,7212,22.737459707497873,23.37452253887741,13.540875434875488,163001,0.728701651096344,1.1833693118801615e-37,0.0005
440,652790,97.08,20.53982271,119,7216,20.351439527929323,23.80654149897124,10.36737060546875,163097,-4.040869235992432,1.1275259986225375e-37,0.0005
444,653221,98.16,20.400245759999997,119,7220,21.519933423827048,21.618292417683808,8.704814910888672,163205,-0.1399790346622467,1.0678459301695922e-37,0.0005
448,653631,98.95,20.22711182,119,7224,21.70043881601025,20.43156100064204,12.958322525024414,163307,-2.2251129150390625,1.0143849364051975e-37,0.0005
450,653987,99.7,19.885601819999998,119,7228,20.193352597383715,18.05345983052501,15.735723495483398,163396,-1.7029712200164795,9.699287986764313e-38,0.0005
453,654352,98.89,19.33908729,119,7232,18.849139997159277,15.305901882554764,23.584171295166016,163487,-4.779112339019775,9.26487481295529e-38,0.0005
457,654752,98.95,19.490392590000003,119,7236,20.21846580863348,15.745408501234873,36.89046096801758,163587,-0.8515627384185791,8.80990234859708e-38,0.0005
460,655095,97.51,17.14928747,119,7240,22.195213519597143,18.961018748372325,16.549617767333984,163673,-3.1078457832336426,8.436537022646062e-38,0.0005
464,655505,97.97,16.96562557,119,7244,23.261825794266237,23.10818985380012,8.405326843261719,163776,-1.8956578969955444,8.010131989300963e-38,0.0005
466,655842,97.8,15.241529210000001,119,7248,20.67154969470528,14.637112653662184,56.23377227783203,163860,-2.141234874725342,7.678390272414863e-38,0.0005
470,656285,98.48,15.125465860000004,119,7252,19.646921112527902,20.8358753827069,105.34133911132812,163971,-3.02028226852417,7.260995588195373e-38,0.0005
473,656621,98.41,15.168981080000004,119,7256,21.422505885109558,17.475204693122148,185.70252990722656,164055,-0.22325021028518677,6.96027917982881e-38,0.0005
474,656879,97.49,10.09279254,119,7260,20.065707920490606,14.289506405959116,7.45933198928833,164119,-1.9812626838684082,6.739549448325294e-38,0.0005
478,657278,98.03,9.7934105,119,7264,16.77421906928109,12.74513023162729,13.666178703308105,164219,-0.8274616003036499,6.408588534943515e-38,0.0005
481,657586,97.05,7.34453845,119,7268,20.053595538654868,15.58987965353555,15.89145278930664,164296,-1.8132013082504272,6.164866298237357e-38,0.0005
483,657887,97.21,9.824092400000001,119,7272,20.35878628271902,21.44189944559631,30.89485740661621,164371,-3.327901840209961,5.936388507264896e-38,0.0005
486,658255,97.13,9.902668360000002,119,7276,22.039196378915435,23.7687770962652,13.753503799438477,164463,-1.2570559978485107,5.667654214009311e-38,0.0005
490,658636,97.06,9.88082882,119,7280,21.584069455826832,22.339130981947438,13.20180892944336,164558,-1.6421319246292114,5.402916984493367e-38,0.0005
491,658832,94.98,4.35098796,119,7284,21.72954924023423,22.001102555662683,15.778940200805664,164607,-2.8409314155578613,5.271239209878307e-38,0.0005
495,659340,95.34,5.10097422,119,7288,20.64138584374688,14.402147444094409,12.727499008178711,164734,-2.9721460342407227,4.944697991853009e-38,0.0005
499,659725,93.23,5.550302109999999,119,7292,20.032350086446883,14.134641541860516,20.891517639160156,164831,-2.3325982093811035,4.708986137688317e-38,0.0005
502,660118,91.58,7.1646994899999985,119,7296,19.41573504094884,17.64883385756414,29.89017677307129,164929,-5.619917392730713,4.4822521225248615e-38,0.0005
504,660423,91.45,7.379449109999999,119,7300,19.946775325338393,19.88373046794583,112.815673828125,165005,-3.1819992065429688,4.3139612216339226e-38,0.0005
508,660840,91.46,7.431604329999999,119,7304,21.222090493393214,22.872350013881647,15.956644058227539,165109,-3.734351873397827,4.093860392881195e-38,0.0005
512,661243,91.7,7.047120339999999,119,7308,18.617226673660255,17.007328022260307,12.557029724121094,165210,-2.2146565914154053,3.8908626921452447e-38,0.0005
515,661618,92.11,6.7202551900000005,119,7312,19.58128222253361,16.038072310745584,10.403919219970703,165304,-6.361073970794678,3.710987817369118e-38,0.0005
519,662013,92.23,6.69644141,119,7316,20.25417391698031,23.48194228100484,9.211950302124023,165403,-4.318967342376709,3.530528881393061e-38,0.0005
521,662379,91.58,6.69157131,119,7320,20.618049233056702,14.669687546676986,11.433343887329102,165494,-3.4940428733825684,3.3724029995623344e-38,0.0005
525,662860,92.29,6.87294135,119,7324,17.284738092645313,11.739543764776144,10.851578712463379,165614,-5.4398651123046875,3.174660728586988e-38,0.0005
528,663234,92.47,6.97410302,119,7328,18.646953887114,15.50076733638727,14.268863677978516,165708,-2.885193109512329,3.027896014185621e-38,0.0005
531,663547,91.95,7.56897451,119,7332,20.550804598674492,20.428411602256975,17.522483825683594,165786,-3.941314458847046,2.911276873127888e-38,0.0005
535,664017,92.65,7.6617376399999975,119,7336,19.65304992162489,15.68229543638476,11.191511154174805,165904,-1.7703911066055298,2.7433343350351804e-38,0.0005
537,664392,92.97,9.835859139999998,119,7340,22.259227141369173,25.264554937376563,7.9647603034973145,165997,-4.737385272979736,2.617827598597314e-38,0.0005
541,664713,92.08,7.57548591,119,7344,20.78185082461512,23.275207817530443,113.05541229248047,166078,-2.7574546337127686,2.5132032921345087e-38,0.0005
544,665141,92.99,10.10675363,119,7348,21.35119776258899,20.700911810104223,17.748516082763672,166185,-3.537649631500244,2.3813781009210016e-38,0.0005
546,665459,91.74,8.35820628,119,7352,19.04766106699866,20.027472294842262,13.998773574829102,166264,-5.733468055725098,2.2885070451978743e-38,0.0005
550,665798,91.77,10.73910655,119,7356,19.408525583181227,19.142669313744364,15.78329086303711,166349,-5.051806449890137,2.1926234780361416e-38,0.0005
553,666086,92.07,13.55297495,119,7360,22.436521717274296,21.482215875748835,13.62679386138916,166421,-3.372314929962158,2.114553917602138e-38,0.0005
555,666453,91.75,13.752218829999999,119,7364,21.087738418966044,16.43033529582707,11.021788597106934,166513,-1.4036540985107422,2.0188300984653384e-38,0.0005
558,666842,92.56,13.53562649,119,7368,21.391971374756643,21.130648407807076,10.214984893798828,166610,-1.8094661235809326,1.922593123830903e-38,0.0005
562,667209,93.22,9.76003058,119,7372,22.00776763881365,19.942572041898984,9.164436340332031,166702,-2.6538002490997314,1.8355591768609207e-38,0.0005
565,667518,92.63,9.988903109999999,119,7376,22.83899308054147,21.6994810780971,16.524551391601562,166779,-4.719838619232178,1.7657518123024227e-38,0.0005
567,667939,93.03,9.64553927,119,7380,20.44317880748106,16.681519824812693,36.32495880126953,166884,-1.49627685546875,1.6748186122256103e-38,0.0005
570,668279,94.47,16.99234238,119,7384,21.69421142983244,19.783407047964527,12.620219230651855,166969,-5.852888107299805,1.6046473304559272e-38,0.0005
574,668677,93.37,17.042251099999998,119,7388,19.213897683737603,18.071955102220272,143.52682495117188,167069,-1.553846001625061,1.5258474132623176e-38,0.0005
578,669011,92.86,14.365123279999999,119,7392,20.80493411598079,14.42519492080181,5.930844306945801,167152,-2.835543155670166,1.463390699928282e-38,0.0005
580,669377,92.59,14.361182089999998,119,7396,22.109181576594846,18.60223897497063,5.409715175628662,167244,-4.484105110168457,1.3971444551571726e-38,0.0005
583,669678,92.55,11.820878530000002,119,7400,17.22169677874909,9.975045844754085,47.34398651123047,167319,-0.17329400777816772,1.345364374952674e-38,0.0005
586,670043,92.03,12.03732075,119,7404,20.413520661672532,23.13652855508849,10.169310569763184,167410,-4.7766008377075195,1.2851079804673212e-38,0.0005
589,670466,92.23,12.4521935,119,7408,20.136418154576287,12.282703028389971,9.30799388885498,167516,-4.600411415100098,1.2183134076071216e-38,0.0005
592,670783,91.65,10.131878409999999,119,7412,15.210872705319533,10.189515870485167,15.813753128051758,167595,-6.800137519836426,1.1708007016160315e-38,0.0005
595,671109,90.96,9.96841109,119,7416,20.17041192437549,17.831490431216857,29.540525436401367,167677,-1.996200442314148,1.12344241871571e-38,0.0005
597,671453,90.74,10.217581549999998,119,7420,19.605109463473656,17.882440368693135,16.058534622192383,167763,-3.8904426097869873,1.0758306409231921e-38,0.0005
601,671767,89.07,10.234140639999998,119,7424,18.364503442669392,20.369379078478666,53.94298553466797,167841,-1.318577527999878,1.0343953663718788e-38,0.0005
604,672128,88.94,12.952498359999998,119,7428,22.4910235886516,23.44004836826824,16.849411010742188,167931,-1.852477788925171,9.885643586678249e-39,0.0005
608,672507,89.6,11.747021430000002,119,7432,18.33406345989202,13.820315347349359,12.288661003112793,168026,-2.772218704223633,9.423883512818542e-39,0.0005
610,672846,88.29,12.112370440000001,119,7436,21.127814135849437,21.995625808371873,15.152714729309082,168111,-3.55545711517334,9.029042447122667e-39,0.0005
614,673235,88.43,12.380490279999998,119,7440,22.281828923108936,21.544428648208488,19.976110458374023,168208,-5.378057479858398,8.59863082120837e-39,0.0005
617,673613,89.0,14.891845279999998,119,7444,22.198158133456502,23.41533313526795,15.56606674194336,168303,-3.0017480850219727,8.196986451468199e-39,0.0005
621,674003,88.62,15.139568079999997,119,7448,21.855236067495394,17.401702423763105,16.193500518798828,168400,-4.675871849060059,7.806238578586616e-39,0.0005
623,674411,89.52,17.44158969,119,7452,21.112550993171162,19.088507747741094,11.118699073791504,168502,-1.550288200378418,7.415424844677211e-39,0.0005
627,674795,89.97,17.602716509999997,119,7456,20.911982787635374,15.754626303068465,12.790836334228516,168598,-1.8595609664916992,7.065489789569089e-39,0.0005
630,675120,90.34,19.86544314,119,7460,19.19203263556006,20.2774803194241,12.483546257019043,168679,-3.5900254249572754,6.783108530829138e-39,0.0005
634,675518,90.65,19.65834656,119,7464,21.131247807325156,15.75495790451069,16.859493255615234,168779,-3.1121675968170166,6.450008675471414e-39,0.0005
636,675866,90.24,22.547436519999998,119,7468,19.84086060091507,19.092554606895863,14.906895637512207,168866,-3.862187623977661,6.173546501444771e-39,0.0005
638,676191,89.82,25.941295969999995,119,7472,20.939014551475797,18.009558124315312,31.251842498779297,168947,-5.348247051239014,5.926814275637243e-39,0.0005
641,676538,90.2,24.126197599999998,119,7476,20.034737480160352,24.801984896932762,17.148242950439453,169034,-3.4200289249420166,5.67277708093519e-39,0.0005
644,676900,89.61,24.706699430000004,119,7480,22.15926762854877,18.84271815919046,14.260875701904297,169124,-3.8491337299346924,5.421433181881569e-39,0.0005
647,677225,89.46,24.603125310000006,119,7484,22.477169029331858,24.19883858827999,15.680523872375488,169206,-0.27151820063591003,5.202138380005521e-39,0.0005
650,677667,89.9,24.2273856,119,7488,18.182049970113102,13.833683079020823,40.942230224609375,169316,-0.2692753076553345,4.921831042992771e-39,0.0005
654,678044,90.33,26.524463320000006,119,7492,21.366311559829445,21.666914071972343,12.252120971679688,169410,-0.5931458473205566,4.694293803549564e-39,0.0005
656,678443,90.66,26.5276688,119,7496,20.954802419455056,21.232508379509653,7.675335884094238,169510,-4.683794021606445,4.4637703970788815e-39,0.0005
660,678903,92.25,28.57739759,119,7500,22.633546115479238,22.261371346652805,70.43751525878906,169625,-2.4033665657043457,4.2126282850041235e-39,0.0005
663,679251,92.08,28.844605820000005,119,7504,15.945485300897303,19.667930257068665,13.094883918762207,169712,-1.8284969329833984,4.0320653726820135e-39,0.0005
667,679739,92.73,28.994999360000005,119,7508,19.592569012165097,16.88412739317745,36.81752014160156,169834,0.31801867485046387,3.791822560062774e-39,0.0005
670,680014,92.31,30.334554409999996,119,7512,21.14739955857081,19.933872828701652,9.86489486694336,169903,-3.7749433517456055,3.6623411806606965e-39,0.0005
672,680400,92.91,30.73720194,119,7516,22.046348525371535,21.769088507813322,11.451754570007324,169999,-1.4896574020385742,3.489514837160124e-39,0.0005
676,680758,93.05,30.353179450000003,119,7520,21.73188202397538,22.617303774524466,61.579349517822266,170089,-2.0897226333618164,3.334905373695774e-39,0.0005
680,681189,94.22,29.692936640000003,119,7524,19.4250743766231,15.217681736801937,21.36214828491211,170197,-2.6438794136047363,3.1583880100401695e-39,0.0005
684,681549,94.21,29.40870667,119,7528,21.597122555401825,21.73881920069828,13.343114852905273,170287,-2.9146063327789307,3.018448740198836e-39,0.0005
686,681937,94.3,30.64897834,119,7532,21.25049227555885,21.273632648146847,17.78573226928711,170384,-1.4773144721984863,2.874560611285035e-39,0.0005
690,682379,95.33,30.53181714000001,119,7536,20.65527138432948,20.79483724021757,26.17784309387207,170494,-2.877297878265381,2.7196694868293558e-39,0.0005
693,682765,95.3,30.512376070000006,119,7540,20.86032548251369,22.818490864666654,23.579975128173828,170591,-1.3810606002807617,2.590022754208488e-39,0.0005
697,683202,95.89,28.91148479,119,7544,21.794526975564896,18.53824674660806,22.7952880859375,170700,-3.5069074630737305,2.4516977801980567e-39,0.0005
701,683586,95.83,28.305644230000002,119,7548,19.200293721093388,18.68193559412723,15.691059112548828,170796,-1.4812439680099487,2.3360023750880068e-39,0.0005
703,683914,95.03,25.794773189999997,119,7552,20.289883463662086,14.779088068597822,12.61939811706543,170878,0.4818575382232666,2.2415128196385844e-39,0.0005
706,684359,95.64,25.39489625,119,7556,22.10259354211186,14.965594360244024,13.363199234008789,170989,1.0354595184326172,2.1196657142701486e-39,0.0005
709,684692,95.72,25.339412069999998,119,7560,20.81391239919273,25.459242941739838,100.16767883300781,171072,-1.8189458847045898,2.032901517254549e-39,0.0005
713,685042,95.24,25.781851839999998,119,7564,21.80345879200217,21.407013968873745,27.632915496826172,171160,-2.2461130619049072,1.9447878698178044e-39,0.0005
715,685372,95.06,21.612444269999997,119,7568,19.967270779459785,17.963736327776655,11.57817268371582,171242,-1.531668782234192,1.8661217766275378e-39,0.0005
718,685739,95.48,21.54454268,119,7572,20.142851164777802,15.072470797081179,10.121573448181152,171334,-1.1222190856933594,1.7816444987057162e-39,0.0005
721,686078,95.4,23.323285980000005,119,7576,19.955119462064587,18.19175835203005,47.0430793762207,171419,0.7358000874519348,1.7069973295111332e-39,0.0005
723,686474,95.74,20.409861509999995,119,7580,18.560836057699138,20.10269625656893,11.058521270751953,171518,-4.559552192687988,1.623988612379924e-39,0.0005
727,686901,96.76,20.59956795,119,7584,22.42870747442694,19.727997078003117,19.307716369628906,171625,-2.850076913833618,1.5388050800320827e-39,0.0005
730,687242,95.75,20.958904860000004,119,7588,23.46347001277169,24.33062658891303,22.540729522705078,171710,-4.50974178314209,1.4743327389869622e-39,0.0005
733,687584,95.4,21.10087469,119,7592,20.04471268878883,17.68253415965838,13.64330768585205,171795,-3.3884453773498535,1.41256210138106e-39,0.0005
736,687996,95.53,21.20131934,119,7596,20.10423487185115,14.620156621122991,21.958707809448242,171898,-1.7663414478302002,1.3411673459221748e-39,0.0005
739,688329,94.26,21.67539023,119,7600,20.89568240356354,18.24888952720288,13.596323013305664,171982,-3.8382930755615234,1.2856226773932677e-39,0.0005
742,688639,93.88,21.39000878,119,7604,20.888424431373554,22.37862430517617,8.31001091003418,172059,-4.2868804931640625,1.2367299726745106e-39,0.0005
744,688997,92.58,21.699524099999998,119,7608,23.139607029898798,23.221622543627642,26.9880428314209,172149,-3.027630567550659,1.1819335975255529e-39,0.0005
747,689363,93.49,23.00595505,119,7612,21.917011505687686,24.03690975878211,26.16815185546875,172240,-1.3069957494735718,1.1289967454387543e-39,0.0005
751,689762,93.62,22.770707869999995,119,7616,14.414371333671058,16.905995958884617,9.954261779785156,172340,-4.744205951690674,1.0735543716977429e-39,0.0005
754,690105,93.47,22.792340850000006,119,7620,21.21636514490296,27.423455810815533,15.983438491821289,172426,-3.7562506198883057,1.0280570131580447e-39,0.0005
758,690577,93.88,23.401294269999994,119,7624,18.59307727415555,19.33237601251717,14.029084205627441,172544,-2.8526806831359863,9.687512595508898e-40,0.0005
760,690870,93.21,18.780631799999995,119,7628,24.202032148137434,28.949334146269592,9.741576194763184,172617,-1.9794780015945435,9.337888628659857e-40,0.0005
763,691234,92.97,16.27777986,119,7632,21.018997956988127,21.579174952859216,17.482975006103516,172708,-0.11531901359558105,8.919657088997472e-40,0.0005
767,691647,92.68,15.712373389999996,119,7636,17.947029088500155,17.744948174266014,18.654293060302734,172811,-1.708096981048584,8.468831347054891e-40,0.0005
769,691990,92.25,15.847764909999999,119,7640,18.123133796264145,16.960074433828265,15.291557312011719,172897,-0.06589257717132568,8.10993078437202e-40,0.0005
772,692373,91.71,17.527497759999996,119,7644,21.01391205393982,21.987814755371353,27.230545043945312,172993,-2.3395495414733887,7.727222160780269e-40,0.0005
776,692699,91.13,15.41063267,119,7648,19.233226982339918,16.699027210964303,17.751869201660156,173074,-2.509960174560547,7.418389992227722e-40,0.0005
779,693100,91.86,17.28151407,119,7652,18.269759423904425,16.16654774466491,7.69084358215332,173174,-2.894012928009033,7.054094430457199e-40,0.0005
781,693439,90.8,17.942799609999998,119,7656,20.65713169841791,26.20251332353475,15.666241645812988,173259,-0.908997654914856,6.758546571346452e-40,0.0005
784,693795,91.03,17.756849220000003,119,7660,17.88010862785231,22.00151244414842,5.779541969299316,173348,-6.127209663391113,6.462340101957472e-40,0.0005
788,694254,92.12,17.306475730000002,119,7664,21.129660161177508,20.302273441250588,66.03242492675781,173463,1.0967192649841309,6.098759202403755e-40,0.0005
792,694635,92.63,21.096820469999997,119,7668,20.488678262097086,22.449868091993626,18.22415542602539,173558,-2.1432547569274902,5.813889237591163e-40,0.0005
794,694983,92.44,21.073784139999997,119,7672,21.141581906444273,21.502392452253034,15.65933895111084,173645,-1.5918595790863037,5.564682318695638e-40,0.0005
798,695496,94.18,20.82316232,119,7676,21.077138096192172,15.352441850857879,106.15245056152344,173773,-1.5375391244888306,5.2173424683434454e-40,0.0005
802,695900,94.26,23.351520100000002,119,7680,19.463378798406776,13.132108827972182,19.49498176574707,173874,-5.218086242675781,4.958634745859798e-40,0.0005
805,696301,94.0,22.85892922,119,7684,18.498699610242316,17.389132476520754,11.643078804016113,173975,-4.008119583129883,4.712748904324722e-40,0.0005
808,696631,93.89,22.48370891,119,7688,21.563991060283705,22.44091947913077,19.874107360839844,174057,-0.7297642230987549,4.522130274222617e-40,0.0005
812,697000,94.16,20.183737739999998,119,7692,10.823499482076313,8.15762258060381,7.628547668457031,174149,-5.029300689697266,4.317414581569405e-40,0.0005
814,697344,93.48,20.34817853,119,7696,20.443267075722748,23.265697197920396,21.519142150878906,174235,-4.480358123779297,4.134447041082513e-40,0.0005
818,697792,94.63,20.23006682,119,7700,21.17585827353256,20.066311217567492,30.443058013916016,174347,-0.7061886787414551,3.907730962539401e-40,0.0005
821,698173,95.34,20.780823339999998,119,7704,21.1392832480376,20.806043082481196,29.539688110351562,174443,-1.4390891790390015,3.723320084634255e-40,0.0005
825,698553,95.56,20.661555659999998,119,7708,20.920626984391216,18.58975943170278,17.157470703125,174538,-3.9991610050201416,3.549404932226902e-40,0.0005
827,698966,96.03,20.51697978,119,7712,20.199095322633685,21.941595661015917,12.553190231323242,174641,-1.4828217029571533,3.370010702824039e-40,0.0005
830,699287,95.25,20.595544659999995,119,7716,22.137926479484015,20.162592203484,43.596458435058594,174721,-3.531304359436035,3.2369434006517544e-40,0.0005
834,699650,95.45,20.349279499999994,119,7720,20.585236243952785,22.70277756168177,83.93319702148438,174812,-1.310516357421875,3.091979074517352e-40,0.0005
836,699991,94.14,19.116687549999998,119,7724,20.3748318073755,19.731541691373558,14.002486228942871,174897,-3.6110036373138428,2.9624290314905228e-40,0.0005
839,700426,95.56,23.976149320000005,119,7728,17.300177367901938,13.450393598826038,15.391124725341797,175006,-7.474756717681885,2.8042084218836077e-40,0.0005
843,700805,95.71,26.210155569999998,119,7732,20.102998989286885,22.527150370081458,12.879762649536133,175101,-4.072262763977051,2.673229054423167e-40,0.0005
846,701177,95.3,26.82815761,119,7736,21.294359546600504,22.92740031357149,13.256813049316406,175194,-2.8774590492248535,2.550923724456897e-40,0.0005
850,701551,95.61,24.284679589999996,119,7740,18.213359677933138,16.641749391341758,11.924906730651855,175287,-3.4559273719787598,2.4342235883479262e-40,0.0005
852,701922,95.49,24.195291680000004,119,7744,16.301784888744788,17.08577769590049,10.542680740356445,175380,-1.673735499382019,2.322862399388033e-40,0.0005
855,702342,96.43,26.858420250000005,119,7748,19.283243940472722,14.795507764940348,9.436014175415039,175485,-3.5228137969970703,2.2032335494886234e-40,0.0005
859,702799,96.99,26.870589170000002,119,7752,19.051878624904464,18.19569762243413,11.955755233764648,175599,-5.4455671310424805,2.0803256611826937e-40,0.0005
862,703139,97.0,21.360344310000002,119,7756,18.989937125275627,18.10063155348639,44.43266296386719,175684,0.6638376712799072,1.99316489670169e-40,0.0005
866,703543,97.48,21.517170119999996,119,7760,18.807283646363842,12.181765806325178,69.71580505371094,175785,-1.9453456401824951,1.8943313160128607e-40,0.0005
868,703929,96.75,21.99509728,119,7764,18.492138925607687,14.589813839129544,21.26848030090332,175882,-3.152498245239258,1.8040316429717695e-40,0.0005
872,704348,97.13,21.92562875,119,7768,18.879430331388946,16.402845530378524,18.884140014648438,175986,-2.1380984783172607,1.7119803468502723e-40,0.0005
875,704772,97.89,22.24673464,119,7772,18.640768321921136,14.435444124072529,31.212806701660156,176092,-3.754089832305908,1.6229978943656464e-40,0.0005
878,705097,96.01,22.407339950000004,119,7776,20.287795226231303,22.141602863813155,9.057149887084961,176174,-3.526883125305176,1.5573470613120287e-40,0.0005
881,705465,95.65,22.67356758,119,7780,20.99822493393577,18.6439571385318,12.271238327026367,176266,-1.2581764459609985,1.4868477355718472e-40,0.0005
884,705804,95.03,23.14910149,119,7784,22.698087887433378,22.158606353241098,17.128690719604492,176350,-1.7817115783691406,1.4252746810494147e-40,0.0005
887,706215,95.84,23.47558696,119,7788,21.17621885635865,19.744793592344767,11.456438064575195,176453,-2.894369602203369,1.3532339269984758e-40,0.0005
891,706558,95.58,25.763428089999998,119,7792,18.711117733351116,17.037346431195285,13.273355484008789,176539,-0.9695584774017334,1.2958927938383043e-40,0.0005
892,706854,95.1,23.35962889,119,7796,21.394454458628996,15.769788552875324,55.391868591308594,176613,-3.416426420211792,1.2484868667901958e-40,0.0005
897,707386,95.94,23.40480483,119,7800,19.691917266090304,13.599395079026902,15.513510704040527,176746,-4.5221710205078125,1.1676179324140106e-40,0.0005
900,707775,96.02,23.24329369,119,7804,19.20134049758329,16.934384526416594,22.329980850219727,176843,-1.8209037780761719,1.1119583574110288e-40,0.0005
903,708093,95.4,23.59288728,119,7808,22.095834675711192,20.74158883471555,20.204635620117188,176923,-2.6536080837249756,1.0680556765237323e-40,0.0005
905,708430,94.64,23.625090059999998,119,7812,19.296582822874335,26.771104682420013,14.47360610961914,177007,-1.5210102796554565,1.0238166840049978e-40,0.0005
909,708845,95.58,23.554378079999996,119,7816,19.605743591537767,21.12001208646601,12.764570236206055,177111,-1.5428216457366943,9.715762772549687e-41,0.0005
913,709152,95.02,24.0292579,119,7820,21.31616448166243,26.199081785917365,11.404253005981445,177187,-3.7544102668762207,9.351004782285937e-41,0.0005
916,709622,96.31,25.332666620000005,119,7824,21.90326385740934,18.78257334961599,12.495659828186035,177305,-0.27090370655059814,8.811645003367315e-41,0.0005
918,709963,95.37,25.094702119999997,119,7828,20.770162633744714,21.517221550932994,9.065446853637695,177390,-3.824387550354004,8.442402858017725e-41,0.0005
922,710309,95.04,25.245329020000007,119,7832,20.55964338560827,14.736102803103774,22.16735076904297,177477,-2.7681334018707275,8.080587594529058e-41,0.0005
925,710714,95.37,25.18163617,119,7836,21.286735149684343,22.064102067953716,16.23744773864746,177578,-3.777994394302368,7.67981623373216e-41,0.0005
929,711058,95.07,27.790279840000007,119,7840,20.036844646165306,17.436733650272622,11.65927505493164,177664,-4.540609359741211,7.354434730315937e-41,0.0005
931,711417,94.95,27.033905989999997,119,7844,20.489198007617773,22.537458053603984,16.07391357421875,177754,-3.4678094387054443,7.028492707513985e-41,0.0005
935,711841,94.99,26.899040520000003,119,7848,20.289812694496145,20.59339009547158,41.14427185058594,177860,-5.075068950653076,6.663174197864505e-41,0.0005
938,712249,94.5,27.457450160000004,119,7852,20.365100188417312,13.413981422131117,19.677852630615234,177962,-2.4139773845672607,6.329665163355199e-41,0.0005
942,712677,95.38,32.53918127,119,7856,20.512858843752422,19.991464749037906,38.54529571533203,178069,-4.497958183288574,5.99769755715665e-41,0.0005
946,713093,95.5,32.329187479999995,119,7860,21.23737344211851,16.931429259086293,59.474796295166016,178173,-1.4756386280059814,5.69165397254811e-41,0.0005
948,713495,95.66,32.14701557,119,7864,19.30408173980123,24.46607749139507,12.204384803771973,178273,-3.8038182258605957,5.412094928915308e-41,0.0005
951,713809,94.61,32.41068836,119,7868,20.02880695376964,23.43950969054081,8.615387916564941,178352,-4.600262641906738,5.201059380187991e-41,0.0005
955,714239,94.67,31.846414420000006,119,7872,22.135593012454134,22.67847402593218,23.623565673828125,178459,-2.5732336044311523,4.928226569183949e-41,0.0005
958,714613,95.16,31.221635449999994,119,7876,18.815687368600344,17.54317488125102,14.553207397460938,178553,-4.986359596252441,4.700375438884734e-41,0.0005
962,715040,95.75,31.269055360000007,119,7880,18.84256631667469,18.737120301664227,20.929506301879883,178659,-3.055233955383301,4.4561291165529183e-41,0.0005
964,715372,95.68,28.84582899,119,7884,19.25909281242611,15.005543371339078,42.58808135986328,178742,-2.777294158935547,4.273680056497827e-41,0.0005
967,715657,94.42,29.247378630000004,119,7888,22.288610074515333,25.090130594568414,9.342744827270508,178814,-4.7209858894348145,4.121499043272152e-41,0.0005
969,715974,94.16,29.198386210000002,119,7892,19.442941458064205,19.319600888294133,13.341157913208008,178893,-1.18062424659729,3.9607701094140955e-41,0.0005
972,716396,95.42,31.738435319999997,119,7896,19.524940163903825,13.131064797818034,99.71847534179688,178998,-0.716516375541687,3.7568811828548346e-41,0.0005
976,716877,94.91,31.609719339999998,119,7900,18.817503025802417,14.136166491500365,19.361242294311523,179119,-3.571861982345581,3.534775376259351e-41,0.0005
979,717184,94.09,31.678892699999995,119,7904,22.135884528148573,26.479476108353314,29.34881019592285,179195,-5.496415138244629,3.402072411687791e-41,0.0005
982,717597,95.04,28.581033049999995,119,7908,20.549568283025504,11.019083842448337,23.29808807373047,179299,-0.7871697545051575,3.228451531957946e-41,0.0005
984,717963,95.33,28.626509490000004,119,7912,23.375113359806903,22.555717874655738,14.653066635131836,179390,-4.716748237609863,3.083837530439625e-41,0.0005
988,718303,94.58,28.76921601,119,7916,21.12257181685465,24.419971642526036,9.360815048217773,179475,-3.720428466796875,2.954637812028877e-41,0.0005
991,718607,94.55,26.404941809999997,119,7920,20.757551331668218,21.888068670808895,11.11831283569336,179551,-4.513180732727051,2.843795103500784e-41,0.0005
993,718990,93.68,25.979328999999996,119,7924,19.943628190531822,19.226640441166367,15.402365684509277,179647,-3.4155571460723877,2.7095507106184663e-41,0.0005
997,719399,94.36,26.351813879999998,119,7928,19.617996399990645,15.407310327374498,21.008983612060547,179749,-0.5002648830413818,2.573905019271824e-41,0.0005
1001,719822,95.13,26.57338085,119,7932,21.17083952075277,17.339227774706025,18.95934295654297,179855,-4.816250324249268,2.440081015928804e-41,0.0005
1004,720228,95.14,26.661005200000005,119,7936,21.98824759841524,22.39553485623782,13.957996368408203,179956,-4.112014293670654,2.319148958457572e-41,0.0005
1007,720556,94.98,26.538890480000006,119,7940,20.7575822269946,24.343342902863114,59.1275634765625,180038,-0.7302787899971008,2.2252619613478095e-41,0.0005
1012,721064,96.47,26.822577730000003,119,7944,19.17777877920394,14.928135398787873,37.80707550048828,180165,-4.766807556152344,2.08751432230468e-41,0.0005
1014,721488,96.47,26.659878820000007,119,7948,21.657045939887624,18.214655096541296,9.426740646362305,180271,-4.3163161277771,1.9789136913195067e-41,0.0005
1018,721869,96.2,26.757591420000004,119,7952,19.618673319879036,17.675868015005175,18.023250579833984,180367,-0.34424465894699097,1.8855872135954739e-41,0.0005
1021,722196,95.19,26.786893640000002,119,7956,20.811092756937377,26.926847595389727,16.321300506591797,180448,-2.6475675106048584,1.8101973562147987e-41,0.0005
1024,722538,94.45,27.089185859999997,119,7960,23.939382697319076,22.22317769035048,16.301054000854492,180534,-2.410111427307129,1.7335463302162312e-41,0.0005
1026,722964,94.69,27.2245183,119,7964,19.524115497338883,14.691775460479459,10.771547317504883,180640,-3.8389453887939453,1.6434428389601455e-41,0.0005
1030,723396,95.87,27.055468949999998,119,7968,18.721909653152935,20.175190185204332,13.034734725952148,180748,-2.7626330852508545,1.5564222043255743e-41,0.0005
1033,723719,94.8,27.358176729999997,119,7972,20.11827613672792,20.718104596186695,15.090660095214844,180829,-3.9820022583007812,1.4942045525095524e-41,0.0005
1037,724143,95.3,28.142178899999998,119,7976,19.84131654433376,22.09610782847721,17.342041015625,180935,-6.73655891418457,1.4165726175859576e-41,0.0005
1041,724539,94.99,28.136029280000002,119,7980,19.139525981699485,17.525289215334954,14.721956253051758,181034,-3.0388028621673584,1.3476287331411766e-41,0.0005
1043,724997,96.25,30.526619919999998,119,7984,20.797142113027554,20.70554255854116,16.491647720336914,181149,-3.622877597808838,1.271818486221204e-41,0.0005
1047,725409,97.52,29.808889370000003,119,7988,18.512332507633715,16.632403842164557,13.725252151489258,181252,-0.9581692218780518,1.2074988867086949e-41,0.0005
1051,725812,98.38,29.848209810000004,119,7992,19.872812611282384,12.394461262577604,16.220932006835938,181352,-5.605769157409668,1.148223961667755e-41,0.0005
1054,726151,97.55,29.882179120000004,119,7996,19.31986644474966,19.052375121462447,20.963699340820312,181437,-0.9919601082801819,1.1001594243414139e-41,0.0005
1058,726643,97.66,29.721014219999997,119,8000,19.598502380577013,14.878094684521635,44.445980072021484,181560,-4.3776021003723145,1.0340181368252825e-41,0.0005
1063,727087,99.03,29.53733111,119,8004,18.62198842060353,13.707257284314784,9.94087028503418,181671,-3.056872844696045,9.778260684058574e-42,0.0005
1066,727543,99.46,32.14693732,119,8008,17.89510055638728,12.643510891601258,10.407901763916016,181785,-2.167174816131592,9.23315558143622e-42,0.0005
1070,728032,100.69,32.041400599999996,119,8012,19.976785455133825,14.431050308308688,214.56729125976562,181907,-3.8562612533569336,8.682445284956567e-42,0.0005
1072,728416,101.13,31.865271469999996,119,8016,17.747250416250004,18.286514113087954,11.655807495117188,182003,-2.005054473876953,8.27326613337372e-42,0.0005
1076,728785,101.78,31.389688280000005,119,8020,14.66023960166005,7.3266481433352295,12.271084785461426,182096,-3.824737310409546,7.89491554800602e-42,0.0005
1079,729189,101.99,31.88786701,119,8024,21.737683117881385,22.308927380340865,13.796854972839355,182197,-1.482581615447998,7.50255197799507e-42,0.0005
1083,729610,102.11,31.85215237,119,8028,22.496978313673033,24.617092384642397,13.004831314086914,182302,-5.725344181060791,7.117194900305746e-42,0.0005
1086,730009,101.87,29.054875810000002,119,8032,14.605186967892873,7.957870455264809,15.524282455444336,182402,-3.265443801879883,6.766870284224542e-42,0.0005
1089,730431,102.03,28.546552319999996,119,8036,18.433112916212274,15.500790581161779,8.008285522460938,182507,-4.168793201446533,6.419348265071987e-42,0.0005
1092,730851,102.95,28.592268790000002,119,8040,20.84986937905895,20.045993082550243,14.526026725769043,182612,-2.5723764896392822,6.08864182749133e-42,0.0005
1096,731238,101.74,28.75567317,119,8044,22.659558429439,26.4575370949974,13.167743682861328,182709,-3.399747371673584,5.798573045376093e-42,0.0005
1099,731580,100.92,28.87495384,119,8048,22.122662517874595,21.23625425272866,19.083221435546875,182794,-2.1399691104888916,5.554747112583575e-42,0.0005
1101,731919,100.5,28.913670200000006,119,8052,21.25370626857685,24.734055589380638,16.773029327392578,182879,-6.596118450164795,5.322131567505655e-42,0.0005
1105,732363,101.67,28.975468690000003,119,8056,21.306005430441136,18.422004578213073,66.72779083251953,182990,-2.0696558952331543,5.033464083854743e-42,0.0005
1108,732692,101.54,26.241745159999997,119,8060,19.65777698130293,19.677605072061144,13.622224807739258,183072,-5.3757100105285645,4.8288745080633196e-42,0.0005
1112,733099,101.35,25.70283379,119,8064,23.053086873013992,24.395526450194783,16.3875732421875,183174,-2.61191463470459,4.587851172199451e-42,0.0005
1114,733462,100.66,26.011207860000003,119,8068,14.164212271364429,14.057666827002011,23.044189453125,183265,-1.9297027587890625,4.381860297943703e-42,0.0005
1118,733860,101.41,26.081038789999997,119,8072,21.070895291011944,18.988878234125746,20.639389038085938,183364,-0.9669474363327026,4.168862931366331e-42,0.0005
1121,734188,100.45,25.792960960000006,119,8076,22.83485170240977,27.06909570716859,89.40693664550781,183446,-2.3640408515930176,4.000707115647353e-42,0.0005
1125,734580,100.41,25.464392389999993,119,8080,20.26759955697961,22.687357228966988,13.274885177612305,183544,-3.6411843299865723,3.807327927570528e-42,0.0005
1129,735151,101.54,25.09142137,119,8084,10.951018925865373,10.243487543441637,9.641407012939453,183687,-3.6927261352539062,3.5438838162774624e-42,0.0005
1133,735567,101.58,25.015316380000005,119,8088,20.370425446369158,13.496574665734629,9.943872451782227,183791,-4.193385124206543,3.363116314379561e-42,0.0005
1135,735918,101.06,22.718015440000002,119,8092,22.848584366681564,24.373101813191084,10.749059677124023,183879,-0.7573270797729492,3.21738127408978e-42,0.0005
1139,736341,101.9,22.12580471,119,8096,18.26757715684363,19.975341563718196,17.12548828125,183985,-4.838465690612793,3.049225458370802e-42,0.0005
1143,736772,101.29,22.22334957,119,8100,21.021502551560317,19.866370886296444,21.107219696044922,184092,-2.9056994915008545,2.889477433437773e-42,0.0005
1147,737169,100.82,22.382370119999997,119,8104,22.430558962508297,20.68979360281602,35.16673278808594,184192,-3.1341421604156494,2.7479462885409663e-42,0.0005
1150,737500,99.57,22.719246869999996,119,8108,20.708190335393237,16.91320618477006,14.054455757141113,184274,-2.7678022384643555,2.6372437098593057e-42,0.0005
1152,737831,97.99,22.90452674,119,8112,20.378593008705344,20.795854165395298,31.215896606445312,184357,0.6136887073516846,2.5293437281062948e-42,0.0005
1156,738294,98.78,23.061652449999997,119,8116,17.84194918282944,13.657064659635289,9.911108016967773,184473,0.7815092206001282,2.3850099862808387e-42,0.0005
1160,738686,99.01,25.592254000000004,119,8120,18.435951242830466,20.258054847747474,11.428230285644531,184571,-0.8425105810165405,2.2701035122062037e-42,0.0005
1163,739035,98.46,25.568463089999995,119,8124,19.152544335583357,13.071649085889124,24.244884490966797,184658,-1.8332607746124268,2.1734139181677913e-42,0.0005
1165,739442,98.32,25.46147644,119,8128,20.744086385497585,19.727551814297396,12.860088348388672,184760,-3.3211302757263184,2.0641126379504555e-42,0.0005
1169,739840,98.31,27.77848085,119,8132,22.32886606417942,24.28877362347973,8.410075187683105,184859,-4.053562164306641,1.9632191485190687e-42,0.0005
1173,740256,98.25,28.22850343,119,8136,21.345592826457725,16.317202334291228,12.611248016357422,184963,-1.4222307205200195,1.8637269575520067e-42,0.0005
1176,740597,97.46,28.33108421,119,8140,21.751496002718998,19.837568301231123,9.58242130279541,185049,-5.022987365722656,1.785254243549817e-42,0.0005
1178,740895,96.57,28.91938926,119,8144,22.527348264906312,23.314840007128698,12.682868957519531,185123,-0.4466770887374878,1.7193932157265505e-42,0.0005
1181,741200,96.2,26.507903510000002,119,8148,19.4334608564324,21.916154372532883,9.504098892211914,185199,-3.0943493843078613,1.654933486367609e-42,0.0005
1185,741604,96.85,26.28238877,119,8152,18.118129793824853,18.48971551806594,107.63029479980469,185300,-3.5983707904815674,1.5722568769724448e-42,0.0005
1187,741997,96.34,26.55349856,119,8156,22.174335963801713,22.32984243194955,15.85354232788086,185399,-2.6988167762756348,1.4965867598989046e-42,0.0005
1191,742379,96.87,28.980456190000005,119,8160,19.81755995421127,23.193571760145947,11.778152465820312,185494,-5.346816539764404,1.4265218366826638e-42,0.0005
1194,742805,97.06,29.49501447,119,8164,21.754237020037017,19.18094410144702,27.403446197509766,185601,-0.6212608814239502,1.3522530180734485e-42,0.0005
1198,743164,97.02,29.445840350000005,119,8168,21.799728772558588,23.824816847183634,43.10249710083008,185690,-1.591776728630066,1.2919971841074813e-42,0.0005
1202,743637,97.77,29.4565825,119,8172,18.38638007248708,13.730236163326705,10.811266899108887,185809,-1.9668314456939697,1.217728365498266e-42,0.0005
1206,744044,98.56,29.516492659999997,119,8176,21.2878605906932,19.97754234443517,14.72457504272461,185910,-1.1930739879608154,1.1574725315322989e-42,0.0005
1211,744542,99.62,29.627511649999995,119,8180,18.881858961945202,17.888044442422988,8.681961059570312,186035,-3.5370335578918457,1.0860063098517332e-42,0.0005
1213,744942,97.91,29.960001039999998,119,8184,20.83263821896118,22.530178520168015,16.39818572998047,186135,-1.927842617034912,1.0327569682073902e-42,0.0005
1216,745202,96.35,25.298799759999998,119,8188,17.9435187922579,13.77368098974156,41.74286651611328,186200,-2.9148149490356445,9.991258050635946e-43,0.0005
1220,745602,96.84,27.648286570000003,119,8192,20.722012729064552,15.731428019912414,6.198859214782715,186300,-4.308663368225098,9.50080358812226e-43,0.0005
1223,746056,97.15,27.905172439999998,119,8196,20.24470417581469,17.392175858250997,11.259099006652832,186413,-4.400285243988037,8.982323156322077e-43,0.0005
1226,746398,96.26,28.08295401,119,8200,20.946718383186724,21.677632184353893,14.464129447937012,186499,-1.444220781326294,8.603972570954377e-43,0.0005
1230,746792,96.23,27.885860559999998,119,8204,21.12948896839221,17.16943553043166,9.73702621459961,186597,-4.410420894622803,8.183583031656932e-43,0.0005
1233,747189,96.89,27.746346399999997,119,8208,18.371506279567598,12.833785694279355,10.211647033691406,186697,-4.0450263023376465,7.777206477002735e-43,0.0005
1238,747649,98.18,25.04467674,119,8212,18.78796529990121,13.934798834694318,9.987051010131836,186812,-4.257137775421143,7.342803953062041e-43,0.0005
1239,747960,96.66,22.595376669999997,119,8216,21.772802688047133,23.976682495053296,17.099239349365234,186889,-3.9681081771850586,7.062544260197078e-43,0.0005
1243,748362,96.76,22.530293139999994,119,8220,18.010778155910376,12.976074083140876,9.3563232421875,186990,-1.8377258777618408,6.712219644115874e-43,0.0005
1247,748701,96.66,22.55170703,119,8224,21.66166772813079,23.95815444165536,11.39017105102539,187075,-2.518277168273926,6.43195995125091e-43,0.0005
1251,749076,96.34,22.50620902,119,8228,21.202450725295492,16.336890778738084,166.99887084960938,187168,-2.746615409851074,6.137687273742699e-43,0.0005
1253,749416,95.76,22.86198155,119,8232,21.325881826777426,17.893920139079384,17.954389572143555,187253,-2.081374168395996,5.885453550164232e-43,0.0005
1256,749781,95.25,22.720699549999996,119,8236,20.417548909270547,27.113271903883284,19.684844970703125,187345,-2.6794991493225098,5.6192068419425165e-43,0.0005
1260,750148,95.51,22.673939500000003,119,8240,22.013417150440635,21.29284986785603,12.843039512634277,187436,-0.18638360500335693,5.366973118364049e-43,0.0005
1263,750561,96.66,22.086290130000002,119,8244,19.6895904082662,22.930079742127475,12.345962524414062,187540,-3.412022590637207,5.086713425499086e-43,0.0005
1266,750950,97.5,24.62673358,119,8248,20.809144894256093,14.533324043133211,13.216711044311523,187637,-1.7523261308670044,4.848492686563867e-43,0.0005
1269,751362,97.58,24.801519339999995,119,8252,19.734297239119034,12.37319385648343,18.506698608398438,187740,-5.126670837402344,4.610271947628648e-43,0.0005
1272,751702,97.05,22.115646530000003,119,8256,22.49219553463913,22.995544765847725,9.508782386779785,187825,-2.162421703338623,4.414090162623174e-43,0.0005
1276,752091,97.12,22.509175009999993,119,8260,19.595424338120505,22.076105019712834,12.273250579833984,187922,1.437788486480713,4.203895392974451e-43,0.0005
1278,752426,96.21,22.630261379999997,119,8264,18.630972454194023,21.105467089932723,39.61825180053711,188006,-2.2528929710388184,4.021726592612225e-43,0.0005
1282,752811,96.47,22.35057121,119,8268,21.684879744461213,25.7530244181513,11.749960899353027,188102,-1.7718322277069092,3.839557792249999e-43,0.0005
1286,753245,96.08,22.377845559999997,119,8272,20.904326727997557,14.791772575334525,13.688114166259766,188211,-2.134483814239502,3.629363022601276e-43,0.0005
1289,753612,95.68,22.699293110000003,119,8276,20.845752313955998,14.1060207937495,23.884567260742188,188302,-2.524378776550293,3.4752201915255463e-43,0.0005
1293,754007,94.65,22.665518739999996,119,8280,19.447044917683066,15.181455812548252,12.544855117797852,188401,-3.71627140045166,3.3070643758065683e-43,0.0005
1295,754342,94.0,23.10872182,119,8284,22.509687634005363,22.51507650329468,9.97354507446289,188485,-3.5863418579101562,3.1669345293740866e-43,0.0005
1297,754636,94.34,28.431150139999996,119,8288,22.061385964698207,24.186564128320345,21.156002044677734,188558,-3.646700620651245,3.0548306522281012e-43,0.0005
1300,754993,93.91,28.40309028,119,8292,19.84196549178962,22.8936610502534,38.15577697753906,188648,-2.0817902088165283,2.9147008057956195e-43,0.0005
1303,755312,92.56,28.651868229999994,119,8296,21.76542568382957,20.148929209388463,12.689821243286133,188727,-6.409449100494385,2.802596928649634e-43,0.0005
1306,755696,92.98,28.874675839999995,119,8300,20.22885170855213,21.622383098132364,11.436427116394043,188823,-3.524609088897705,2.6624670822171524e-43,0.0005
1309,756049,92.57,26.524828189999997,119,8304,18.63643813865737,17.12675856996507,10.343513488769531,188912,-5.079388618469238,2.550363205071167e-43,0.0005
1313,756517,93.28,26.39321367,119,8308,21.85503980545384,14.610873141723234,14.21163558959961,189029,-2.666031837463379,2.4102333586386854e-43,0.0005
1316,756947,92.98,28.7035967,119,8312,20.533921945913807,17.86253272771676,10.572998046875,189136,-3.8119983673095703,2.284116496849452e-43,0.0005
1320,757409,94.49,30.918913359999998,119,8316,20.37211252511533,17.113687366428273,28.3463191986084,189252,-1.117677092552185,2.14398665041697e-43,0.0005
1323,757754,93.92,31.1150299,119,8320,19.607415725394457,22.08162566417666,9.58092975616455,189338,-4.045538902282715,2.059908742557481e-43,0.0005
1327,758147,94.46,31.287432990000003,119,8324,19.285944576723104,12.687306229776176,26.724788665771484,189436,-2.860644817352295,1.961817850054744e-43,0.0005
1331,758635,95.59,30.914302680000002,119,8328,18.28917130532967,19.394983374731297,27.75989532470703,189558,-4.917928695678711,1.8497139729087585e-43,0.0005
1335,759126,97.1,30.76563665,119,8332,22.765606214610315,24.347771322421206,12.944952964782715,189681,-2.4249582290649414,1.7376100957627732e-43,0.0005
1338,759533,97.52,30.188751460000002,119,8336,20.683845708438376,14.103699883846392,11.62729263305664,189783,-4.413372993469238,1.639519203260036e-43,0.0005
1340,759873,97.25,27.63752598,119,8340,19.387112073688936,19.81616607628704,25.78936767578125,189868,-2.7994706630706787,1.5834672646870433e-43,0.0005
1343,760232,96.71,27.86340054,119,8344,18.134572295309244,14.267038342056308,16.980361938476562,189957,-1.8425712585449219,1.5134023414708024e-43,0.0005
1346,760561,96.11,25.46368075,119,8348,20.811449765376548,18.99574105693525,13.441338539123535,190040,-4.543113708496094,1.4433374182545616e-43,0.0005
1349,760983,96.21,24.33842746,119,8352,16.624504071872295,16.281077236146857,10.475268363952637,190145,-2.9208996295928955,1.3732724950383207e-43,0.0005
1353,761444,97.42,26.901632639999992,119,8356,19.148400273832763,24.35041292412002,18.97844886779785,190260,-2.771782636642456,1.2891945871788317e-43,0.0005
1356,761836,97.45,26.61801793,119,8360,18.134048307514767,11.798430064018834,17.421642303466797,190358,-2.772369384765625,1.233142648605839e-43,0.0005
1360,762211,97.85,26.24772293,119,8364,20.430726395801194,21.8389843778259,21.761825561523438,190452,-2.708024024963379,1.1770907100328463e-43,0.0005
1363,762546,97.35,23.96953504,119,8368,20.714400571491794,16.616895094672916,18.32952880859375,190536,-2.4591546058654785,1.1210387714598537e-43,0.0005
1365,762864,96.19,24.01181620000001,119,8372,17.66477593967718,21.025732751733482,11.707036018371582,190615,-2.8971633911132812,1.0789998175301091e-43,0.0005
1369,763254,96.42,23.70233901,119,8376,21.56560288806594,20.050408469761464,18.914798736572266,190713,-0.9861083626747131,1.0369608636003646e-43,0.0005
1372,763590,95.83,24.131026929999997,119,8380,22.317053440883655,22.428036163784935,133.72296142578125,190797,-4.374617576599121,9.80908925027372e-44,0.0005
1374,763940,95.98,23.963777269999994,119,8384,21.490703271877525,22.74068425620936,19.110095977783203,190884,-0.6842541694641113,9.388699710976274e-44,0.0005
1377,764361,97.25,23.38620502,119,8388,19.096898386318607,13.990057639523853,25.890241622924805,190990,-2.5576343536376953,8.96831017167883e-44,0.0005
1381,764729,97.36,22.747403310000003,119,8392,20.0382699673661,14.404539364503604,16.226591110229492,191082,-3.2772395610809326,8.547920632381384e-44,0.0005
1385,765085,97.73,22.47786956,119,8396,17.83456998795047,18.4797629472132,8.261018753051758,191171,-6.1117730140686035,8.127531093083939e-44,0.0005
1388,765513,98.17,22.459469019999997,119,8400,19.80301727142618,14.894269176745585,15.318479537963867,191278,-3.346064329147339,7.707141553786494e-44,0.0005
1390,765875,98.26,24.26392926,119,8404,20.998848799391833,24.553274472152363,22.28563690185547,191368,-3.1684107780456543,7.42688186092153e-44,0.0005
1394,766240,97.23,24.308599929999996,119,8408,20.940975891248037,21.1402182400073,17.941253662109375,191459,-2.055734872817993,7.006492321624085e-44,0.0005
1397,766576,96.29,24.645724330000004,119,8412,22.05906080961182,24.790096827503696,25.576616287231445,191543,-1.6904349327087402,6.726232628759122e-44,0.0005
1401,767037,96.28,24.63636825,119,8416,19.2441099243973,20.13370038937459,17.864879608154297,191659,-2.640803337097168,6.445972935894159e-44,0.0005
1403,767494,97.4,24.60528978,119,8420,18.439085778903717,12.941044811875043,18.61339569091797,191773,-1.0423144102096558,6.025583396596713e-44,0.0005
1408,767949,98.02,24.36526461,119,8424,20.989183822581435,26.280141065151174,23.41283416748047,191887,1.3601887226104736,5.74532370373175e-44,0.0005
1411,768299,96.64,24.808822470000006,119,8428,21.484814901816172,23.439902082527,50.05400085449219,191974,-3.634087562561035,5.465064010866787e-44,0.0005
1415,768737,96.11,24.717801060000003,119,8432,19.985528015071424,14.792668166969039,13.181184768676758,192084,-2.8152856826782227,5.184804318001823e-44,0.0005
1418,769026,94.93,21.00181113,119,8436,20.657002777748552,20.066614579352038,36.49605178833008,192156,-3.3480019569396973,5.044674471569341e-44,0.0005
1420,769378,95.05,23.640843219999994,119,8440,19.715405075513406,18.952961314143785,15.334118843078613,192244,-2.5335726737976074,4.764414778704378e-44,0.0005
1424,769871,96.39,23.509844490000006,119,8444,19.383345701053557,17.516764265038915,8.5947265625,192367,-4.911657333374023,4.484155085839415e-44,0.0005
1429,770320,97.59,25.89170396,119,8448,20.71779884503527,15.099591701716907,8.024190902709961,192479,-5.761708736419678,4.203895392974451e-44,0.0005
1432,770706,97.23,27.010212430000003,119,8452,19.792093489592844,14.838275263641417,10.318675994873047,192576,-4.3372979164123535,4.0637655465419695e-44,0.0005
1436,771148,97.04,27.01859495,119,8456,19.541045084555897,19.37492426659495,26.5252685546875,192686,-1.910812497138977,3.783505853677006e-44,0.0005
1439,771520,96.84,27.425045800000007,119,8460,18.06484971820577,23.13352317755566,117.48013305664062,192779,-0.22110331058502197,3.6433760072445244e-44,0.0005
1444,772059,98.48,27.49194251000001,119,8464,19.135081952469953,13.514470235369535,11.265423774719238,192914,-5.575142860412598,3.363116314379561e-44,0.0005
1446,772394,98.48,27.45954142,119,8468,19.060703522505992,14.498337261689937,18.4075927734375,192998,-3.9040818214416504,3.2229864679470793e-44,0.0005
1449,772754,98.9,27.52349953,119,8472,22.070608763369957,20.1723623743519,15.6769380569458,193088,-2.4303832054138184,3.0828566215145976e-44,0.0005
1453,773179,99.25,27.78271509,119,8476,20.325076778088913,14.452648344318181,11.775139808654785,193194,-4.4727373123168945,2.942726775082116e-44,0.0005
1456,773573,99.83,27.50859192,119,8480,21.441579297666955,19.28940759639795,13.167034149169922,193293,-3.692706346511841,2.802596928649634e-44,0.0005
1458,773920,99.8,27.386788430000006,119,8484,19.98596845429893,18.05877778549788,21.910167694091797,193379,-2.7449567317962646,2.6624670822171524e-44,0.0005
1461,774288,99.27,26.810232449999997,119,8488,19.447134570208323,20.316183167751376,17.820037841796875,193471,-0.868335485458374,2.5223372357846707e-44,0.0005
1465,774612,98.83,27.851592450000002,119,8492,22.453267585306328,22.278403588503647,10.059072494506836,193552,-3.3404130935668945,2.5223372357846707e-44,0.0005
1469,775060,99.75,28.190979040000006,119,8496,22.791760172644945,22.027608395197554,12.41327953338623,193664,-2.845850944519043,2.382207389352189e-44,0.0005
1471,775475,99.62,28.173655050000008,119,8500,17.350231602505595,13.4562251994836,42.60670471191406,193768,-1.8809531927108765,2.2420775429197073e-44,0.0005
1475,775849,99.74,28.845832170000005,119,8504,19.53122505716007,21.324601052655076,12.648712158203125,193862,-5.269505500793457,2.1019476964872256e-44,0.0005
1479,776257,100.17,28.88436178,119,8508,21.87437970629799,23.475023571343907,11.765190124511719,193964,-1.1040939092636108,1.961817850054744e-44,0.0005
1482,776610,100.34,28.568885490000003,119,8512,22.50460794688928,25.56207318745423,173.67076110839844,194052,1.6249130964279175,1.961817850054744e-44,0.0005
1484,776907,98.7,26.661418570000006,119,8516,21.2774977963078,26.727231041722483,13.491543769836426,194126,-3.030038356781006,1.8216880036222622e-44,0.0005
1487,777356,98.62,26.85762105,119,8520,18.15962618592929,14.270790567775675,39.05695343017578,194238,-2.757446765899658,1.6815581571897805e-44,0.0005
1491,777732,97.83,27.182997850000003,119,8524,21.30226944290368,22.9546266477031,16.129512786865234,194332,-4.133487701416016,1.6815581571897805e-44,0.0005
1495,778250,99.51,26.530651549999998,119,8528,18.974998288007594,14.405276687360962,9.01874828338623,194462,-3.53837251663208,1.5414283107572988e-44,0.0005
1498,778613,98.76,26.899454449999993,119,8532,22.255399086568268,18.511136964493737,22.03972625732422,194553,-1.3135942220687866,1.5414283107572988e-44,0.0005
1500,778990,99.64,30.89991748,119,8536,18.858071943131815,21.844894548341564,13.956375122070312,194647,-4.970418930053711,1.401298464324817e-44,0.0005
1504,779375,99.97,28.11491413,119,8540,20.30346693930175,20.027676835551127,15.01368522644043,194743,-4.668227195739746,1.401298464324817e-44,0.0005
1507,779790,99.19,27.93874681,119,8544,21.26064862219472,21.534665163739227,8.917364120483398,194847,-4.095952033996582,1.2611686178923354e-44,0.0005
1510,780090,97.7,25.387187309999998,119,8548,21.463856594625558,20.55948021496184,10.756986618041992,194922,-3.155393123626709,1.2611686178923354e-44,0.0005
1512,780389,96.83,24.937854420000004,119,8552,20.49353969370752,25.05044855286751,20.248729705810547,194997,-3.7504501342773438,1.2611686178923354e-44,0.0005
1516,780777,96.29,25.0782575,119,8556,19.810010961951797,21.5913078823652,14.572675704956055,195094,-4.6470723152160645,1.1210387714598537e-44,0.0005
1519,781165,96.45,24.973125070000005,119,8560,20.404554559261232,23.801218960498097,21.228763580322266,195191,-0.5302447080612183,1.1210387714598537e-44,0.0005
1522,781555,94.96,22.838184809999998,119,8564,20.733950996721475,14.657076542447049,13.835877418518066,195288,-6.92264461517334,9.80908925027372e-45,0.0005
1525,781916,95.22,25.238035949999997,119,8568,20.506879685015587,21.213490434115315,20.590559005737305,195378,-5.054217338562012,9.80908925027372e-45,0.0005
1528,782331,95.77,25.015192950000007,119,8572,19.104632190381484,16.30902419591368,25.685993194580078,195482,-3.6943819522857666,9.80908925027372e-45,0.0005
1531,782680,95.01,22.232133890000004,119,8576,19.7529891845893,15.833287027610744,19.735172271728516,195569,-6.858521938323975,8.407790785948902e-45,0.0005
1535,783015,94.42,22.381647799999996,119,8580,20.42333908540285,24.124549864287967,22.452129364013672,195653,-3.361755847930908,8.407790785948902e-45,0.0005
1539,783521,96.01,22.21403525,119,8584,19.780204408451386,13.902275637372393,69.98809051513672,195780,-2.0122406482696533,8.407790785948902e-45,0.0005
1541,783900,96.12,23.19707818,119,8588,20.67085117525865,14.94286720419509,14.694395065307617,195874,-3.094350576400757,7.006492321624085e-45,0.0005
1544,784215,96.03,22.909371569999998,119,8592,20.715544226478865,20.73635528291703,17.047183990478516,195953,-3.66795015335083,7.006492321624085e-45,0.0005
1548,784630,95.7,22.361067439999996,119,8596,20.278580348648976,14.260835727922185,10.18157958984375,196057,-6.191224575042725,7.006492321624085e-45,0.0005
1552,785083,96.08,22.192506449999996,119,8600,19.331082300405185,15.029627922637316,33.55229187011719,196170,-2.143098831176758,7.006492321624085e-45,0.0005
1554,785482,96.33,22.443915979999996,119,8604,18.88374818474862,13.397897785583329,11.389406204223633,196270,-2.701533555984497,5.605193857299268e-45,0.0005
1558,785876,96.19,22.417092710000002,119,8608,21.36292964759505,23.433107638126312,12.332962989807129,196368,-3.554157018661499,5.605193857299268e-45,0.0005
1562,786312,97.02,22.365549880000003,119,8612,20.521556732647333,16.813883454638976,15.303095817565918,196477,-3.6047475337982178,5.605193857299268e-45,0.0005
1564,786549,96.42,22.167991590000007,119,8616,22.96771748916231,24.623972152628134,29.394067764282227,196537,-2.9275097846984863,5.605193857299268e-45,0.0005
1566,786885,95.29,22.21105233,119,8620,21.053942134955072,21.03750361453026,14.8814058303833,196621,-2.5034539699554443,5.605193857299268e-45,0.0005
1570,787313,95.81,21.91670719,119,8624,18.934059778180412,13.720658488446727,9.278430938720703,196728,-3.045121908187866,5.605193857299268e-45,0.0005
1573,787638,93.88,19.877911410000003,119,8628,21.07487117509644,18.717873144907273,21.25457763671875,196809,0.08246505260467529,4.203895392974451e-45,0.0005
1577,788018,94.05,19.71564292,119,8632,18.215459166866644,18.298363178848867,25.64426612854004,196904,-5.466387748718262,4.203895392974451e-45,0.0005
1579,788342,93.52,19.736613990000002,119,8636,21.55237862253147,21.26045459791027,14.23636531829834,196985,-3.7979602813720703,4.203895392974451e-45,0.0005
1582,788703,93.28,22.35550358,119,8640,21.855779683824707,25.600748198077838,17.312711715698242,197075,-4.729994773864746,4.203895392974451e-45,0.0005
1585,789140,93.5,22.251474709999997,119,8644,20.817134615587403,19.907503490541174,13.650779724121094,197184,-4.4698686599731445,4.203895392974451e-45,0.0005
1589,789532,94.42,24.45209101,119,8648,19.58541733700282,13.829473631075652,12.314777374267578,197282,-4.185640811920166,4.203895392974451e-45,0.0005
1591,789890,95.01,24.830477069999993,119,8652,20.359374686184317,24.25876056801884,7.2299699783325195,197372,-4.16372013092041,4.203895392974451e-45,0.0005
1595,790280,95.03,24.38724286999999,119,8656,21.82266952271208,24.735778334420072,19.264385223388672,197469,-3.588168144226074,2.802596928649634e-45,0.0005
1598,790658,94.93,23.91842901,119,8660,17.06936591267404,17.16250769510296,32.625492095947266,197564,-3.0950863361358643,2.802596928649634e-45,0.0005
1602,791070,95.15,26.24295095,119,8664,19.668417379032608,13.26454179266504,14.956100463867188,197667,-3.7261123657226562,2.802596928649634e-45,0.0005
1604,791369,94.53,26.46062684,119,8668,17.531642649185446,22.655716357489144,21.8810977935791,197742,-3.3735647201538086,2.802596928649634e-45,0.0005
1607,791706,93.75,26.614948240000007,119,8672,17.933768771123137,18.056607009130754,9.477668762207031,197826,-4.02221155166626,2.802596928649634e-45,0.0005
1610,792119,94.39,29.144941430000003,119,8676,19.431485870628507,18.61033467469392,13.416646003723145,197929,-1.7054319381713867,2.802596928649634e-45,0.0005
1612,792469,94.54,29.014107510000002,119,8680,21.115052325027,22.3224799325164,9.561521530151367,198017,-6.297830104827881,2.802596928649634e-45,0.0005
1616,792907,93.86,28.88973171,119,8684,20.198288353778302,19.852579292265983,14.75485610961914,198126,-3.7210655212402344,2.802596928649634e-45,0.0005
1619,793183,92.83,28.846575279999996,119,8688,21.41910239031178,23.880633990775163,16.602909088134766,198195,-2.093653440475464,2.802596928649634e-45,0.0005
1621,793496,92.81,28.43498492,119,8692,16.714940700969148,20.891851223687688,10.152046203613281,198273,-1.6550471782684326,2.802596928649634e-45,0.0005
1625,793919,92.89,28.582958170000005,119,8696,22.601285230956368,24.650657127521434,13.162986755371094,198379,-0.872266948223114,2.802596928649634e-45,0.0005
1628,794262,91.79,28.486888480000008,119,8700,20.697133015185724,18.52353264534333,16.071813583374023,198465,-3.104626178741455,1.401298464324817e-45,0.0005
1632,794676,91.94,28.34438586,119,8704,21.62195018310203,20.990080810532405,9.311832427978516,198568,-4.563652515411377,1.401298464324817e-45,0.0005
1635,795020,91.44,26.911265940000003,119,8708,22.6436477237935,20.57280720425798,179.3465576171875,198654,-3.9447710514068604,1.401298464324817e-45,0.0005
1637,795466,91.54,27.07549849,119,8712,19.40314494176969,13.187703974528247,10.815511703491211,198766,-2.084869384765625,1.401298464324817e-45,0.0005
1641,795892,93.43,29.41618922,119,8716,20.14414857524731,14.418499149852785,14.826202392578125,198872,-3.1214756965637207,1.401298464324817e-45,0.0005
1644,796246,93.61,29.419475259999995,119,8720,19.681820761560942,21.287258905119934,12.084230422973633,198961,-3.0418834686279297,1.401298464324817e-45,0.0005
1648,796656,93.43,29.57096603,119,8724,19.51232430886461,14.069120594923946,23.120019912719727,199063,-4.647927284240723,1.401298464324817e-45,0.0005
1651,797049,94.11,32.05034861,119,8728,19.35947431343694,12.286743362697333,12.085714340209961,199162,-2.5495128631591797,1.401298464324817e-45,0.0005
1653,797467,94.49,32.083556560000005,119,8732,21.998932100423822,19.383993426548198,16.334062576293945,199266,-3.276306390762329,1.401298464324817e-45,0.0005
1657,797870,95.28,32.10980325999999,119,8736,21.130226827135992,21.80440896400354,128.16697692871094,199367,-4.583011150360107,1.401298464324817e-45,0.0005
1660,798183,94.8,32.124910619999994,119,8740,20.704636847868755,25.607889685280497,17.53604507446289,199445,-2.240041732788086,1.401298464324817e-45,0.0005
1662,798492,93.52,32.89775541,119,8744,20.75282077721875,21.827936343376084,11.352615356445312,199522,-2.5422723293304443,1.401298464324817e-45,0.0005
1666,798900,93.68,33.17516232,119,8748,21.16890706216992,20.303057304801268,23.24762725830078,199624,-4.640977382659912,1.401298464324817e-45,0.0005
1669,799322,94.32,33.28333624,119,8752,20.195699962104094,14.192679547096466,13.952780723571777,199730,-2.99936580657959,1.401298464324817e-45,0.0005
1673,799699,94.19,33.80700594,119,8756,19.418672191255766,23.893479372690084,11.315608978271484,199824,-4.097714900970459,1.401298464324817e-45,0.0005
1676,800015,93.57,34.18525998,119,8760,22.94823948909728,26.550253575895432,17.230525970458984,199903,-1.346779227256775,1.401298464324817e-45,0.0005
1678,800403,93.33,33.81810989,119,8764,19.77135967387075,13.385172270642046,15.425264358520508,200000,-5.969510078430176,1.401298464324817e-45,0.0005
1682,800774,94.05,33.85997606,119,8768,21.062564276402938,19.205766372975678,11.60714054107666,200093,-4.0905537605285645,1.401298464324817e-45,0.0005
1685,801115,94.09,33.81517849,119,8772,20.255340683735273,19.35118244190589,34.12084197998047,200178,2.818871021270752,1.401298464324817e-45,0.0005
1687,801477,93.58,33.963502860000006,119,8776,22.000742086554407,20.19415283902748,8.895566940307617,200269,-4.923239707946777,1.401298464324817e-45,0.0005
1691,801861,93.92,33.9965703,119,8780,21.9889384253406,21.065608842197527,166.63128662109375,200365,0.6294575929641724,1.401298464324817e-45,0.0005
1694,802288,93.81,33.83120851,119,8784,22.341867287510112,20.29672165507992,30.010074615478516,200471,-4.2743072509765625,1.401298464324817e-45,0.0005
1698,802655,94.72,33.605150640000005,119,8788,20.27970824776552,14.219134077162819,13.176475524902344,200563,-3.3212804794311523,1.401298464324817e-45,0.0005
1701,803047,95.51,33.93808056,119,8792,22.02478797227225,23.771373824974077,10.933876991271973,200661,-1.752242922782898,0.0,0.0005
1703,803337,94.18,31.97271545,119,8796,19.94289839166053,24.93393453974382,10.738211631774902,200734,-3.9761579036712646,0.0,0.0005
1707,803841,95.79,31.667401760000004,119,8800,20.782128586791625,14.687631439408735,17.11144256591797,200860,-4.897640705108643,0.0,0.0005
1710,804267,95.91,31.633667349999996,119,8804,21.163809676751683,24.28784493143529,14.344433784484863,200966,-4.354192733764648,0.0,0.0005
1714,804671,96.51,32.56390704999999,119,8808,22.03992303373975,25.052994435706385,10.73669147491455,201067,-1.4525679349899292,0.0,0.0005
1718,805082,96.16,32.3247347,119,8812,19.171339548484937,14.052749556862075,15.752001762390137,201170,-0.995090126991272,0.0,0.0005
1720,805499,96.07,31.00383337,119,8816,19.218789870295993,18.223055608129137,8.779012680053711,201274,-3.9900155067443848,0.0,0.0005
1724,805883,96.37,31.10230461,119,8820,21.699288881159976,20.843659687690565,10.528644561767578,201370,-3.1880311965942383,0.0,0.0005
1727,806257,96.01,30.80942989,119,8824,20.825647065915245,20.61985403174923,8.00636100769043,201464,-2.774280548095703,0.0,0.0005
1730,806571,95.22,31.156725200000004,119,8828,21.213735625799067,22.088693786502226,13.70235824584961,201542,-4.363855838775635,0.0,0.0005
1733,806977,95.1,31.226109969999996,119,8832,19.487161608634466,19.265095506753187,16.252822875976562,201644,-1.8950836658477783,0.0,0.0005
1736,807367,94.97,31.41385796,119,8836,21.990741098908952,23.162170024911756,18.625391006469727,201741,-2.3186161518096924,0.0,0.0005
1739,807702,95.19,31.272591539999997,119,8840,20.308135286204653,23.077278695497412,20.811748504638672,201825,-1.2959074974060059,0.0,0.0005
1742,808041,95.49,31.18813865,119,8844,21.97991219149577,23.460677381808104,14.432929992675781,201910,-0.9918252229690552,0.0,0.0005
1744,808391,94.91,31.32284756,119,8848,21.685022810937944,22.578468007958975,11.883477210998535,201997,-3.743588924407959,0.0,0.0005
1748,808772,94.5,30.78113846,119,8852,14.096470487915767,14.90977863571041,12.915802001953125,202092,-3.2001595497131348,0.0,0.0005
1752,809248,95.49,30.29667086,119,8856,21.134048903324018,18.434177783797974,11.907705307006836,202211,-3.883683919906616,0.0,0.0005
1756,809696,96.81,30.216364649999996,119,8860,20.300375943191007,25.226274129002494,125.41207885742188,202323,-3.005303382873535,0.0,0.0005
1759,810077,96.74,30.567498269999998,119,8864,18.441271738186558,15.945692722068753,21.56740379333496,202419,-2.629265308380127,0.0,0.0005
1761,810390,96.16,27.69744991,119,8868,20.961067902191843,20.55256180723854,24.140872955322266,202497,-2.878281593322754,0.0,0.0005
1765,810758,96.43,25.023223610000006,119,8872,21.63529466652005,23.22918797499643,10.13886833190918,202589,-1.549275517463684,0.0,0.0005
1768,811164,96.87,25.02980418,119,8876,20.982609552266283,18.919112183428425,9.785855293273926,202690,-4.9023919105529785,0.0,0.0005
1772,811573,97.12,25.0420607,119,8880,18.667940859166162,17.99098477928242,15.151355743408203,202793,-4.426902770996094,0.0,0.0005
1774,811942,96.54,25.435826920000004,119,8884,20.0107658585784,20.256146432107467,12.000320434570312,202885,0.2387598752975464,0.0,0.0005
1778,812313,96.58,25.637111490000002,119,8888,20.54760561235838,19.18432530106075,25.1992130279541,202978,-2.9929585456848145,0.0,0.0005
1781,812702,96.55,25.018759110000005,119,8892,19.668015181556783,15.035855671323828,31.035402297973633,203075,-2.916682004928589,0.0,0.0005
1785,813077,97.4,27.155813669999997,119,8896,21.827249775264487,22.182390810891324,36.901817321777344,203169,-4.535774230957031,0.0,0.0005
1787,813446,96.05,27.552723440000005,119,8900,19.60943456068697,21.557140806108933,27.707279205322266,203261,-3.0263314247131348,0.0,0.0005
1790,813824,95.57,27.576350810000005,119,8904,20.84621359510551,21.433481287328288,184.95648193359375,203355,-1.9720054864883423,0.0,0.0005
1794,814237,95.66,28.229019970000003,119,8908,21.845453394281716,23.175992542876088,16.890296936035156,203459,-2.360708713531494,0.0,0.0005
1797,814611,95.29,28.341050850000002,119,8912,18.561880398102105,14.335308158168104,9.269885063171387,203552,-2.9574246406555176,0.0,0.0005
1801,815034,95.35,29.69848107,119,8916,21.658618662151248,14.486664893367841,128.5706787109375,203658,-3.272218942642212,0.0,0.0005
1803,815409,95.26,29.54620782,119,8920,19.43760529896005,15.287824191055062,29.013620376586914,203752,-0.9935026168823242,0.0,0.0005
1807,815772,95.15,29.345779510000003,119,8924,17.907041040689535,18.814429145070658,11.29542350769043,203842,-4.437158584594727,0.0,0.0005
1811,816207,96.36,29.142294420000006,119,8928,20.74610656836852,22.295181828823143,16.185808181762695,203951,-2.153615713119507,0.0,0.0005
1812,816496,95.19,26.155277670000004,119,8932,22.116413019254693,23.1740483903508,13.053947448730469,204023,-0.987515926361084,0.0,0.0005
1816,816929,95.62,26.008659289999997,119,8936,19.91274416080974,21.214922671260574,10.856176376342773,204132,-1.9916378259658813,0.0,0.0005
1819,817280,95.78,26.151548440000003,119,8940,21.877521493938826,22.12349628195937,14.219008445739746,204219,-3.061984062194824,0.0,0.0005
1822,817634,95.93,26.049327689999995,119,8944,22.775411602912573,22.12029860216198,15.317506790161133,204308,-3.533801555633545,0.0,0.0005
1824,817954,95.63,26.100273530000003,119,8948,21.789216638423458,19.769297770009395,12.065998077392578,204388,-2.3815670013427734,0.0,0.0005
1828,818256,94.84,26.314510570000003,119,8952,19.13476368277303,23.77799149352244,27.989887237548828,204463,-2.3652946949005127,0.0,0.0005
1831,818592,93.44,26.323019489999997,119,8956,21.67444481250307,21.972911278823172,9.63646125793457,204547,-2.7487940788269043,0.0,0.0005
1833,818936,92.4,26.260723849999998,119,8960,19.8891218787412,18.275994562201365,8.337732315063477,204633,-3.7748489379882812,0.0,0.0005
1836,819331,92.54,26.136068530000003,119,8964,19.788531888578284,21.311877115111532,8.837780952453613,204732,-4.301955223083496,0.0,0.0005
1840,819700,93.1,28.778932830000002,119,8968,18.390879214698007,22.57926745647302,12.22299575805664,204824,-3.506845712661743,0.0,0.0005
1844,820118,93.6,31.031477069999998,119,8972,20.742737204571142,20.645093227978723,80.68679809570312,204929,-1.4815847873687744,0.0,0.0005
1845,820442,92.78,31.16438303,119,8976,20.3863725695724,23.422395054011794,9.408584594726562,205010,-3.7084758281707764,0.0,0.0005
1849,820769,91.96,31.01625014,119,8980,18.987170989290306,27.67102226075293,10.160810470581055,205092,-1.2462141513824463,0.0,0.0005
1852,821179,92.37,31.05363592,119,8984,19.03824364170946,12.34904723203415,19.101375579833984,205194,-1.3507425785064697,0.0,0.0005
1856,821599,92.86,28.43634141,119,8988,15.181646499593551,12.226601876087216,28.355518341064453,205299,-4.218053817749023,0.0,0.0005
1859,821994,92.92,29.06348149,119,8992,18.097824653112692,18.297090617098245,16.813730239868164,205398,-2.403975248336792,0.0,0.0005
1863,822417,93.4,29.07042248,119,8996,20.32960287902894,17.179293244888175,39.24169921875,205504,-3.16324520111084,0.0,0.0005
1866,822755,93.09,26.801167080000006,119,9000,19.844531820375426,20.614274798475552,19.160934448242188,205588,-3.956188678741455,0.0,0.0005
1869,823051,92.27,26.90585256,119,9004,19.80464292808661,22.186491224593095,9.498987197875977,205662,-4.126955032348633,0.0,0.0005
1871,823374,91.37,26.46964067,119,9008,21.305650844618782,18.113418410941144,9.434123039245605,205743,-3.192837715148926,0.0,0.0005
1876,823799,91.88,24.212828410000007,119,9012,18.361022971908017,12.969921092818831,12.586230278015137,205849,-4.471519470214844,0.0,0.0005
1879,824195,91.61,24.171988139999993,119,9016,19.443817266112887,20.113800943445444,13.767887115478516,205948,-2.6974704265594482,0.0,0.0005
1883,824618,92.09,23.94922084,119,9020,19.18025179938396,20.534438148550148,12.639297485351562,206054,-4.218964576721191,0.0,0.0005
1885,824993,92.21,23.87040944,119,9024,19.289751211874346,24.218259051948575,31.13016128540039,206148,-7.122071266174316,0.0,0.0005
1888,825370,91.63,23.538491939999993,119,9028,20.90347698898084,22.569111915903346,14.640739440917969,206242,-3.8128671646118164,0.0,0.0005
1892,825774,92.78,26.103719720000004,119,9032,20.01887740878441,20.783703148600903,23.24570083618164,206343,-0.5551221370697021,0.0,0.0005
1895,826212,92.83,26.280540759999994,119,9036,20.958809146422883,18.802580705325067,13.464105606079102,206452,0.287100613117218,0.0,0.0005
1898,826510,92.3,21.2159525,119,9040,18.61451904709241,13.862870909453546,16.06125831604004,206527,-5.252208232879639,0.0,0.0005
1900,826800,91.66,21.343874210000003,119,9044,19.00714474180977,20.751883261551882,10.523368835449219,206599,-4.128848075866699,0.0,0.0005
1904,827262,93.08,20.749166719999998,119,9048,19.11193345732595,14.564413956165964,13.689384460449219,206715,-2.4281394481658936,0.0,0.0005
1907,827594,93.38,20.99421806999999,119,9052,18.541188203732265,17.570715764158965,9.397300720214844,206798,-3.55389142036438,0.0,0.0005
1909,827908,93.16,18.57630461,119,9056,18.222148748549923,13.369669781795963,40.63194274902344,206876,-4.3419508934021,0.0,0.0005
1912,828277,93.41,18.54865391,119,9060,19.405015821112954,16.97475024054752,8.65872859954834,206969,-1.2784830331802368,0.0,0.0005
1915,828559,92.28,17.595578409999998,119,9064,20.956352185469658,22.72999453523152,10.181428909301758,207039,-1.4891397953033447,0.0,0.0005
1918,828996,92.96,17.699738989999997,119,9068,20.691332728304722,21.04584495225346,10.410491943359375,207148,-2.975275993347168,0.0,0.0005
1921,829327,92.09,15.753667129999997,119,9072,19.562816131437163,13.3451749737153,13.913261413574219,207231,-3.5480363368988037,0.0,0.0005
1924,829720,92.78,15.47902984,119,9076,21.066084661533672,19.351442602041512,15.434812545776367,207329,-4.279882431030273,0.0,0.0005
1928,830068,92.99,15.50121941,119,9080,20.521386161110698,22.07120125087306,16.67317008972168,207416,-2.682100534439087,0.0,0.0005
1932,830511,93.32,15.153863489999997,119,9084,20.750210800698245,16.907035467698428,13.048276901245117,207527,-0.7377384305000305,0.0,0.0005
1934,830930,93.31,17.659873179999998,119,9088,18.604549302892064,16.129009009597706,10.008612632751465,207632,-2.2135887145996094,0.0,0.0005
1937,831279,92.85,17.67908479,119,9092,20.43465458835581,19.684981320316933,16.161977767944336,207719,-4.2700300216674805,0.0,0.0005
1941,831694,92.77,17.594276559999997,119,9096,18.382241963920958,12.318756897236774,198.79898071289062,207823,1.7292230129241943,0.0,0.0005
1944,832095,93.4,19.91986204,119,9100,18.388202175176065,12.023630876234233,11.08458423614502,207923,-1.3559707403182983,0.0,0.0005
1946,832426,93.75,19.9390788,119,9104,22.712113706625995,20.74063251272396,13.87669563293457,208006,-2.7224979400634766,0.0,0.0005
1950,832743,93.69,19.951951009999995,119,9108,22.06471346565606,22.91849655518018,11.943747520446777,208085,-6.605062484741211,0.0,0.0005
1953,833094,92.95,22.459073439999997,119,9112,20.14842200226597,26.325007257681026,11.55291748046875,208173,-4.508500099182129,0.0,0.0005
1954,833420,92.25,22.565012909999997,119,9116,21.3990042805546,21.101953383369946,71.66603088378906,208254,-3.512601852416992,0.0,0.0005
1958,833707,90.89,19.043858729999997,119,9120,20.793168639214862,18.481655736042477,8.521361351013184,208326,-0.6469629406929016,0.0,0.0005
1961,834065,90.72,19.409015099999998,119,9124,20.065795872768184,18.369502469975338,17.279888153076172,208416,-3.362529754638672,0.0,0.0005
1963,834387,90.17,17.949842349999997,119,9128,20.59488893437702,18.363712767312094,7.900261402130127,208496,-2.331702470779419,0.0,0.0005
1965,834656,88.82,14.951505110000001,119,9132,20.11147336698075,23.32265663215843,13.87565803527832,208563,-1.337094783782959,0.0,0.0005
1969,835021,88.09,15.152075480000002,119,9136,19.844382171058502,17.49949809511947,16.517892837524414,208655,-4.16584587097168,0.0,0.0005
1971,835388,88.78,20.05031397,119,9140,22.90105134143653,20.76245013109041,15.227583885192871,208746,-3.3710529804229736,0.0,0.0005
1974,835781,89.81,19.45926626,119,9144,19.664880314553827,21.014011224553897,8.908045768737793,208845,-5.253662109375,0.0,0.0005
1977,836066,88.04,19.99667343,119,9148,18.620398923798078,23.77864614413854,12.618293762207031,208916,-3.3388028144836426,0.0,0.0005
1979,836403,88.09,20.186020600000003,119,9152,23.146425114576783,24.335741228835438,9.022726058959961,209000,-1.8791534900665283,0.0,0.0005
1983,836812,89.04,23.001305000000002,119,9156,20.763789469167968,15.622262228734844,14.723198890686035,209102,-6.840060234069824,0.0,0.0005
1986,837141,88.64,23.26941867,119,9160,21.754274101597094,16.683693035505698,17.12112045288086,209185,-5.772299289703369,0.0,0.0005
1989,837556,89.97,24.034501170000002,119,9164,19.114155229230267,15.243450409731995,19.609790802001953,209288,-4.156142234802246,0.0,0.0005
1991,837905,89.09,24.258281509999996,119,9168,21.34779496086008,21.884783755270245,20.468505859375,209376,-4.969740867614746,0.0,0.0005
1995,838292,89.65,25.752261860000004,119,9172,19.583644605775483,19.58076797905035,14.901092529296875,209472,-3.7925169467926025,0.0,0.0005
1998,838708,89.88,25.855933049999997,119,9176,20.125250158601666,21.103548374375716,13.60296630859375,209576,-4.788240432739258,0.0,0.0005
2002,839092,90.24,26.10818533,119,9180,19.520111447840243,19.61237010271879,8.89946174621582,209672,-5.640122413635254,0.0,0.0005
2006,839525,90.14,26.525357639999996,119,9184,21.447579986120665,20.679361581730472,22.66718292236328,209781,-3.8643417358398438,0.0,0.0005
2008,839912,89.82,26.552419690000008,119,9188,21.498997608781558,25.621656594589528,10.828182220458984,209877,-6.093344688415527,0.0,0.0005
2012,840341,90.62,26.3623836,119,9192,17.124145146041457,13.920043862641721,21.70304298400879,209985,-2.52248477935791,0.0,0.0005
2015,840682,89.88,26.747545650000006,119,9196,21.030289807877214,23.285283518170957,146.90293884277344,210070,-4.807792663574219,0.0,0.0005
2019,841064,89.69,26.67685382,119,9200,19.690515756266947,14.220351792888188,17.663742065429688,210165,-5.072086334228516,0.0,0.0005
2023,841502,90.76,26.335981810000007,119,9204,22.323854064884117,20.996330760739266,16.848464965820312,210275,-0.6859314441680908,0.0,0.0005
2025,841838,90.95,26.81101893,119,9208,22.30730468029567,20.384954142574077,15.408316612243652,210359,-3.746325969696045,0.0,0.0005
2029,842216,91.22,26.82722685,119,9212,22.883133362513963,22.26309326216411,9.781759262084961,210453,-4.845151901245117,0.0,0.0005
2033,842568,91.48,27.022074540000002,119,9216,21.797019233475073,15.84078646533696,10.739416122436523,210541,-3.4712061882019043,0.0,0.0005
2034,842882,91.75,30.717789850000003,119,9220,21.976146640672848,22.660548488184574,9.849020957946777,210620,-4.110285758972168,0.0,0.0005
2038,843244,91.79,31.030250900000006,119,9224,22.974778618762194,25.74227674271579,21.300952911376953,210710,-5.377894401550293,0.0,0.0005
2041,843683,92.96,32.62764342,119,9228,22.541652643582395,21.900586642419416,12.529550552368164,210820,-4.584688186645508,0.0,0.0005
2045,844076,94.2,35.57729463,119,9232,21.01186542774488,19.116918633001386,8.401817321777344,210918,-4.818289756774902,0.0,0.0005
2049,844514,94.93,35.494592819999994,119,9236,18.320905080273352,13.476234802974838,25.213071823120117,211028,-2.6998298168182373,0.0,0.0005
2052,844909,95.21,35.66461373,119,9240,22.32664759110812,23.20782675644686,6.642604827880859,211127,-6.060907363891602,0.0,0.0005
2055,845204,94.23,36.158019419999995,119,9244,19.30925153797009,22.103953971101856,29.158065795898438,211200,-3.4812941551208496,0.0,0.0005
2058,845566,95.0,35.87800789,119,9248,21.355436036152874,25.350462900694627,14.847261428833008,211291,-3.2422707080841064,0.0,0.0005
2060,845912,95.09,35.72375041,119,9252,19.763339176205626,21.291630394948186,31.456153869628906,211377,-2.6248183250427246,0.0,0.0005
2064,846325,95.13,35.41765533,119,9256,19.237251481426224,15.170938015351208,12.334620475769043,211481,-3.543144702911377,0.0,0.0005
2067,846707,95.66,35.39989211,119,9260,22.099483897787312,21.4796481751287,17.152130126953125,211576,-4.5121917724609375,0.0,0.0005
2071,847166,96.1,35.350340329999995,119,9264,19.85235990869276,14.31118235673723,85.42115020751953,211691,-3.5831563472747803,0.0,0.0005
2075,847543,96.38,34.929013,119,9268,20.260537109384316,15.228454459466823,21.49453353881836,211785,-5.889062881469727,0.0,0.0005
2078,847940,96.48,35.82982158,119,9272,21.572992162833923,25.887369033532384,13.763418197631836,211884,-3.425753116607666,0.0,0.0005
2081,848324,96.16,35.80110248999999,119,9276,21.326449899745082,14.482067766090712,96.28925323486328,211980,-3.8152761459350586,0.0,0.0005
2085,848805,97.13,35.71139119,119,9280,19.50111333205133,19.518707599748243,11.904027938842773,212101,-2.6424460411071777,0.0,0.0005
2089,849167,96.42,35.321040280000005,119,9284,20.842827858737905,22.62154322289544,6.606619358062744,212191,-5.263094902038574,0.0,0.0005
2090,849479,95.67,35.3742486,119,9288,22.966441833320083,22.86772049759828,106.35128784179688,212269,-4.368028163909912,0.0,0.0005
2094,849853,95.12,35.31465637,119,9292,19.286788427591258,18.59852860882648,182.09169006347656,212363,-5.914117336273193,0.0,0.0005
2097,850277,95.95,35.10812311,119,9296,19.1861385252928,13.518176943755025,11.792265892028809,212469,-2.5556023120880127,0.0,0.0005
2101,850623,95.59,35.224473,119,9300,19.106310573772312,20.490719576454403,7.875068187713623,212555,-4.582798004150391,0.0,0.0005
2104,851013,95.11,35.54314318,119,9304,20.65583417133902,20.373205983695655,19.778139114379883,212653,-4.21274471282959,0.0,0.0005
2107,851486,96.48,35.04489416,119,9308,21.45125097772287,16.150976059412667,10.489104270935059,212771,-5.811070919036865,0.0,0.0005
2111,851866,96.5,34.62586974,119,9312,20.61277469759868,15.75582581483478,14.899484634399414,212866,-5.578488826751709,0.0,0.0005
2115,852316,97.48,34.4592374,119,9316,20.421612925237994,17.51113098135394,12.349550247192383,212978,-2.194705009460449,0.0,0.0005
2118,852665,97.83,34.58085137999999,119,9320,19.675337044410487,23.77785347395034,12.937423706054688,213066,-2.0329244136810303,0.0,0.0005
2122,853123,98.79,34.200309399999995,119,9324,19.124680931161027,12.286206475165619,20.419593811035156,213180,-1.5286767482757568,0.0,0.0005
2126,853585,99.02,34.38469291,119,9328,20.011663528885016,17.050383244540605,20.971141815185547,213296,-3.3246543407440186,0.0,0.0005
2128,853931,98.55,34.66747042,119,9332,19.19232249268239,19.101169039185347,48.185997009277344,213382,-2.4146196842193604,0.0,0.0005
2132,854300,97.86,32.35221238,119,9336,21.72836724755804,20.36426163473892,16.621959686279297,213474,-4.1945013999938965,0.0,0.0005
2136,854711,98.02,32.22311168,119,9340,18.598703140286368,21.071338102538906,15.649591445922852,213577,-3.0876433849334717,0.0,0.0005
2138,855010,98.06,29.68488756999999,119,9344,19.070507225541103,17.43218438130392,10.051358222961426,213652,-5.536808013916016,0.0,0.0005
2141,855393,98.27,29.465291320000002,119,9348,21.021598859135477,21.66429300880016,11.544239044189453,213748,-5.820289611816406,0.0,0.0005
2144,855798,98.86,29.448281449999996,119,9352,18.85641356048788,16.663613240732463,13.86695671081543,213849,-3.771101474761963,0.0,0.0005
2148,856179,98.54,29.296681129999996,119,9356,19.486374122078807,18.42990670165285,31.318641662597656,213944,-3.6846532821655273,0.0,0.0005
2151,856604,98.97,29.280950280000003,119,9360,21.865828152768533,20.705597138143773,14.151723861694336,214050,-2.7494468688964844,0.0,0.0005
2154,856959,97.93,28.852942589999994,119,9364,21.910492805883575,22.332912208768303,14.007364273071289,214139,-5.815526485443115,0.0,0.0005
2157,857350,98.07,29.04101661,119,9368,16.69479077333231,19.91428892576428,12.368982315063477,214237,-4.7191667556762695,0.0,0.0005
2160,857672,97.32,26.64527549,119,9372,16.73609416601463,10.135239312534699,22.8682861328125,214317,-4.64956521987915,0.0,0.0005
2164,858103,97.79,26.506688049999998,119,9376,21.51269007839978,19.190381235406374,18.25493621826172,214425,-1.3113129138946533,0.0,0.0005
2166,858432,96.27,26.328195320000006,119,9380,20.9182054613664,20.770296943695758,13.760836601257324,214507,-5.9947099685668945,0.0,0.0005
2169,858760,95.93,23.935229999999997,119,9384,20.268434163289285,18.91841633527681,9.793681144714355,214589,-1.5659174919128418,0.0,0.0005
2172,859041,95.62,21.623453100000006,119,9388,22.021292152076267,23.440768225118454,15.875967025756836,214660,-6.432721138000488,0.0,0.0005
2175,859421,95.68,21.81164756,119,9392,17.793931528658845,18.66161958256804,10.01932144165039,214755,-3.1317272186279297,0.0,0.0005
2178,859757,94.8,21.995534730000003,119,9396,23.30880643536995,25.362698924683084,16.994304656982422,214839,-5.161158561706543,0.0,0.0005
2182,860160,95.37,21.917777140000002,119,9400,19.692131615393702,14.94223707812314,38.64404296875,214939,-2.509852409362793,0.0,0.0005
2185,860523,95.1,21.778873530000002,119,9404,19.386219820995326,20.619727267371065,9.174151420593262,215030,-4.30233097076416,0.0,0.0005
2187,860817,93.31,22.306923720000004,119,9408,22.40947799972444,24.873624378015748,11.679967880249023,215104,-4.067478179931641,0.0,0.0005
2190,861242,93.76,22.560662200000003,119,9412,18.773664519087614,22.813852659279938,49.38215637207031,215210,-4.633678913116455,0.0,0.0005
2193,861574,92.58,22.320379889999995,119,9416,20.53809043813212,18.771833467196323,9.131332397460938,215293,-4.355749130249023,0.0,0.0005
2196,861974,93.09,22.262062070000002,119,9420,20.90454258917138,21.631245183101626,13.508035659790039,215393,-2.431546688079834,0.0,0.0005
2199,862340,92.17,21.943744540000008,119,9424,20.655455097854546,18.197734767648225,12.433724403381348,215484,-2.9771926403045654,0.0,0.0005
2202,862707,91.22,21.96039357,119,9428,22.754119582942433,21.285693748873157,13.411605834960938,215576,-3.1630759239196777,0.0,0.0005
2206,863092,91.61,22.08726192,119,9432,23.241519022759167,21.17660561715687,12.092226028442383,215672,-4.705920219421387,0.0,0.0005
2210,863502,92.02,24.406201460000002,119,9436,18.291610950256068,20.48657549762669,14.526678085327148,215775,-6.887402534484863,0.0,0.0005
2213,863957,92.46,24.4607992,119,9440,20.915451369932644,20.432608427439582,29.335128784179688,215889,-6.163450241088867,0.0,0.0005
2217,864393,93.83,26.746345920000003,119,9444,20.745822367906165,14.388200875000313,19.216617584228516,215998,-4.237348556518555,0.0,0.0005
2220,864771,93.78,27.40357293,119,9448,18.88675387376437,12.50581734077777,9.653230667114258,216092,-3.724127769470215,0.0,0.0005
2224,865128,93.3,27.39235463,119,9452,22.181422174116978,22.494928381598022,93.42292022705078,216181,-5.878347396850586,0.0,0.0005
2228,865601,94.22,27.396327229999997,119,9456,14.998207385978777,10.177440618480041,10.211983680725098,216300,-3.91192889213562,0.0,0.0005
2232,866005,94.01,26.930975240000002,119,9460,20.15607412577281,19.688096750187796,7.609747886657715,216401,-6.285205364227295,0.0,0.0005
2234,866474,95.15,27.20456104,119,9464,18.203771547156528,14.168451593307976,15.308111190795898,216518,-4.123234748840332,0.0,0.0005
2238,866916,95.66,27.10563769,119,9468,21.86948571934489,23.146497640475225,13.567914962768555,216628,-5.780027389526367,0.0,0.0005
2242,867337,96.65,29.411241169999993,119,9472,20.93221008818153,14.068907567350655,9.138551712036133,216734,-4.530614852905273,0.0,0.0005
2246,867708,96.05,27.085272769999996,119,9476,20.215552413712437,20.018747902033734,19.264225006103516,216826,-3.2983078956604004,0.0,0.0005
2250,868138,97.06,27.411860999999995,119,9480,21.320266756298608,16.24039590947761,27.978132247924805,216934,-4.789338111877441,0.0,0.0005
2254,868543,97.83,30.144339500000005,119,9484,20.96411101356096,20.89808474593841,10.02933120727539,217035,-4.851240158081055,0.0,0.0005
2256,868941,99.0,32.37948111,119,9488,19.89498248431809,14.061402621119159,13.665627479553223,217135,-5.725249290466309,0.0,0.0005
2259,869301,98.8,32.628419990000005,119,9492,20.633113423639497,19.486646161579966,57.28337097167969,217225,-2.6455700397491455,0.0,0.0005
2263,869684,99.27,31.96316471000001,119,9496,16.832715956503293,19.676206849305427,11.846660614013672,217320,-5.769928932189941,0.0,0.0005
2266,870104,99.44,31.85520962000001,119,9500,20.12375452989045,16.906755136103232,13.970905303955078,217425,-2.1097757816314697,0.0,0.0005
2270,870543,100.2,31.791596079999994,119,9504,20.160621621907698,20.7822130860441,9.756387710571289,217535,-4.905325889587402,0.0,0.0005
2272,870904,100.87,31.611703149999993,119,9508,18.972831791553453,21.230449171022983,9.282025337219238,217625,-5.570418357849121,0.0,0.0005
2275,871247,100.05,31.64325129,119,9512,20.977404471355378,21.505176338967527,20.702377319335938,217711,-6.237985134124756,0.0,0.0005
2279,871582,100.08,31.780511580000002,119,9516,18.455343081003683,17.806604410651186,17.845783233642578,217795,-6.263818740844727,0.0,0.0005
2281,871956,99.82,31.708380250000005,119,9520,19.68681509720944,15.246017656294542,31.43808364868164,217888,0.2724170684814453,0.0,0.0005
2284,872317,99.77,29.95259874,119,9524,19.37013094950586,18.089457510026932,15.423484802246094,217979,-2.1005420684814453,0.0,0.0005
2287,872754,100.47,29.931437440000003,119,9528,19.77842349227831,14.55180446337187,17.868249893188477,218088,-5.157109260559082,0.0,0.0005
2291,873100,100.08,29.39965145,119,9532,21.468323154702727,19.838626456250385,9.45281982421875,218174,-3.4429807662963867,0.0,0.0005
2295,873564,100.62,29.142249900000003,119,9536,18.205213823712665,14.498444354506223,9.140318870544434,218290,-6.32001256942749,0.0,0.0005
2297,873984,100.27,29.231106569999998,119,9540,18.923285270984646,14.410691722979506,7.675869941711426,218395,-6.12345552444458,0.0,0.0005
2301,874363,99.7,28.98667857,119,9544,17.51290594980614,22.139469374739353,13.8486967086792,218490,-4.17484712600708,0.0,0.0005
2305,874769,99.98,28.7684348,119,9548,17.862166968446793,12.257614111243898,11.41342544555664,218592,-4.325674057006836,0.0,0.0005
2308,875091,99.63,26.20412229,119,9552,22.302699213799645,22.347103402715593,11.477293968200684,218672,-3.759117364883423,0.0,0.0005
2310,875440,98.39,26.52821812,119,9556,22.06677196899896,25.981772061628284,16.53900146484375,218759,-4.338791847229004,0.0,0.0005
2314,875884,98.79,27.0321606,119,9560,19.396001830394674,14.10228981430382,11.535913467407227,218870,-1.2640953063964844,0.0,0.0005
2318,876229,97.55,27.20891776,119,9564,19.629693255054658,18.013034442040045,27.25640106201172,218957,-2.445493459701538,0.0,0.0005
2322,876704,97.88,27.121530540000002,119,9568,14.025259479591806,9.932389520977011,13.197272300720215,219075,-2.5314784049987793,0.0,0.0005
2325,877056,97.19,27.27679505,119,9572,18.928732646667896,14.526812428072045,7.163116931915283,219163,-4.27851676940918,0.0,0.0005
2327,877432,97.24,30.00255377000001,119,9576,18.289323777775046,14.23599281069836,18.89405059814453,219257,-5.273684501647949,0.0,0.0005
2332,877899,97.61,29.413697900000006,119,9580,17.645031530657523,13.83586871350899,9.14421272277832,219374,-4.442053318023682,0.0,0.0005
2335,878220,96.77,29.63897038,119,9584,19.57373518255912,24.96374288591126,34.27049255371094,219454,-3.3374128341674805,0.0,0.0005
2338,878614,96.73,29.465969800000007,119,9588,21.11140469201694,21.962694048754955,9.841119766235352,219553,-6.0279340744018555,0.0,0.0005
2340,878943,96.42,28.453748140000002,119,9592,17.684167844669837,24.25254547316067,21.334360122680664,219635,-4.084743499755859,0.0,0.0005
2343,879256,95.72,26.64175413,119,9596,15.689509605157856,14.013857160319745,11.284440040588379,219713,-2.294936180114746,0.0,0.0005
2347,879650,95.46,26.49794569,119,9600,19.28310215257476,16.517596904454233,12.171065330505371,219812,-7.096210956573486,0.0,0.0005
2348,879959,94.16,23.893557700000002,119,9604,19.162416624289378,17.646541298178484,25.475353240966797,219889,-4.4039835929870605,0.0,0.0005
2351,880261,93.57,24.082282560000003,119,9608,23.57894271811276,26.987444392495355,18.995525360107422,219965,-4.315094470977783,0.0,0.0005
2355,880667,94.2,21.446017110000003,119,9612,21.785758650918012,18.06835542509842,12.306734085083008,220066,-0.32793521881103516,0.0,0.0005
2359,881051,94.69,21.277825390000004,119,9616,20.07961989395953,18.247900919992457,12.534454345703125,220162,-5.597172737121582,0.0,0.0005
2360,881364,94.08,21.170604510000004,119,9620,20.226589477874327,26.008699407754353,16.582019805908203,220240,-5.689542770385742,0.0,0.0005
2364,881818,95.01,23.280520040000003,119,9624,19.409777314791327,14.830860390980924,10.060876846313477,220354,-7.764042854309082,0.0,0.0005
2367,882130,93.76,21.015602519999998,119,9628,22.662748284246586,25.67490587557657,12.284639358520508,220432,-6.2796430587768555,0.0,0.0005
2371,882501,94.01,19.16093904,119,9632,20.613123781667575,25.0427954564234,18.018447875976562,220525,-4.119570732116699,0.0,0.0005
2373,882850,92.86,17.9567668,119,9636,19.822420827087555,15.20899623127937,308.2719421386719,220612,-3.7787725925445557,0.0,0.0005
2376,883222,92.38,17.726932870000002,119,9640,18.603731227809924,20.39828176715151,9.9559965133667,220705,-5.961083889007568,0.0,0.0005
2379,883543,91.8,17.840656590000002,119,9644,21.028521859466284,27.435335211839526,13.12730598449707,220785,-4.716442584991455,0.0,0.0005
2382,883962,91.93,17.50063697,119,9648,20.09785726033061,15.675712417603792,16.908702850341797,220890,-4.1973395347595215,0.0,0.0005
2385,884325,92.34,20.02710787,119,9652,19.54354174356423,22.819314861295663,6.383069038391113,220981,-5.7556915283203125,0.0,0.0005
2389,884762,93.22,19.775160460000002,119,9656,21.114094682716004,20.363583257002272,11.996883392333984,221090,-3.646756410598755,0.0,0.0005
2393,885207,93.23,19.46105728,119,9660,18.990318686270623,13.535213477838656,7.902129173278809,221201,-7.011914253234863,0.0,0.0005
2396,885604,93.75,19.558860319999997,119,9664,19.00414075607706,21.04541515065505,17.823501586914062,221300,-3.810727119445801,0.0,0.0005
2399,886002,92.98,19.970046720000003,119,9668,19.962737902982692,14.352614697241853,16.478286743164062,221400,-5.929120063781738,0.0,0.0005
2401,886319,92.63,17.004261550000003,119,9672,18.56697749439492,18.974985032246764,16.443607330322266,221479,-5.695011615753174,0.0,0.0005
2405,886659,92.27,16.66277248,119,9676,20.645802541940597,17.71595717951013,12.026924133300781,221564,-6.601424217224121,0.0,0.0005
2408,887113,92.14,16.86701468,119,9680,19.84582146809668,21.460137712745166,8.597607612609863,221678,-4.819121360778809,0.0,0.0005
2412,887521,93.01,16.635007250000005,119,9684,21.600991385111286,18.816583968910745,8.466545104980469,221780,-8.168001174926758,0.0,0.0005
2414,887935,93.21,16.969440159999998,119,9688,20.41206989515975,18.86119031883538,11.167523384094238,221883,-4.162546157836914,0.0,0.0005
2418,888288,93.45,17.81980764,119,9692,17.83948880353882,19.80114823193863,12.586112976074219,221971,-7.259493350982666,0.0,0.0005
2421,888623,93.67,19.939269120000002,119,9696,22.385183955019066,22.050602521456348,13.692134857177734,222055,-3.1670589447021484,0.0,0.0005
2425,889067,94.17,19.81114633,119,9700,17.9333916857959,12.840064509637937,6.849534034729004,222166,-7.031036853790283,0.0,0.0005
2427,889440,94.81,22.301527569999998,119,9704,22.66526759712413,25.73772388390736,9.973228454589844,222259,-2.2476682662963867,0.0,0.0005
2430,889837,95.76,22.199901129999997,119,9708,18.152106330610458,15.547725265513105,11.138361930847168,222359,-5.081824779510498,0.0,0.0005
2434,890192,95.25,25.082123850000002,119,9712,16.913807096375667,24.146033042015965,8.177702903747559,222447,-5.336771011352539,0.0,0.0005
2438,890724,96.73,24.950320380000004,119,9716,20.990269880226915,15.579719588354275,18.10912322998047,222580,-5.3398895263671875,0.0,0.0005
2442,891104,97.4,25.1820374,119,9720,21.83365593414148,19.272836945226036,14.700072288513184,222675,-4.687795639038086,0.0,0.0005
2444,891467,96.49,25.26492776,119,9724,21.495499550494834,21.98875409082624,12.934440612792969,222766,-3.843371629714966,0.0,0.0005
2447,891844,97.14,26.25803989,119,9728,21.02913972586403,14.892422767087737,9.390111923217773,222860,-4.080785751342773,0.0,0.0005
2451,892256,97.55,28.363785470000003,119,9732,17.380000304227202,16.753842670343214,14.816179275512695,222963,-3.895297050476074,0.0,0.0005
2454,892668,98.18,29.910249609999997,119,9736,20.044456085792376,18.071301793192713,12.461785316467285,223066,-2.1159791946411133,0.0,0.0005
2458,893027,98.05,30.19060931,119,9740,19.032839863764426,22.183173775800164,13.760623931884766,223156,-5.722058296203613,0.0,0.0005
2460,893377,98.34,30.489336650000006,119,9744,21.44324837726129,15.614340499463852,11.88389778137207,223244,-3.4702084064483643,0.0,0.0005
2463,893781,98.19,30.783768410000004,119,9748,19.042102174319968,16.797855157639535,15.16943645477295,223345,-6.223135948181152,0.0,0.0005
2467,894156,98.31,30.881851730000005,119,9752,20.882683071481743,19.861000056655442,18.840972900390625,223438,-5.753156661987305,0.0,0.0005
2469,894476,97.14,31.228536069999997,119,9756,22.38619953606194,20.86057055556058,14.568981170654297,223518,-5.741958141326904,0.0,0.0005
2472,894800,95.93,31.553772910000003,119,9760,20.814202902836495,18.26371837706174,9.769254684448242,223599,-4.362001419067383,0.0,0.0005
2476,895205,96.01,31.608269380000003,119,9764,19.73157031373825,16.4100374913255,12.013738632202148,223701,-3.934572219848633,0.0,0.0005
2477,895441,94.39,29.103367189999993,119,9768,20.29880376852536,25.558381115420755,19.608835220336914,223760,-3.06984806060791,0.0,0.0005
2480,895758,94.39,31.936729799999988,119,9772,19.340894476559708,21.855370797259248,8.02220630645752,223839,-3.110201835632324,0.0,0.0005
2484,896188,95.29,31.906140580000002,119,9776,18.49827501156528,21.50499289832579,18.05294418334961,223946,-6.406706809997559,0.0,0.0005
2487,896520,94.07,32.10648995,119,9780,16.33893458097165,15.584091896727097,43.190887451171875,224029,-1.9605262279510498,0.0,0.0005
2490,896954,94.33,31.849093869999997,119,9784,19.894209747941844,12.99829022913975,18.322139739990234,224138,-4.066163063049316,0.0,0.0005
2493,897330,93.95,31.741163730000004,119,9788,21.052971667003213,23.707591185631145,15.847848892211914,224232,-4.134675979614258,0.0,0.0005
2496,897643,93.55,29.186572170000005,119,9792,17.849546427357975,14.403189909880663,9.28804874420166,224310,-3.4949426651000977,0.0,0.0005
2498,897951,93.28,29.734383570000006,119,9796,23.04426866100195,26.33930456579598,8.56087875366211,224387,-5.107287883758545,0.0,0.0005
2501,898353,92.86,29.923815219999998,119,9800,20.042138245589005,16.207193420214406,13.090047836303711,224488,-3.3860950469970703,0.0,0.0005
2505,898827,93.87,29.974549449999998,119,9804,18.523321509066434,13.416926070720281,25.28148078918457,224606,-3.092942476272583,0.0,0.0005
2509,899280,94.43,29.805005020000003,119,9808,19.297734358195015,14.59429929621449,14.998128890991211,224719,-4.692361831665039,0.0,0.0005
2512,899626,94.34,29.74643451,119,9812,20.48426628532677,25.067293394566576,25.732105255126953,224806,-4.7328009605407715,0.0,0.0005
2514,899985,92.61,30.166777900000003,119,9816,20.893506068949137,22.447043159426112,11.610649108886719,224896,-6.786900520324707,0.0,0.0005
2518,900379,92.75,30.08530209,119,9820,22.274798736604538,16.04635361250478,12.340336799621582,224994,-5.565944671630859,0.0,0.0005
2521,900732,92.65,29.861012730000002,119,9824,19.675492745076372,18.3226579078714,15.360343933105469,225082,-3.480074167251587,0.0,0.0005
2526,901257,94.13,30.728843809999997,119,9828,17.923211530599687,12.926753518782213,7.403482437133789,225214,-5.08334493637085,0.0,0.0005
2529,901680,94.24,31.206168379999998,119,9832,22.56391693806933,22.722708721942638,23.052589416503906,225319,-4.4598493576049805,0.0,0.0005
2532,902041,93.73,31.31034807,119,9836,22.606225794493692,22.970349597389273,13.754344940185547,225410,-1.833237648010254,0.0,0.0005
2535,902499,94.72,31.183940989999993,119,9840,20.2663135857581,19.982877911080784,10.028254508972168,225524,-3.4163284301757812,0.0,0.0005
2538,902788,94.11,31.2713567,119,9844,20.83224907012065,22.142566447811816,13.017688751220703,225596,-2.6672191619873047,0.0,0.0005
2541,903136,93.55,30.965413320000003,119,9848,22.41353481014622,22.64456591672099,12.532757759094238,225683,-2.598329544067383,0.0,0.0005
2545,903527,93.71,30.838179420000003,119,9852,21.48850296282773,22.303250581282686,17.616424560546875,225781,-3.955671787261963,0.0,0.0005
2547,903840,93.64,30.65339299,119,9856,21.810737736134225,21.93550131031887,14.933877944946289,225859,-1.8792515993118286,0.0,0.0005
2551,904268,94.68,30.591469589999992,119,9860,22.29117365229846,23.59185558908189,6.551215171813965,225966,-6.742177486419678,0.0,0.0005
2554,904627,94.22,30.77072164999999,119,9864,20.904096182362064,25.54734177547875,72.92807006835938,226056,-3.0622758865356445,0.0,0.0005
2555,904898,94.57,30.266004000000002,119,9868,20.254508358867984,21.78409412959084,7.27335786819458,226124,-3.549381732940674,0.0,0.0005
2559,905307,95.49,30.404555920000004,119,9872,19.399306360678143,16.245221901290417,15.051603317260742,226226,-3.001241683959961,0.0,0.0005
2563,905661,94.73,30.36559433,119,9876,19.303503985781823,17.242035270214828,16.22146987915039,226315,-4.037627220153809,0.0,0.0005
2564,905930,94.1,27.979068009999995,119,9880,20.29029411283092,19.16249949852782,11.654899597167969,226382,-5.676197052001953,0.0,0.0005
2567,906273,93.19,25.840804379999998,119,9884,19.55235949679209,19.467967503198775,8.167421340942383,226468,-4.904752731323242,0.0,0.0005
2571,906687,93.57,25.724814350000006,119,9888,21.085569363795436,18.391892586254873,8.031704902648926,226571,-4.647335052490234,0.0,0.0005
2574,907033,93.9,28.277009319999998,119,9892,22.41397799186026,22.95024428633494,35.17498779296875,226658,-3.0365593433380127,0.0,0.0005
2577,907463,95.12,27.813379189999996,119,9896,20.21521779663511,14.054283452534099,14.361102104187012,226765,-2.1804070472717285,0.0,0.0005
2581,907938,95.85,27.85677569,119,9900,18.190017499017173,17.145716019326294,9.990345001220703,226884,-3.2815046310424805,0.0,0.0005
2584,908331,95.04,28.059388590000005,119,9904,21.747500120756445,20.359116940739355,16.163232803344727,226982,-7.303520679473877,0.0,0.0005
2588,908718,94.38,27.83246678,119,9908,20.58691362025506,22.95293504226018,9.530155181884766,227079,-5.739618301391602,0.0,0.0005
2592,909166,95.4,27.467243139999997,119,9912,22.293308986470045,24.49790024390486,8.300591468811035,227191,-4.03153133392334,0.0,0.0005
2595,909544,95.59,27.102189600000006,119,9916,20.346494103863915,19.938987986095615,13.852113723754883,227285,-4.141037464141846,0.0,0.0005
2598,909986,96.07,27.115734180000004,119,9920,20.54303025148824,22.44855252105273,13.237630844116211,227396,-4.646737098693848,0.0,0.0005
2601,910393,96.61,27.226366909999996,119,9924,19.78026270570326,16.072178515901197,10.306182861328125,227498,-5.073831081390381,0.0,0.0005
2605,910879,96.22,27.40015992,119,9928,20.669597073409133,13.467566611547149,16.35786247253418,227619,-5.359037399291992,0.0,0.0005
2609,911205,95.25,27.45579326,119,9932,19.571085222949964,20.098510351737872,8.502298355102539,227701,-4.587101936340332,0.0,0.0005
2613,911660,96.19,27.06183117999999,119,9936,18.157804446912223,11.490902656667387,25.85256004333496,227814,0.38866615295410156,0.0,0.0005
2614,911923,94.24,24.83803256,119,9940,20.338433671565927,22.275137359221013,23.201683044433594,227880,-8.320573806762695,0.0,0.0005
2617,912246,94.58,21.417471000000006,119,9944,20.681454336987798,20.720885442924157,11.367491722106934,227961,-2.9083685874938965,0.0,0.0005
2621,912621,94.85,21.480484639999997,119,9948,21.64590530906512,20.96218573225989,9.506292343139648,228055,-4.45515775680542,0.0,0.0005
2623,912959,94.32,20.86751013,119,9952,16.884475703796245,17.002124072803525,10.569526672363281,228139,-5.701946258544922,0.0,0.0005
2626,913283,94.43,20.669814640000006,119,9956,17.2759784544199,21.3126226602345,17.78066635131836,228220,-1.677577257156372,0.0,0.0005
2630,913728,94.6,20.610397170000002,119,9960,19.60835274590697,13.74442850525126,9.026665687561035,228331,-7.681501388549805,0.0,0.0005
2634,914212,95.85,20.57174783,119,9964,21.310816712442605,21.170314936202555,8.755186080932617,228452,-4.6266350746154785,0.0,0.0005
2637,914590,96.92,23.360451839999996,119,9968,23.575178039811284,24.47983723149156,8.892036437988281,228547,-4.221384048461914,0.0,0.0005
2640,914956,96.49,23.57635613,119,9972,22.313101903149192,21.761193005701543,13.98784065246582,228638,-2.412498712539673,0.0,0.0005
2643,915238,95.77,21.30563152,119,9976,21.175054643655518,21.491350474303214,18.038700103759766,228709,-3.3584914207458496,0.0,0.0005
2647,915657,97.27,23.73917120999999,119,9980,21.77779203488937,21.068255075404405,7.374411582946777,228814,-5.9862446784973145,0.0,0.0005
2651,916115,98.42,26.019454939999996,119,9984,18.625559605437907,11.520132128239014,14.388128280639648,228928,-5.128653049468994,0.0,0.0005
2653,916439,97.52,25.881668399999995,119,9988,20.08967328401379,23.676343453110025,20.457792282104492,229009,-3.1599678993225098,0.0,0.0005
2657,916836,98.03,25.067737460000004,119,9992,20.26651302416913,12.64442138767817,14.177337646484375,229108,-6.720293045043945,0.0,0.0005
2660,917231,97.68,25.167504840000003,119,9996,23.083736315696683,29.28525670512382,10.684808731079102,229207,-4.436206340789795,0.0,0.0005
2664,917652,97.14,24.90873064,119,10000,19.268058341038774,19.145585517207056,17.96075439453125,229312,-3.743076801300049,0.0,0.0005
2667,918055,97.24,24.937096979999996,119,10004,23.195536609252056,24.3493211913003,8.603360176086426,229413,-6.2087202072143555,0.0,0.0005
2669,918365,96.47,25.17705175,119,10008,19.460457240852644,22.550399346072297,13.880102157592773,229491,-4.2288665771484375,0.0,0.0005
2673,918717,95.51,25.03906328,119,10012,23.77781197931039,22.59062913879117,21.039047241210938,229579,0.3835437297821045,0.0,0.0005
2676,919002,94.58,25.646120850000003,119,10016,21.059229094425433,21.036024746395395,16.07483673095703,229650,-3.193311929702759,0.0,0.0005
2677,919313,93.27,23.26498462,119,10020,20.758854160871675,18.99502976824529,18.44692039489746,229728,-5.658934593200684,0.0,0.0005
2680,919612,92.19,23.240718660000006,119,10024,19.766708342299466,22.54288594885685,14.660751342773438,229802,-5.024764537811279,0.0,0.0005
2684,920068,91.89,23.328348749999996,119,10028,21.572138403818713,25.500703614275672,10.4419527053833,229916,-3.972677707672119,0.0,0.0005
2686,920478,92.73,23.25589563,119,10032,21.49133089287051,22.51559179908127,13.4886474609375,230019,-4.999790191650391,0.0,0.0005
2690,920819,91.59,23.39958696,119,10036,19.119537876214274,20.19242561379388,28.44269561767578,230104,-0.780446469783783,0.0,0.0005
2693,921139,92.16,25.706464690000004,119,10040,19.2938959700453,19.362502798633724,125.63339233398438,230184,-2.090153455734253,0.0,0.0005
2694,921396,91.5,24.994939159999998,119,10044,17.86151171478859,18.207672860600233,19.69656753540039,230248,-1.2608555555343628,0.0,0.0005
2698,921752,91.31,25.157405980000004,119,10048,20.145917081523766,17.96338552955717,7.8074798583984375,230337,-4.993463516235352,0.0,0.0005
2701,922019,90.6,23.202331510000004,119,10052,20.670955045236145,21.28789434035413,10.983098983764648,230404,-6.401087760925293,0.0,0.0005
2705,922510,92.27,23.24379421,119,10056,20.34330388633495,14.424841960717776,14.8725004196167,230527,-0.8834114670753479,0.0,0.0005
2707,922971,92.43,23.27070391,119,10060,17.9188620840762,12.178815709822516,17.686012268066406,230642,-6.713250160217285,0.0,0.0005
2712,923479,92.67,22.97013373,119,10064,20.645101037689752,14.006241376216549,6.946848392486572,230769,-5.89487886428833,0.0,0.0005
2714,923732,91.42,20.66420348,119,10068,19.86368980940907,21.56038791584515,13.234033584594727,230832,-5.959142208099365,0.0,0.0005
2718,924073,91.17,20.331041579999997,119,10072,19.950639193190163,23.735187248402646,10.385197639465332,230918,-7.013537406921387,0.0,0.0005
2720,924454,92.16,22.84824477,119,10076,18.7355977723381,19.496136183750338,13.245824813842773,231013,-3.1279330253601074,0.0,0.0005
2724,924881,92.24,22.788511570000004,119,10080,18.265414602250072,13.302257552823262,46.26806640625,231120,-5.8279805183410645,0.0,0.0005
2728,925321,92.06,22.581205040000004,119,10084,17.441876387603283,12.76716861583136,6.400388717651367,231230,-6.806827545166016,0.0,0.0005
2731,925638,91.99,23.028837499999998,119,10088,19.882723264493976,20.68296159621501,9.550610542297363,231309,-4.343814849853516,0.0,0.0005
2734,926037,92.01,23.84121564,119,10092,20.742109132659575,14.829311947079795,23.59974479675293,231409,-4.011008262634277,0.0,0.0005
2737,926394,91.63,24.004717179999997,119,10096,18.277941195891376,20.048811737429904,15.536605834960938,231498,-3.469789981842041,0.0,0.0005
2740,926840,91.88,24.23185876,119,10100,19.73150555684427,14.130294445672503,18.015493392944336,231609,-2.97758150100708,0.0,0.0005
2744,927225,91.7,24.100982099999996,119,10104,22.054841380770732,21.57295652341247,9.764748573303223,231706,-6.0847978591918945,0.0,0.0005
2747,927559,91.94,21.83811737,119,10108,21.67215276270761,23.23187435113612,13.919729232788086,231789,-5.774714469909668,0.0,0.0005
2749,927975,92.58,22.387344500000005,119,10112,23.221033677062902,20.741314295670414,34.91925811767578,231893,-3.856588363647461,0.0,0.0005
2753,928343,93.41,22.1220656,119,10116,19.886920247340772,22.635197124219175,15.752471923828125,231985,-2.73715877532959,0.0,0.0005
2756,928768,94.55,24.166786579999997,119,10120,20.702934924053498,21.5248746770593,15.171813011169434,232091,-2.141993522644043,0.0,0.0005
2760,929232,96.2,24.1417422,119,10124,18.187631396799713,18.604387357454577,18.539825439453125,232207,-1.7058768272399902,0.0,0.0005
2764,929593,95.25,24.232086440000003,119,10128,18.546581197620338,14.245583837499037,9.11925220489502,232298,-6.848239898681641,0.0,0.0005
2768,930007,95.29,23.792304509999994,119,10132,18.517808224438376,15.358492926751705,10.970569610595703,232401,-3.3580994606018066,0.0,0.0005
2770,930419,96.0,23.953579310000006,119,10136,22.03765143744228,21.105743219836747,21.872446060180664,232504,-4.225312232971191,0.0,0.0005
2773,930742,96.03,24.028325220000003,119,10140,23.024307768510784,24.824613511526184,23.564693450927734,232585,-5.348245620727539,0.0,0.0005
2777,931167,97.71,27.791548589999998,119,10144,20.117127679110204,12.783993312393735,11.120277404785156,232691,-4.240840911865234,0.0,0.0005
2779,931497,97.45,27.848810999999998,119,10148,21.274758303853876,22.55087952373998,12.50979232788086,232774,-4.445183753967285,0.0,0.0005
2782,931850,98.31,30.0426673,119,10152,21.040654579931378,20.714164958806858,13.978780746459961,232862,-6.303174018859863,0.0,0.0005
2786,932237,97.27,30.29833836,119,10156,20.652491734814404,13.805675107784785,206.60003662109375,232959,-3.079287052154541,0.0,0.0005
2790,932633,96.62,30.186137770000002,119,10160,19.940156482362365,13.365630040089151,10.339485168457031,233058,-5.573752403259277,0.0,0.0005
2791,932861,93.82,25.562000690000005,119,10164,21.60606444647497,24.831482208305953,7.573027610778809,233115,-4.697622299194336,0.0,0.0005
2794,933187,94.55,27.892875450000002,119,10168,21.976635422839827,21.803711234304068,17.925331115722656,233196,-5.087147235870361,0.0,0.0005
2798,933649,95.76,28.02726764,119,10172,16.406516860712745,18.288942298124734,11.137690544128418,233312,-5.130260467529297,0.0,0.0005
2802,934021,95.67,28.0888179,119,10176,19.380284746761646,14.754185909907363,7.303898811340332,233405,-5.994019508361816,0.0,0.0005
2804,934451,95.7,27.533095359999994,119,10180,18.28553541142937,18.786475867494502,22.414634704589844,233512,-6.692951679229736,0.0,0.0005
2808,934847,95.26,27.745697529999997,119,10184,20.036326453798758,20.68769487293292,23.28685188293457,233611,-5.617372512817383,0.0,0.0005
2811,935219,95.81,27.905054659999998,119,10188,21.910928240965465,28.56592791824495,15.038423538208008,233704,-4.488620281219482,0.0,0.0005
2814,935599,95.62,27.750206029999994,119,10192,21.891350784986173,24.828297886313308,11.611488342285156,233799,-0.9825860857963562,0.0,0.0005
2816,935926,95.32,27.52741455,119,10196,23.57366235088094,23.64596744753386,11.54707145690918,233881,-4.800745964050293,0.0,0.0005
2820,936356,95.16,27.849947849999992,119,10200,20.556580376326597,13.896746602592103,10.688650131225586,233988,-3.926154136657715,0.0,0.0005
2823,936645,94.2,25.490314310000002,119,10204,21.291844912076957,20.993299885391153,9.684722900390625,234061,-6.865281105041504,0.0,0.0005
2826,937012,94.53,25.34287621,119,10208,22.057059485787835,18.895368718300514,14.69550895690918,234152,-4.010684490203857,0.0,0.0005
2828,937437,94.62,24.650482590000003,119,10212,18.90502755572916,12.359405343982253,16.620407104492188,234259,-4.216389179229736,0.0,0.0005
2832,937808,94.65,24.252789109999995,119,10216,19.447313781131125,20.192177703254856,12.374046325683594,234351,-5.420989990234375,0.0,0.0005
2836,938223,94.55,24.65068106,119,10220,19.154112277598756,19.523448742845584,8.778487205505371,234455,-4.178230285644531,0.0,0.0005
2840,938698,94.66,24.82349419,119,10224,21.14922543316855,16.956463204431177,8.292016983032227,234574,-5.244462013244629,0.0,0.0005
2843,939082,94.89,24.87282182,119,10228,18.260084469837878,18.90624842580283,9.050211906433105,234670,-3.7563209533691406,0.0,0.0005
2845,939405,93.98,21.92379265,119,10232,18.44883214249732,18.195837247464976,7.891512870788574,234751,-4.8212738037109375,0.0,0.0005
2849,939763,93.44,21.62055349,119,10236,18.983036412274647,17.787170678373304,23.475914001464844,234840,-2.9121153354644775,0.0,0.0005
2852,940089,93.47,21.60275518,119,10240,20.304191970067308,20.71003625901145,13.419818878173828,234922,-5.023923873901367,0.0,0.0005
2854,940455,92.88,19.60112512,119,10244,18.32043630559637,15.578855202770972,16.792970657348633,235013,-5.516990661621094,0.0,0.0005
2858,940914,94.17,19.300626489999996,119,10248,17.278221321271648,17.810308886644865,15.409829139709473,235128,-2.9383158683776855,0.0,0.0005
2862,941274,94.24,19.819811989999998,119,10252,18.074016310078314,20.860801254666494,9.056788444519043,235218,-3.728626012802124,0.0,0.0005
2865,941639,94.02,19.81131717,119,10256,17.78437969467227,15.33595988224427,12.669836044311523,235309,-4.3343729972839355,0.0,0.0005
2868,942020,93.87,19.96543587,119,10260,21.53138011717447,19.798789341905703,194.84494018554688,235404,-0.7016356587409973,0.0,0.0005
2870,942339,94.78,24.881567990000004,119,10264,22.236817788684597,26.62868221110414,21.869340896606445,235484,-3.296480417251587,0.0,0.0005
2873,942719,95.32,24.779613929999996,119,10268,20.713268743995254,15.876257118362338,111.45443725585938,235579,-2.110962390899658,0.0,0.0005
2877,943077,94.28,25.0053306,119,10272,21.818248152792563,22.863161274702446,9.34875202178955,235669,-5.727884292602539,0.0,0.0005
2879,943448,94.27,24.855618560000003,119,10276,18.74343910343739,12.83586799537294,16.718292236328125,235761,-2.8386356830596924,0.0,0.0005
2882,943800,93.49,25.33915288,119,10280,19.69744460117348,22.37829114268159,10.613622665405273,235849,-5.182129859924316,0.0,0.0005
2885,944056,92.09,23.09790471000001,119,10284,20.365126001891582,23.21004650224336,14.057806968688965,235913,-6.316514492034912,0.0,0.0005
2889,944515,92.96,22.695277080000004,119,10288,18.00317695602999,16.160090839695126,57.66563034057617,236028,-4.102281093597412,0.0,0.0005
2891,944959,93.6,22.485778919999994,119,10292,19.97276739509818,16.895151033634253,8.673067092895508,236139,-6.060822010040283,0.0,0.0005
2895,945400,94.74,22.53056355,119,10296,19.29394495478467,17.084451528836823,11.036332130432129,236249,-2.0399975776672363,0.0,0.0005
2899,945772,94.16,22.654507040000002,119,10300,22.65476349109646,24.47316476233944,11.879449844360352,236342,-3.0388197898864746,0.0,0.0005
2903,946188,95.43,25.140077010000006,119,10304,20.95300651817431,22.218113208108214,7.177257537841797,236446,-4.764561176300049,0.0,0.0005
2906,946531,95.19,27.57607926,119,10308,17.942461166090713,14.643086524295743,35.746421813964844,236532,-1.8431475162506104,0.0,0.0005
2908,946929,94.92,28.248868450000003,119,10312,21.875845475133,20.755085414922306,11.923062324523926,236632,-5.656766891479492,0.0,0.0005
2912,947334,95.26,26.89916558,119,10316,21.03651945782986,19.51540753532607,11.323299407958984,236733,-5.494385719299316,0.0,0.0005
2916,947706,94.83,26.70470438,119,10320,21.102809818043035,21.54464135338076,7.625157356262207,236826,-4.079714775085449,0.0,0.0005
2920,948153,94.55,26.617193940000003,119,10324,21.088069039765948,18.80101121819357,10.40809440612793,236938,-4.753838062286377,0.0,0.0005
2923,948507,94.25,26.714775239999998,119,10328,21.428068282490504,22.226550835859733,74.50750732421875,237026,-4.191954612731934,0.0,0.0005
2925,948821,94.16,30.153245809999994,119,10332,20.8650999249466,23.72493884723504,16.834754943847656,237105,-3.869314193725586,0.0,0.0005
2928,949164,94.01,30.088212159999998,119,10336,20.54097780627849,22.1881764210243,256.3238220214844,237190,-3.6885929107666016,0.0,0.0005
2930,949488,93.99,30.052796819999998,119,10340,20.369708635875412,22.93313872050771,20.13490104675293,237271,-1.3521664142608643,0.0,0.0005
2934,949921,94.66,32.09913821999999,119,10344,20.405522566506814,14.713024419087095,14.160993576049805,237380,-4.105618000030518,0.0,0.0005
2937,950273,93.59,32.254659229999994,119,10348,18.455034732392786,20.536127282036873,13.922134399414062,237468,-5.979951858520508,0.0,0.0005
2940,950628,93.54,32.012339190000006,119,10352,19.238789731124562,19.70505767924042,10.220857620239258,237556,-3.120114326477051,0.0,0.0005
2942,950979,93.4,31.97910879,119,10356,21.774626402774107,24.051474124130323,14.90291976928711,237644,-4.4696831703186035,0.0,0.0005
2945,951340,93.2,31.578068169999998,119,10360,20.045134590091788,22.52729490777921,12.26276683807373,237734,-4.6804914474487305,0.0,0.0005
2949,951746,94.07,31.40161269,119,10364,19.395316538328753,18.495140527004555,13.388425827026367,237836,-3.9160804748535156,0.0,0.0005
2953,952109,93.9,31.50471076,119,10368,20.51962772791117,22.458046131071068,22.39085578918457,237927,-3.801443099975586,0.0,0.0005
2956,952536,94.59,30.903737699999994,119,10372,18.687263450177824,26.325133325573333,11.08673095703125,238033,-6.610864162445068,0.0,0.0005
2959,952927,94.79,30.786245139999995,119,10376,19.186759210609896,23.496741285875135,13.114616394042969,238131,-2.7869224548339844,0.0,0.0005
2962,953255,94.55,28.52172027,119,10380,18.33786390458967,19.266838945727134,35.64781188964844,238213,-4.8557562828063965,0.0,0.0005
2965,953704,96.48,30.543551219999998,119,10384,20.405254722867394,15.859603155321414,8.687984466552734,238325,-2.7087230682373047,0.0,0.0005
2969,954075,95.6,30.689139360000002,119,10388,19.8004152486893,13.315458811479637,30.256092071533203,238418,-0.10086333751678467,0.0,0.0005
2971,954426,94.67,30.790066469999996,119,10392,21.26570809901989,19.688295163198113,12.437828063964844,238506,-3.28338360786438,0.0,0.0005
2974,954847,94.47,30.780911220000004,119,10396,18.960555025893523,14.927523504334538,14.343852996826172,238611,-0.02317415177822113,0.0,0.0005
2978,955236,94.64,30.364255830000005,119,10400,19.390628711792644,15.137435169800028,16.89166259765625,238708,-3.497849941253662,0.0,0.0005
2981,955538,93.5,30.534983320000002,119,10404,23.968078115354686,23.342890531397625,18.10733985900879,238784,-5.460136413574219,0.0,0.0005
2985,956020,94.89,30.211628579999996,119,10408,20.976324157652478,21.135854639172024,11.259639739990234,238904,-4.751194000244141,0.0,0.0005
2988,956459,95.3,30.182506699999998,119,10412,20.13297315485918,18.90056085384784,8.55457592010498,239014,-6.9571146965026855,0.0,0.0005
2991,956794,94.6,29.23350993,119,10416,14.337633750850037,7.255961963434359,30.17685317993164,239098,-2.968224287033081,0.0,0.0005
2994,957159,94.53,29.42600723,119,10420,21.057248698855705,26.510246802120744,17.465110778808594,239189,-2.1657724380493164,0.0,0.0005
2998,957580,94.27,29.519856799999992,119,10424,20.403231975015384,20.091133092869594,11.561433792114258,239294,-4.005216598510742,0.0,0.0005
3002,958051,95.44,29.355371140000003,119,10428,19.055962111267732,10.755287779595712,8.494403839111328,239412,-4.8065009117126465,0.0,0.0005
3004,958475,96.54,29.263206819999997,119,10432,22.479964757072047,25.186061706251298,10.286980628967285,239518,-7.353231430053711,0.0,0.0005
3007,958725,95.61,26.91032993,119,10436,21.837049622218416,24.67385563060597,11.033119201660156,239581,-5.954968452453613,0.0,0.0005
3011,959149,96.61,26.889407049999992,119,10440,20.619176749484076,19.168280048386325,11.47574520111084,239687,-4.10214900970459,0.0,0.0005
3013,959483,95.62,27.23473103,119,10444,22.27230162252906,20.07470594403071,11.513105392456055,239770,-3.545748472213745,0.0,0.0005
3016,959838,95.65,27.358317900000003,119,10448,20.616386660282334,20.633440082499046,9.496114730834961,239859,-7.070741653442383,0.0,0.0005
3020,960265,96.37,27.326844989999994,119,10452,18.04033727807448,21.147418460779225,14.205679893493652,239966,-1.5839674472808838,0.0,0.0005
3023,960650,96.71,27.17332697999999,119,10456,20.505408104678253,19.335295483960987,17.05584716796875,240062,-5.274637222290039,0.0,0.0005
3027,961017,96.77,27.687137000000003,119,10460,18.555056298766164,23.735542031866302,11.659551620483398,240154,-3.0346341133117676,0.0,0.0005
3028,961304,95.58,25.358493640000003,119,10464,20.215916231209395,16.555433890192184,31.15462303161621,240225,-3.0618033409118652,0.0,0.0005
3032,961713,96.04,25.609555489999998,119,10468,22.4135963065392,21.951935511072314,12.508872985839844,240328,-5.415114402770996,0.0,0.0005
3036,962213,96.77,25.976954199999994,119,10472,19.044907087351003,14.03925900564532,16.10950469970703,240453,-3.433478832244873,0.0,0.0005
3040,962628,97.01,26.223324010000002,119,10476,19.171995179185288,14.570137523158827,13.034078598022461,240556,-2.540184259414673,0.0,0.0005
3042,962976,97.21,28.13865671,119,10480,20.57013868513506,19.8633014763818,31.906021118164062,240643,-3.2072839736938477,0.0,0.0005
3046,963363,96.59,28.515002239999998,119,10484,20.88597340568199,19.52446356383517,23.36783218383789,240740,-2.393592596054077,0.0,0.0005
3049,963768,96.93,28.086313710000002,119,10488,21.137765690362734,17.11580252791136,23.47890853881836,240841,-3.0311007499694824,0.0,0.0005
3052,964080,96.54,28.365410420000003,119,10492,24.381504781328253,26.538755192898787,9.751886367797852,240919,-4.071741580963135,0.0,0.0005
3054,964403,95.56,28.504504490000002,119,10496,21.48239742107386,23.891563929701285,98.322021484375,241000,-1.3216111660003662,0.0,0.0005
3057,964701,94.65,28.791446380000004,119,10500,19.869039132429897,21.263250070862384,126.46089935302734,241075,-4.342620849609375,0.0,0.0005
3060,965071,95.33,28.702627679999996,119,10504,21.510155781012905,22.108362597660026,8.442720413208008,241167,-4.033029556274414,0.0,0.0005
3062,965364,93.44,29.349417709999994,119,10508,19.992387615260633,21.272119341144556,9.058323860168457,241240,-3.0910897254943848,0.0,0.0005
3066,965752,92.93,26.7239564,119,10512,18.089143593461177,11.248184167496786,8.9429931640625,241337,-5.038657188415527,0.0,0.0005
3069,966068,92.74,29.64557439,119,10516,22.287472058132952,20.704142956795888,9.738759994506836,241416,-3.754268169403076,0.0,0.0005
3071,966446,92.87,29.093976609999995,119,10520,22.96981920791465,22.280770760320326,10.311511993408203,241511,-5.3292694091796875,0.0,0.0005
3075,966846,92.66,29.162688109999998,119,10524,20.517567342133578,15.12272225178014,14.750141143798828,241611,-2.1691789627075195,0.0,0.0005
3078,967242,91.91,26.74040044,119,10528,14.621742944306108,8.649749576538959,19.258834838867188,241710,-2.5640711784362793,0.0,0.0005
3082,967640,91.65,26.3539907,119,10532,18.47363909356598,22.627751922567374,11.636598587036133,241809,-5.3105010986328125,0.0,0.0005
3084,967983,92.58,28.970017130000002,119,10536,21.29057390664718,20.269098167962078,20.70922088623047,241895,-4.41411018371582,0.0,0.0005
3087,968272,91.23,29.32892065,119,10540,19.4190125734149,24.96264173229958,20.597360610961914,241967,-5.557098865509033,0.0,0.0005
3091,968628,91.45,29.20435892,119,10544,19.517113761743325,23.18799467161443,15.396712303161621,242056,-2.6707286834716797,0.0,0.0005
3092,968944,91.06,26.82215866,119,10548,21.327337663626896,22.791391171611053,11.416885375976562,242135,-3.353182792663574,0.0,0.0005
3096,969317,90.52,27.080889109999998,119,10552,22.89032139330762,23.42243407133204,19.992958068847656,242229,-2.8691773414611816,0.0,0.0005
3099,969712,90.62,27.254154299999996,119,10556,19.389054333330535,17.154514699510244,8.474611282348633,242327,-3.514770269393921,0.0,0.0005
3102,970029,90.12,26.924517600000005,119,10560,19.310092160438547,26.146298811357617,13.77189826965332,242407,-5.379400253295898,0.0,0.0005
3104,970374,90.7,29.62086323,119,10564,21.946592616191747,22.458746342756918,9.103494644165039,242493,-8.19856071472168,0.0,0.0005
3108,970811,90.98,29.384153350000002,119,10568,19.957885649858863,13.336267095792113,14.440534591674805,242602,-3.75122332572937,0.0,0.0005
3111,971139,89.26,29.485085650000002,119,10572,21.296874072038502,19.42693012335357,13.699578285217285,242684,-3.8367581367492676,0.0,0.0005
3113,971455,88.27,29.479319750000005,119,10576,19.382426375052482,25.69811052342985,22.07388687133789,242763,-3.7549667358398438,0.0,0.0005
3116,971714,87.38,27.874177939999996,119,10580,23.06858574342189,22.3751424407179,19.582033157348633,242828,-2.751748561859131,0.0,0.0005
3119,972108,87.45,27.624509749999998,119,10584,19.948491309874523,14.543444166441537,11.031232833862305,242926,-5.836874008178711,0.0,0.0005
3122,972464,86.96,27.579972440000002,119,10588,21.45011509287908,16.829313064923387,8.729981422424316,243015,-5.371920585632324,0.0,0.0005
3125,972799,87.19,27.41071907,119,10592,19.159239901136708,18.455792897279313,10.0003080368042,243099,-4.495329856872559,0.0,0.0005
3129,973226,88.23,27.126265510000003,119,10596,21.050113136532882,21.756627480914375,10.674479484558105,243206,-5.846920967102051,0.0,0.0005
3133,973622,89.21,26.95444416,119,10600,19.464173800363124,18.569583928343825,175.66128540039062,243305,-4.283485412597656,0.0,0.0005
3135,973966,88.95,26.799384890000002,119,10604,23.0163166294029,21.03438554882499,18.283260345458984,243391,-3.3374547958374023,0.0,0.0005
3138,974245,88.81,24.233479019999994,119,10608,17.52958261841656,10.890281089377254,11.899948120117188,243461,-1.6888556480407715,0.0,0.0005
3141,974584,88.32,26.936547889999996,119,10612,19.60451223533809,20.387279193895143,22.474971771240234,243545,-5.758655071258545,0.0,0.0005
3143,974936,88.68,24.267102400000002,119,10616,18.430317128113824,17.59907627272213,15.414094924926758,243633,-1.5469647645950317,0.0,0.0005
3146,975294,88.48,24.93940465,119,10620,20.984559632621817,23.01153610762476,16.255355834960938,243723,-1.9726285934448242,0.0,0.0005
3150,975746,89.0,23.47460692,119,10624,18.294179107927043,12.988536899706858,7.574130535125732,243836,-3.972215175628662,0.0,0.0005
3154,976121,88.79,26.010381699999996,119,10628,19.218863058526676,15.649552351738087,10.371997833251953,243930,-4.734584331512451,0.0,0.0005
3158,976574,89.34,25.88095527,119,10632,23.244412868005913,20.955215901380843,12.013259887695312,244043,-4.319945335388184,0.0,0.0005
3160,976927,89.44,23.4779721,119,10636,18.299525698033765,10.226676833424015,9.264481544494629,244131,-6.537664413452148,0.0,0.0005
3163,977335,90.63,22.97367287,119,10640,20.79256977556956,20.01772837385112,10.618032455444336,244233,-3.628798723220825,0.0,0.0005
3167,977654,90.26,22.96523571,119,10644,21.491743902741025,23.243741634926412,14.578651428222656,244313,-4.866504192352295,0.0,0.0005
3170,978034,90.9,25.265968919999995,119,10648,21.36621489847999,13.942867709729605,24.604598999023438,244408,-4.391762733459473,0.0,0.0005
3172,978386,90.69,24.825521560000002,119,10652,18.756128929697372,16.141228707097476,19.000255584716797,244496,-1.4654556512832642,0.0,0.0005
3176,978742,90.3,24.741454599999997,119,10656,19.504659084612953,15.89670952050855,10.380697250366211,244585,-5.046403884887695,0.0,0.0005
3179,979119,90.9,24.91321971,119,10660,22.0135074988723,22.936898193202467,14.044872283935547,244679,-4.153850555419922,0.0,0.0005
3183,979516,91.42,24.69753129,119,10664,20.73870345675327,14.124478454862748,11.115499496459961,244778,-3.666594982147217,0.0,0.0005
3185,979830,90.19,24.2994027,119,10668,19.620898458260314,20.870475938075185,19.712007522583008,244857,-3.015260696411133,0.0,0.0005
3188,980174,90.35,23.886071729999998,119,10672,20.93312604161099,24.38838548530741,13.788484573364258,244943,-7.480710983276367,0.0,0.0005
3190,980498,90.43,23.97815204,119,10676,21.412612562561392,20.68895031775506,15.743138313293457,245024,-7.185092926025391,0.0,0.0005
3194,980871,91.57,26.03299972,119,10680,22.342466484375635,21.084931759087716,11.347539901733398,245117,-6.242642402648926,0.0,0.0005
3197,981261,91.53,26.429702680000002,119,10684,19.666102937579865,20.798432701348034,12.954019546508789,245215,-4.737870216369629,0.0,0.0005
3201,981640,91.76,26.73691164,119,10688,21.075860460428515,18.43969740761893,16.83203125,245309,-7.542022705078125,0.0,0.0005
3204,982101,93.02,26.575858829999998,119,10692,19.697135705652503,16.129999629342212,12.729537963867188,245425,-4.893658638000488,0.0,0.0005
3206,982431,92.05,26.600060909999996,119,10696,21.118821617744327,20.093935892438285,18.701274871826172,245507,-5.620513916015625,0.0,0.0005
3209,982754,91.32,26.870956179999997,119,10700,21.514652632821033,23.941602279025528,12.099995613098145,245588,-5.288508415222168,0.0,0.0005
3213,983143,91.77,27.15604354,119,10704,20.624734280137883,21.93084342129409,17.731319427490234,245685,-6.344413757324219,0.0,0.0005
3216,983593,93.48,29.165211890000005,119,10708,20.054446176274766,12.744659803035274,95.05748748779297,245798,-3.985257625579834,0.0,0.0005
3218,983937,93.53,28.81216241,119,10712,16.967479058428584,18.372842571266162,11.064062118530273,245884,-4.070917129516602,0.0,0.0005
3222,984295,93.59,26.255557569999997,119,10716,14.817481041950602,9.036167966493945,34.1661262512207,245973,-4.729577541351318,0.0,0.0005
3226,984668,93.74,25.67061796,119,10720,23.559740662255834,22.684994394741825,10.726964950561523,246066,-5.5348711013793945,0.0,0.0005
3229,985017,92.71,27.010500010000005,119,10724,20.46322551099808,17.862088067047747,10.121230125427246,246154,-7.362090110778809,0.0,0.0005
3231,985371,92.5,26.9864507,119,10728,17.90172555948972,20.697260364282325,20.30325698852539,246242,-5.226083755493164,0.0,0.0005
3234,985745,91.71,24.692805089999997,119,10732,15.6351581568164,13.884543426551097,11.104032516479492,246336,-4.800930023193359,0.0,0.0005
3238,986081,91.54,26.77137437,119,10736,22.45936148745309,24.533769688604572,99.08125305175781,246420,-7.195610046386719,0.0,0.0005
3239,986408,90.73,26.919391230000006,119,10740,21.921703527218853,20.373321573515277,20.636934280395508,246501,-4.74965763092041,0.0,0.0005
3243,986815,91.61,26.85119456,119,10744,18.957647152192184,13.228139267485892,12.246905326843262,246603,-6.300960540771484,0.0,0.0005
3246,987210,91.76,26.947100690000003,119,10748,20.100863787873788,15.773652254774305,13.633813858032227,246702,-5.021685600280762,0.0,0.0005
3250,987549,91.63,27.410721999999993,119,10752,21.522108484495966,22.140743378475804,14.558069229125977,246787,-3.272139549255371,0.0,0.0005
3252,987883,91.41,27.63215344999999,119,10756,20.26738272877943,23.750238543038467,11.626901626586914,246870,-2.802786111831665,0.0,0.0005
3256,988352,92.33,27.64920445,119,10760,19.567998918682367,13.928876693030816,19.2548828125,246987,-4.279227256774902,0.0,0.0005
3259,988700,91.84,25.074806329999998,119,10764,20.534059594730355,19.0333813596393,10.97795295715332,247074,-6.029714107513428,0.0,0.0005
3262,989032,92.02,25.436955159999993,119,10768,18.873041023838674,20.102902808251937,21.519454956054688,247157,-4.650580406188965,0.0,0.0005
3267,989554,93.8,25.261165779999992,119,10772,17.808447442727022,12.265514863596577,10.119686126708984,247288,-3.5528225898742676,0.0,0.0005
3269,989948,94.5,25.04957816,119,10776,19.45860994097968,13.424495132111748,17.518014907836914,247386,-5.957636833190918,0.0,0.0005
3272,990317,94.46,25.0629633,119,10780,21.25191400084563,25.022468442643927,24.769306182861328,247479,-4.568062782287598,0.0,0.0005
3276,990692,94.31,24.570495809999993,119,10784,18.779331441616986,20.654547021497336,55.38322067260742,247572,-5.60215425491333,0.0,0.0005
3279,991016,93.76,24.846855700000003,119,10788,22.249417053635486,22.89473723501832,11.654891967773438,247653,-0.9392919540405273,0.0,0.0005
3283,991511,94.1,24.854150989999997,119,10792,19.22818444964966,13.37334991769473,33.29676818847656,247777,-4.855426788330078,0.0,0.0005
3285,991889,94.58,24.84819444,119,10796,19.903019803566917,21.462947007102297,9.927214622497559,247872,-6.1085004806518555,0.0,0.0005
3289,992268,95.14,24.559283280000002,119,10800,23.013202989708116,23.26626967851327,14.982118606567383,247966,-4.930994987487793,0.0,0.0005
3292,992613,94.7,24.113166009999997,119,10804,19.092046737005543,24.736227677853197,9.829545974731445,248053,-5.743294715881348,0.0,0.0005
3295,992973,93.8,24.499126139999998,119,10808,19.179994717048483,22.43690501032165,6.940410137176514,248143,-7.184406280517578,0.0,0.0005
3298,993344,94.07,24.56992065,119,10812,19.450735352578302,18.334804194962302,14.703033447265625,248235,-4.842137813568115,0.0,0.0005
3301,993683,93.88,27.05611543,119,10816,22.851632551038527,25.589499409199693,26.88553237915039,248320,-5.224874496459961,0.0,0.0005
3304,994019,93.51,27.19047673,119,10820,21.87631423261905,22.455625369748546,88.24639892578125,248404,-3.794748306274414,0.0,0.0005
3306,994339,93.22,27.31638918,119,10824,19.29123039284084,19.015994853282464,10.424385070800781,248484,-6.99318790435791,0.0,0.0005
3310,994776,94.05,27.43591548,119,10828,19.852727535532342,20.33673210412206,19.100906372070312,248593,-5.499534606933594,0.0,0.0005
3314,995244,94.99,29.806632739999994,119,10832,20.36602733028898,19.265149983684616,22.601703643798828,248710,-4.881646156311035,0.0,0.0005
3317,995555,94.74,30.425475859999995,119,10836,20.89298513441055,21.609755258157712,107.2359619140625,248788,-4.371842384338379,0.0,0.0005
3319,995946,95.38,30.242588269999995,119,10840,20.13497727680213,13.557261886076624,9.256475448608398,248886,-6.685337543487549,0.0,0.0005
3323,996323,95.08,30.517606859999997,119,10844,22.90983640272675,23.223342111160658,34.971435546875,248980,-1.4379820823669434,0.0,0.0005
3327,996744,95.34,30.55367725,119,10848,20.92357107261653,23.77695307116407,10.635513305664062,249085,-6.171544075012207,0.0,0.0005
3331,997064,95.15,30.27672129,119,10852,21.127876164345043,20.190109896008277,13.012002944946289,249165,-4.547583103179932,0.0,0.0005
3333,997464,95.81,30.297071329999998,119,10856,20.475276713632876,19.451940008366037,14.245163917541504,249265,-5.81960391998291,0.0,0.0005
3337,997883,95.31,29.869845129999998,119,10860,20.604204497712097,17.3493721565642,9.91609001159668,249370,-4.637835502624512,0.0,0.0005
3339,998183,94.83,31.17958741,119,10864,20.353041936874483,23.909017085950858,14.057331085205078,249445,-4.6182661056518555,0.0,0.0005
3343,998615,95.83,31.139386560000002,119,10868,20.700328891056923,26.309553390173566,35.68770217895508,249553,-3.1507480144500732,0.0,0.0005
3347,999021,94.67,30.462732619999997,119,10872,18.07849448016825,13.109045776944235,95.2243423461914,249655,-4.8095879554748535,0.0,0.0005
3349,999429,94.81,30.031707379999997,119,10876,19.417399015230213,18.412504102956532,11.167182922363281,249757,-5.116362571716309,0.0,0.0005
3353,999746,94.29,30.08824364,119,10880,18.61939054412503,19.932255250268998,6.715463638305664,249836,-4.857807159423828,0.0,0.0005
