rollout/ep_rew_mean,time/total_timesteps,time/fps,ego_speed,time/time_elapsed,rollout/ep_len_mean,network_speed,time/episodes,train/learning_rate,train/ent_coef,train/n_updates,train/ent_coef_loss,train/actor_loss,train/critic_loss
-201.86024725,608,403,29.021103164209986,1,16.5,23.72059287514671,4,,,,,,
-202.713585625,704,456,,1,18.875,,8,,,,,,
-203.18820033333336,832,522,,1,20.833333333333332,,12,,,,,,
-191.1234323888889,1024,415,26.141973353428355,2,23.333333333333332,23.38524513377976,16,,,,,,
-181.4129259,1088,369,,2,24.4,,20,0.0005,0.9836026765406132,64,-0.03223982892723143,-1.5068764686584473,598.0285946130753
-175.14557132000004,1184,395,,2,26.8,,24,,,,,,
-172.30791953571432,1344,399,,3,28.25,,28,0.0005,0.9490120951086283,128,-0.12995495810173452,-0.6396047924063168,551.8686685413122
-158.60633946875,1504,436,,3,29.5625,,32,,,,,,
-161.10055144444445,1728,358,,4,29.416666666666668,,36,0.0005,0.9123044367879629,192,-0.28929731249809265,0.07087651285110041,565.1034734845161
-153.51422005,1984,379,,5,30.575,,40,0.0005,0.8759347265586257,256,-0.46639871317893267,-0.06974020230700262,489.95474284887314
-147.20834731111108,2496,323,21.613714326934083,7,31.488888888888887,23.57856092524845,44,0.0005,0.8089377135038376,384,-0.7923527033999562,-0.010288453515386209,409.18755489587784
-139.45289347916665,2560,291,,8,32.479166666666664,,48,,,,,,
-134.89565515384612,2688,292,,9,33.40384615384615,,52,0.0005,0.7798892231658101,448,-0.9700573515146971,-0.07273950008675456,373.9764532446861
-133.2210911785714,2752,298,,9,34.44642857142857,,56,,,,,,
-124.8533840333333,2912,302,,9,35.53333333333333,,60,0.0005,0.7508541224524379,512,-1.1611172575503588,0.34357624893891625,423.76745653152466
-125.515205171875,3296,271,,12,35.640625,,64,0.0005,0.7233250671997666,576,-1.420530442148447,0.293587382795522,371.61456164717674
-125.94076558823527,3584,248,,14,36.14705882352941,,68,0.0005,0.6953347008675337,640,-1.6989981513470411,0.19844925968209282,364.42176653444767
-123.52172355555552,3744,247,,15,37.916666666666664,,72,0.0005,0.6686019534245133,704,-1.9300707187503576,0.325400106201414,317.0074091255665
-125.35919328571426,3872,246,18.937072398752505,15,38.45454545454545,22.765958817004076,76,0.0005,0.6422862773761153,768,-2.2241668086498976,0.5578888963209465,354.78821389377117
-124.79469847499999,3936,249,,15,38.4375,,80,,,,,,
-123.6045419647059,4288,219,,19,40.05882352941177,,84,0.0005,0.6173624414950609,832,-2.49713190831244,0.8061328590847552,334.65966778993607
-125.61484731818179,4704,197,,23,40.30681818181818,,88,0.0005,0.5704663163051009,960,-2.8731425255537033,0.7140524773567449,280.5426829904318
-125.35310479347824,5088,209,25.94410120259943,24,40.40217391304348,22.03878335346203,92,0.0005,0.550300351344049,1024,-3.1407107040286064,0.9521790784783661,314.53186333179474
-124.92027187500001,5632,181,,31,41.302083333333336,,96,0.0005,0.5086449505761266,1152,-3.9912890270352364,1.158524479251355,299.6064497232437
-126.27094171,6112,192,,31,42.54,,100,0.0005,0.4705195724964142,1280,-4.813115295022726,1.1226179073564708,277.8771461844444
-123.76996324000001,6496,188,,34,45.13,,104,0.0005,0.4349557147361338,1408,-5.249334365129471,1.0267854690318927,237.78818859159946
-121.08406735999999,6880,183,,37,47.98,,108,0.0005,0.41781103564426303,1472,-6.227135233581066,0.9211734996933956,259.3075583577156
-118.63929272,7200,183,,39,49.93,,112,0.0005,0.38638918614014983,1600,-6.4675343707203865,0.9846144216135144,237.39167594909668
-116.69845832000001,7616,191,,39,52.46,,116,0.0005,0.3720578234642744,1664,-6.9616235345602036,0.9877675687894225,209.95433849096298
-118.60088784999999,7808,186,,41,53.87,,120,0.0005,0.35736116068437696,1728,-7.043711923062801,1.0261421228642575,206.0501119196415
-117.77565408000001,8064,189,,42,54.48,,124,0.0005,0.3441821481101215,1792,-8.073683567345142,1.3728759547229856,213.11113237589598
-120.28643227999997,8352,185,7.047616326543225,44,56.74,15.348103951349811,128,0.0005,0.3310806821100414,1856,-7.481438621878624,1.0670367958955467,199.25454346835613
-121.48964833,8672,191,,45,60.26,,132,0.0005,0.3190397499129176,1920,-8.589205257594585,1.3636188795790076,208.17921623587608
-121.70854156000001,9024,186,,48,62.78,,136,0.0005,0.294963413849473,2048,-8.837097890675068,1.5973777566105127,204.50796589255333
-124.28200538000002,9184,189,,48,63.74,,140,,,,,,
-125.70622756999997,9376,183,,51,64.94,,144,0.0005,0.28364755725488067,2112,-11.195224404335022,1.3570444252691232,194.35002751648426
-130.87232164,9536,185,21.03408760002253,51,66.33,21.298003685894624,148,0.0005,0.27254917193204165,2176,-10.519204139709473,1.3028478133492172,187.8464860022068
-130.05375345000002,9792,183,,53,66.12,,152,0.0005,0.2623090739361942,2240,-11.005394235253334,1.6889447611756623,190.33562342077494
-130.93885383999998,9920,185,,53,68.04,,156,,,,,,
-137.38766277,10048,186,,53,67.83,,160,0.0005,0.2521673175506294,2304,-11.995101034641266,1.6187150082550943,213.81074181199074
-135.04112554999998,10240,186,,54,68.01,,164,,,,,,
-132.72631138,10464,189,,55,70.17,,168,0.0005,0.2421089387498796,2368,-12.27082821726799,1.578720312565565,219.28019297122955
-135.41543268,10528,189,25.337141747909484,55,70.3,24.896855469351653,172,0.0005,0.23274195450358093,2432,-13.10710833966732,1.4656280518975109,174.78642211854458
-135.45894471000003,10848,191,,56,71.17,,176,0.0005,0.22397357551380992,2496,-12.78782770037651,1.7523951893672347,199.0427987575531
-137.57511608000002,11104,193,,57,71.47,,180,0.0005,0.2155803896021098,2560,-13.696584954857826,1.7957898061722517,202.5650211274624
-137.90045851,11360,190,,59,69.89,,184,0.0005,0.20757344318553805,2624,-13.86074760556221,1.6468975907191634,172.1263189315796
-135.46771872,11488,192,,59,69.38,,188,,,,,,
-136.50230482999999,11712,195,22.863068002078897,60,69.67,25.134143273692644,192,0.0005,0.2000907496549189,2688,-14.0410026460886,1.5739192143082619,138.56030474603176
-135.03008305999998,11872,192,,61,68.78,,196,0.0005,0.19267952535301447,2752,-15.894208684563637,1.8941419213078916,204.7203683257103
-134.88822240000002,12128,195,,62,68.44,,200,0.0005,0.18501602276228368,2816,-17.120482683181763,1.8813003348186612,180.71230870485306
-134.57179896,12352,194,,63,66.87,,204,0.0005,0.17765044188126922,2880,-17.600786238908768,1.9155920688062906,191.45582902431488
-135.79486914999998,12640,197,,63,65.48,,208,0.0005,0.17067237943410873,2944,-17.836947351694107,2.00167753174901,180.75212720036507
-133.62157040999998,12992,198,,65,64.07,,212,0.0005,0.16415218356996775,3008,-19.461882576346397,2.109493998810649,204.60834157466888
-132.86069201,13120,199,,65,62.12,,216,0.0005,0.15743097010999918,3072,-20.178473204374313,2.17183677572757,175.06004670262337
-129.61147104,13248,200,,65,62.06,,220,,,,,,
-130.82543439,13344,198,,67,62.62,,224,0.0005,0.15124039398506284,3136,-21.098351508378983,2.1623684987425804,176.77993696928024
-130.94614629,13568,201,,67,62.14,,228,,,,,,
-132.7645273,13888,201,,68,58.44,,232,0.0005,0.1397805018350482,3264,-21.165173143148422,2.158464815467596,184.28924590349197
-130.12779742,14048,203,,69,56.83,,236,,,,,,
-130.96315792,14336,202,,70,56.22,,240,0.0005,0.1345978481695056,3328,-22.388427019119263,2.2360053481534123,179.77503180503845
-131.51135671000003,14496,203,,71,56.05,,244,0.0005,0.12946356576867402,3392,-22.206950575113297,2.175097992643714,139.20022705197334
-130.1469154,14816,207,,71,55.19,,248,0.0005,0.12476335500832647,3456,-22.920079201459885,2.262393608689308,167.89195048809052
-129.76976571,15008,204,,73,55.04,,252,0.0005,0.12010785727761686,3520,-24.359287202358246,2.3363239653408527,145.11879819631577
-128.69103235,15232,206,,73,52.54,,256,0.0005,0.11572159512434155,3584,-24.777569711208344,2.4078049454838037,169.12966403365135
-126.26254027,15392,204,,75,53.0,,260,0.0005,0.11148177937138826,3648,-23.900627851486206,2.2456704024225473,137.95735213160515
-127.70635238999999,15584,207,,75,51.71,,264,,,,,,
-126.82244864999998,15680,207,,75,50.7,,268,0.0005,0.10753755329642445,3712,-25.93640211224556,2.1400980055332184,135.81092438101768
-128.23669944000002,15872,207,7.33411487529898,76,51.98,19.425857540177997,272,,,,,,
-130.09367985999998,15936,206,,77,51.89,,276,0.0005,0.1035286666592583,3776,-27.631771087646484,2.3845351077616215,170.99895137548447
-127.31685189999999,16128,208,,77,51.55,,280,,,,,,
-128.53268055,16448,204,,80,52.37,,284,0.0005,0.09603626711759716,3904,-28.79737749695778,2.4479490518569946,151.43891297280788
-128.45527778999997,16672,206,,80,52.36,,288,0.0005,0.0924748161341995,3968,-28.78099563717842,2.5782321160659194,164.25040689110756
-126.79592573000004,16800,207,,80,52.38,,292,,,,,,
-127.4051309,16928,204,29.89009517470215,82,52.06,24.97417925148152,296,0.0005,0.08904180803801864,4032,-31.8847077190876,2.847106607630849,176.4383519589901
-125.92759200999997,17120,206,,82,51.29,,300,,,,,,
-126.80251791,17312,207,,83,51.94,,304,0.0005,0.0856416339520365,4096,-30.60057744383812,2.4765380453318357,126.74932926893234
-124.96772418,17472,205,,85,52.07,,308,0.0005,0.08250884711742401,4160,-32.9981527030468,2.6276700161397457,139.89228332042694
-126.34514712000001,17824,207,,85,51.14,,312,0.0005,0.07945047237444669,4224,-31.802838683128357,2.677354684099555,142.67452383041382
-126.71902825000002,17952,204,,87,50.92,,316,0.0005,0.0764048423152417,4288,-38.17467051744461,2.6929912958294153,157.55203425884247
-127.64733545000001,18144,206,,87,49.59,,320,,,,,,
-126.20236684,18432,206,,89,48.86,,324,0.0005,0.07336243835743517,4352,-34.561424881219864,2.7170034777373075,161.0271020233631
-123.18668126,18688,208,18.887822275657385,89,46.97,24.479605851044298,328,0.0005,0.07071553624700755,4416,-37.61919981241226,2.781260373070836,126.69855642318726
-123.38296709999999,18816,208,,90,46.96,,332,0.0005,0.0680044291075319,4480,-38.43317872285843,2.7719496488571167,148.98062428832054
-125.79161032999998,19040,208,,91,48.45,,336,0.0005,0.0654400554485619,4544,-39.47450119256973,2.935838522389531,158.06228747963905
-126.84272338000001,19232,209,,91,49.04,,340,0.0005,0.0629779317532666,4608,-38.39240524172783,2.608180433511734,121.84048044681549
-127.64795368000001,19488,208,,93,49.39,,344,0.0005,0.060708662611432374,4672,-39.77822995185852,2.8330207988619804,130.1226713359356
-130.75227439,19648,209,,93,49.7,,348,,,,,,
-131.00639773000003,19840,210,29.769915461981576,94,49.68,24.219705062770238,352,0.0005,0.05853991344338283,4736,-38.8090523481369,2.874170619994402,146.41536469757557
-133.34905807,20032,208,,96,50.25,,356,0.0005,0.05646721244556829,4800,-40.17098259925842,2.935798382386565,135.10090118646622
-133.63036025000002,20160,209,,96,49.39,,360,,,,,,
-136.92373315,20448,211,,96,50.32,,364,0.0005,0.054446878493763506,4864,-43.13001847267151,2.8769572898745537,155.24126714468002
-136.90498158999998,20640,210,,98,49.27,,368,0.0005,0.052528289845213294,4928,-41.69297409057617,3.013896629214287,153.34840241074562
-134.76491977,20800,211,29.407003747324342,98,47.49,25.5019491775168,372,0.0005,0.05065416591241956,4992,-43.979563891887665,3.0847137235105038,142.50892412662506
-131.91497325,20960,212,,98,48.05,,376,,,,,,
-133.41894743,21152,211,,99,48.65,,380,0.0005,0.04883348289877176,5056,-44.956090688705444,3.0724837221205235,148.49858501553535
-134.7394236,21280,212,,100,48.28,,384,0.0005,0.04709606908727437,5120,-42.9573695063591,3.081526044756174,136.5759373307228
-136.64353024,21440,213,,100,49.35,,388,,,,,,
-137.04242197999997,21696,210,29.394500855643283,102,48.83,25.081288345226636,392,0.0005,0.04549093678360805,5184,-46.41363477706909,2.9077001977711916,130.0531556904316
-138.99496919999999,21856,211,,103,49.68,,396,0.0005,0.04386895912466571,5248,-46.372347712516785,3.1667193304747343,140.4081510603428
-138.43328218,21984,212,,103,49.3,,400,,,,,,
-137.20911715,22080,210,,104,49.47,,404,0.0005,0.042266616073902696,5312,-50.59787845611572,3.188420921564102,131.11109614372253
-139.3815463,22272,211,,105,49.13,,408,,,,,,
-138.77892579999997,22624,211,,106,48.78,,412,0.0005,0.039322121418081224,5440,-55.07133102416992,3.2615435421466827,140.29895076155663
-138.85898844000002,22848,213,,107,49.71,,416,0.0005,0.03782684652833268,5504,-50.333725571632385,3.2111031282693148,133.0312981903553
-139.41723127,23136,212,,109,49.9,,420,0.0005,0.03652754955692217,5568,-51.350271582603455,3.165312547236681,113.15284982323647
-138.98805169999997,23424,213,,109,49.9,,424,0.0005,0.03524051763815805,5632,-56.8548868894577,3.2658337987959385,126.27199584245682
-139.13266202,23488,214,,109,50.04,,428,,,,,,
-138.28739375000004,23712,214,,110,49.96,,432,0.0005,0.033914499857928604,5696,-56.271593272686005,3.41476889885962,142.57975536584854
-137.9266697,23840,214,13.865040123852804,111,49.34,22.060742711655575,436,0.0005,0.032692225358914584,5760,-55.99936228990555,3.3751378916203976,124.70837068557739
-136.05786741999998,23968,215,,111,48.24,,440,,,,,,
-133.38653965,24320,213,,113,48.0,,444,0.0005,0.031539780349703506,5824,-58.05203938484192,3.608868522569537,150.8900190591812
-133.31795456,24448,214,,114,47.98,,448,0.0005,0.030400727613596246,5888,-58.85480284690857,3.4613168444484472,126.65422421693802
-134.65307761,24608,213,,115,48.32,,452,0.0005,0.02933570512686856,5952,-55.69069576263428,3.4901613146066666,131.13000950217247
-135.11820483,24960,215,,115,49.19,,456,0.0005,0.028357511677313596,6016,-55.892012774944305,3.5294554829597473,142.75428374111652
-134.80821484,25024,215,26.996592534353926,115,48.78,24.774143633628658,460,,,,,,
-134.79723653,25216,214,,117,48.66,,464,0.0005,0.027429415902588516,6080,-55.89340257644653,3.5472935251891613,148.5716010928154
-135.58112441,25408,215,,118,49.72,,468,0.0005,0.026497197890421376,6144,-60.34204876422882,3.525503780692816,125.63984736800194
-137.98661919,25600,213,,119,50.51,,472,,,,,,
-137.21357646999996,25824,215,,120,49.21,,476,0.0005,0.025629681738791987,6208,-56.013519406318665,3.5828828252851963,135.1825785934925
-136.21687076999999,26368,214,,122,48.62,,480,0.0005,0.023906835849629715,6336,-59.93646728992462,3.481021486222744,122.3136196732521
-135.43943838999996,26624,213,,124,49.16,,484,0.0005,0.02310111842234619,6400,-62.22523754835129,3.792833399027586,131.50658413767815
-136.45271087999998,26720,213,,124,48.83,,488,0.0005,0.022339091665344313,6464,-62.73143571615219,3.8136955089867115,130.5383810698986
-136.68228775,26912,214,,125,49.1,,492,0.0005,0.021580235479632393,6528,-65.93180072307587,3.79570385068655,115.54360371828079
-137.70178836000002,27072,215,,125,49.63,,496,,,,,,
-139.77276063,27616,215,,128,50.42,,500,0.0005,0.02018267774838023,6656,-61.27415919303894,3.7008566223084927,114.01376038789749
-140.26054366999998,27808,211,,131,50.87,,504,0.0005,0.01953986327862367,6720,-63.00679671764374,3.680121060460806,107.4163992702961
-139.79763322999997,28000,212,,131,51.39,,508,0.0005,0.01888975891051814,6784,-65.96313792467117,3.597825752571225,103.21894299983978
-141.48046662000002,28224,211,,133,52.71,,512,0.0005,0.018279308482306078,6848,-64.35734283924103,3.7402722984552383,119.70761385560036
-142.93697007999998,28288,211,,133,52.95,,516,,,,,,
-143.40808611000003,28960,210,11.98653854903274,137,55.1,20.609110900074178,520,0.0005,0.01646305207395926,7040,-72.5981673002243,3.888458039611578,108.38446682691574
-144.80886965,29056,211,,137,56.09,,524,,,,,,
-145.66504831,29184,210,,138,56.59,,528,,,,,,
-148.15418176,29216,209,,139,57.98,,532,0.0005,0.01590801461134106,7104,-69.93898320198059,3.7744285985827446,118.97342202067375
-146.99664527000002,29344,210,,139,57.86,,536,,,,,,
-146.20460299,29696,210,,141,58.09,,540,0.0005,0.015363966507720761,7168,-75.11124259233475,3.7095871530473232,113.0018298625946
-144.98000795,30016,211,,142,57.86,,544,0.0005,0.014330114223412238,7296,-77.85994219779968,3.7151997424662113,125.03565379977226
-147.36791988,30240,208,23.27673716740374,145,59.17,22.52707158571405,548,0.0005,0.01383220926800277,7360,-78.19448614120483,3.834077652543783,119.95777797698975
-145.19164792,30400,209,,145,57.47,,552,,,,,,
-144.94412538,30528,209,,145,57.32,,556,0.0005,0.01336687985167373,7424,-79.2457435131073,3.8964829333126545,116.7661626636982
-146.12082403,30848,208,,147,57.35,,560,0.0005,0.01290284913557116,7488,-75.31371569633484,3.8585710786283016,97.83312112092972
-144.51215994,31200,210,,148,57.03,,564,0.0005,0.012485303261200897,7552,-80.64889883995056,4.01342149823904,120.88273590803146
-143.09271085,31616,209,27.299047119943758,150,56.36,26.02598500651439,568,0.0005,0.011640534707112238,7680,-80.90274059772491,3.9198777340352535,101.18162988126278
-141.27195095000002,31840,206,,154,56.63,,572,0.0005,0.011237055106903426,7744,-86.69767916202545,4.244381973519921,121.83146458864212
-144.26604167000002,31936,207,,154,58.1,,576,,,,,,
-143.76257586,32384,206,22.335770659532624,156,57.89,21.76160499962555,580,0.0005,0.010486846585990861,7872,-82.51331639289856,4.129690267145634,108.51153229176998
-145.54205174,32544,207,,156,60.13,,584,0.0005,0.010146948916371912,7936,-85.11334240436554,4.310425642877817,116.93861815333366
-145.51234012000003,32992,206,,159,61.62,,588,0.0005,0.009813960627070628,8000,-82.25859916210175,4.124811254441738,114.88746103644371
-148.13906469000003,33216,207,,160,62.85,,592,0.0005,0.009496115904767066,8064,-82.92148041725159,4.187522165477276,106.19964271783829
-148.45562911000002,33376,206,,161,62.97,,596,0.0005,0.009190555443638004,8128,-81.80477833747864,3.9610743299126625,95.46838974952698
-145.61745200000001,33888,206,,164,62.72,,600,0.0005,0.008613151920144446,8256,-78.29448962211609,3.9014409258961678,88.33484874665737
-147.80387055,34080,206,,164,63.89,,604,0.0005,0.008343477398739196,8320,-89.05010509490967,4.035100407898426,88.88108825683594
-146.03643434,34368,206,,166,62.65,,608,0.0005,0.008069226169027388,8384,-85.51326048374176,4.094455514103174,97.67022792994976
-147.93885084000001,34496,206,,166,63.28,,612,,,,,,
-145.81633263,34624,207,,167,63.19,,616,0.0005,0.007820109232852701,8448,-83.16214036941528,4.109993394464254,97.5231918990612
-145.90748968,34944,206,,169,61.46,,620,0.0005,0.007569959896500222,8512,-87.38132011890411,4.319011747837067,115.1221575140953
-145.39549408999997,35104,207,,169,62.45,,624,0.0005,0.007331415283260867,8576,-86.27421987056732,4.115555394440889,121.53306117653847
-144.32770052,35392,206,15.73193421902399,171,62.89,22.54090481222104,628,0.0005,0.007108418052666821,8640,-84.05860686302185,4.354076761752367,106.20638394355774
-143.77705221000005,35584,207,,171,62.51,,632,,,,,,
-143.37014958,35904,205,,175,62.17,,636,0.0005,0.006647974434599746,8768,-85.62023782730103,4.368746943771839,86.20668143033981
-144.35209039,36160,206,,175,62.2,,640,0.0005,0.006426455824112054,8832,-99.25906240940094,3.9514151364564896,92.74726291000843
-144.93537911,36352,204,,177,62.29,,644,,,,,,
-145.92046711,36608,205,,178,62.73,,648,0.0005,0.006223398973816074,8896,-82.71114087104797,4.008466482162476,74.06999588012695
-147.1765434,36864,203,20.81045867564433,181,63.46,22.815680877737126,652,0.0005,0.006039545041858219,8960,-87.34051561355591,4.260083377361298,86.82778829336166
-147.12937116999998,37056,203,,181,62.85,,656,0.0005,0.005853017850313336,9024,-93.77581357955933,4.35984705761075,95.35001070797443
-148.86321095,37440,202,,184,64.61,,660,0.0005,0.005472130775160622,9152,-96.50479137897491,4.1822470016777515,88.42592073976994
-149.56660766,37920,202,,187,64.49,,664,0.0005,0.005133567123266403,9280,-93.90581202507019,4.486350152641535,83.93694564700127
-147.84039085,38080,203,18.27783320990607,187,63.78,20.444345712100258,668,,,,,,
-150.93143472999998,38304,203,,187,64.08,,672,0.0005,0.004966753964254167,9344,-105.31918799877167,4.524015482515097,108.22775250673294
-148.22799028,38560,203,,189,62.8,,676,0.0005,0.004798075700819027,9408,-92.52671360969543,4.305660240352154,85.47285002470016
-151.38786106,38880,204,,190,64.49,,680,0.0005,0.00465016297675902,9472,-101.3859486579895,4.297231167554855,108.93905630707741
-152.58683721,39168,203,,192,63.99,,684,0.0005,0.004496075613133144,9536,-102.02248442173004,4.252364203333855,91.42913421988487
-151.2870126,39232,203,,193,64.62,,688,0.0005,0.004347334092017263,9600,-109.00726413726807,4.419681530445814,80.59574351459742
-150.92838253999997,39520,203,,194,64.65,,692,0.0005,0.004196043002593797,9664,-103.0294429063797,4.548293828964233,91.97087359428406
-150.87959036,39808,204,17.40079606849007,194,64.8,18.960970807490124,696,0.0005,0.004059087405039463,9728,-103.71140217781067,4.311960443854332,76.22180950641632
-152.7365059,40096,202,,198,64.77,,700,0.0005,0.003930059749109205,9792,-99.9201637506485,4.431663367897272,87.82900330424309
-150.98904086,40480,200,,202,63.82,,704,0.0005,0.0036941439902875572,9920,-105.04382336139679,4.635965537279844,94.13585323095322
-152.30533663000003,40544,200,,202,64.56,,708,,,,,,
-151.99632230999998,40896,201,,202,64.08,,712,0.0005,0.003571678593289107,9984,-103.34380185604095,4.557750303298235,81.96754032373428
-152.41544230000002,41184,201,,204,63.81,,716,0.0005,0.003459588944679126,10048,-104.98617839813232,4.586455065757036,86.15971374511719
-152.58590288000002,41600,200,17.20705805465486,207,63.99,22.648438722899307,720,0.0005,0.0032421566393168177,10176,-109.40332293510437,4.71791223436594,101.20910988748074
-152.80876571000002,41728,200,,207,62.83,,724,,,,,,
-153.03050911,41952,201,,208,63.45,,728,0.0005,0.0031296264824050013,10240,-121.36190664768219,4.613387629389763,100.88681109249592
-153.7607012,42176,199,,211,63.15,,732,0.0005,0.003021319385879906,10304,-116.37800598144531,4.6949628330767155,93.20586863160133
-155.32345163,42304,199,,212,64.33,,736,0.0005,0.0029201377110439353,10368,-114.87427341938019,4.599566005170345,92.76748776435852
-157.08809297000002,42944,198,,215,64.86,,740,0.0005,0.0027433748327894136,10496,-98.52653217315674,4.515492871403694,76.26888227462769
-157.57745077,43264,198,,217,66.75,,744,0.0005,0.0026627549887052737,10560,-110.87085366249084,4.619551334530115,76.47875839471817
-157.21876826,43616,197,,220,66.86,,748,0.0005,0.0024816197983454913,10688,-115.77535700798035,4.5112339705228806,81.27260607481003
-157.61149350000002,43904,198,,220,66.79,,752,0.0005,0.0024012939429667313,10752,-114.15352129936218,4.735249046236277,77.79935505986214
-158.39903491,44096,197,9.794196769251581,223,67.51,17.605789916616356,756,0.0005,0.002325705838302383,10816,-115.19127893447876,4.66359119862318,68.27794677019119
-156.60911589000003,44288,198,,223,67.25,,760,,,,,,
-156.43082175,44384,198,,223,67.72,,764,0.0005,0.002248949014756363,10880,-122.84134817123413,4.610224362462759,70.43504816293716
-156.42021394000002,44768,197,,226,68.78,,768,0.0005,0.002174342102080118,10944,-123.05605232715607,4.701228924095631,70.02135649323463
-156.74601708999998,44864,197,,226,68.91,,772,0.0005,0.0021054556636954658,11008,-110.42382192611694,4.981818985193968,94.3112318366766
-158.40094629,45120,197,25.646874703374177,228,69.78,24.28428338855027,776,0.0005,0.0020369372396089602,11072,-132.5573319196701,4.662173591554165,72.51240780204535
-156.30302274999997,45376,197,,229,68.65,,780,0.0005,0.001967703141417587,11136,-123.98311841487885,4.858656965196133,63.99830937385559
-152.91235682,45504,198,,229,67.97,,784,,,,,,
-153.15035168999998,45760,198,,231,65.77,,788,0.0005,0.0019041907908103894,11200,-120.78284955024719,4.64381392672658,72.59672133624554
-150.90586051,46080,196,,234,65.74,,792,0.0005,0.0018454443434166024,11264,-117.2455438375473,4.820382717996836,91.94138568639755
-149.47493943999999,46272,197,20.89692651202835,234,64.36,22.857125495158336,796,0.0005,0.0017868051854748046,11328,-126.21223652362823,4.615803740918636,79.03924882411957
-147.58538613999997,46496,197,,234,64.59,,800,0.0005,0.0017304179236816708,11392,-118.20088529586792,4.633801378309727,69.77905131876469
-150.22987567,46624,196,,236,64.9,,804,0.0005,0.0016762527939135907,11456,-126.97669327259064,4.800984788686037,77.63878956437111
-149.49432003,47072,198,,237,64.51,,808,0.0005,0.0016221311034314567,11520,-119.11727595329285,4.630851794034243,71.39623588323593
-151.05460886999998,47264,197,,238,64.88,,812,0.0005,0.001570607329995255,11584,-131.1633940935135,4.831711873412132,64.59429849684238
-152.52882244,47488,198,,239,65.32,,816,0.0005,0.0015190066678769654,11648,-134.53857839107513,5.023917809128761,88.48137903213501
-149.00856510999998,47776,197,24.231504382200736,241,65.27,23.365553392617358,820,0.0005,0.0014676402497570962,11712,-127.02277457714081,4.877351280301809,72.61934021115303
-147.94126486000002,47968,197,,242,65.03,,824,0.0005,0.0014218420074030291,11776,-133.97759902477264,4.827665634453297,86.21223810315132
-147.99906739000002,48160,196,,244,63.52,,828,0.0005,0.001374058419969515,11840,-141.5726786851883,5.006464637815952,89.02685949206352
-145.16112595,48512,197,,245,62.43,,832,0.0005,0.0013263747550809057,11904,-130.92808425426483,4.664295274764299,56.721719950437546
-141.31532174,48800,197,,247,60.9,,836,0.0005,0.00128608174600231,11968,-123.21633625030518,4.835300251841545,83.13745793700218
-138.45440089000002,48896,197,,247,60.74,,840,,,,,,
-138.04466689,49152,196,,250,59.8,,844,0.0005,0.001246756261025439,12032,-137.50776779651642,4.9507588893175125,83.67944434285164
-137.10848951000003,49408,196,,251,59.75,,848,0.0005,0.00120497916941531,12096,-136.1594364643097,4.81355082988739,59.53847274184227
-135.20384857,49984,196,,254,58.54,,852,0.0005,0.0010924083508143667,12288,-137.38778686523438,4.962596140801907,95.6397840231657
-133.24701981999996,50112,197,,254,57.95,,856,,,,,,
-135.86301387,50336,196,8.723245958416147,256,58.16,15.803982602486245,860,0.0005,0.0010566402834228938,12352,-136.8624233007431,5.204209856688976,68.94749499857426
-133.21749151999995,50528,196,,256,57.82,,864,0.0005,0.001024630006213556,12416,-128.69960618019104,4.867802180349827,72.29235234856606
-132.80383678999996,50848,196,,258,59.82,,868,0.0005,0.000993351721263025,12480,-132.48964488506317,5.030500162392855,74.35476852953434
-130.18428164999997,51200,196,,260,60.88,,872,0.0005,0.0009627427825762425,12544,-131.39592289924622,4.878744840621948,72.71448528766632
-127.63736906999999,51264,196,,260,59.91,,876,0.0005,0.0009335491167803411,12608,-132.75288343429565,5.002556651830673,78.92448976635933
-126.84980080999998,51424,196,29.51948020810672,261,59.49,25.30322093591536,880,,,,,,
-129.47440101,51648,197,,261,59.58,,884,0.0005,0.000904738775716396,12672,-136.52190852165222,5.188081670552492,75.27079644799232
-128.29334563000003,52064,196,,265,61.1,,888,0.0005,0.0008474556252622278,12800,-139.45185542106628,4.815216854214668,62.48226177692413
-128.16662853000003,52576,195,,269,62.07,,892,0.0005,0.0007928156746856985,12928,-149.85047888755798,5.256837531924248,83.05058068037033
-130.0746656,52928,194,,271,62.16,,896,0.0005,0.000765401282478706,12992,-166.31070804595947,4.952046774327755,76.36053957045078
-131.76754306,53056,195,,271,62.21,,900,0.0005,0.0007378962845905335,13056,-153.26477444171906,5.104937344789505,70.03643989562988
-130.93914622,53472,194,,274,63.15,,904,0.0005,0.0007141872592910659,13120,-153.6666042804718,5.0514507330954075,70.3498971760273
-131.35203983000002,53888,194,,277,63.59,,908,0.0005,0.0006690071068078396,13248,-149.60686039924622,5.114398114383221,75.51969356834888
-127.40614448999999,54528,194,,280,63.52,,912,0.0005,0.0006270513003983069,13376,-155.88642024993896,5.08222234621644,75.44498693197966
-126.44038277,54912,194,,282,64.0,,916,0.0005,0.000588153693570348,13504,-152.91878294944763,5.010553229600191,58.28432732820511
-130.67787819,55008,194,7.022951729306514,282,65.44,18.56328302758198,920,,,,,,
-134.14766244999998,55552,194,,285,67.19,,924,0.0005,0.0005537160741369007,13632,-142.0878336429596,5.344604529440403,64.78794932365417
-132.75010575,55712,194,,286,69.09,,928,0.0005,0.0005367712246879819,13696,-153.8592174053192,4.925592232495546,71.90787338465452
-136.57050494,55904,194,,287,71.61,,932,0.0005,0.0005196766187509638,13760,-155.83281874656677,5.233156908303499,74.50461302697659
-137.6130197,56096,194,22.48437709090671,288,72.87,21.853296298396973,936,0.0005,0.0005028575951655512,13824,-159.02409839630127,5.000174801796675,63.15177448838949
-140.108559,56416,194,,290,75.13,,940,0.0005,0.0004866389526796411,13888,-146.9587446451187,5.067872531712055,72.22502334415913
-139.95682054,56576,194,,290,76.22,,944,,,,,,
-137.12612223999997,56800,194,,291,74.95,,948,0.0005,0.00047216883103828877,13952,-150.5460171699524,5.236462812870741,67.03107737004757
-138.55378042,56928,193,,293,76.12,,952,0.0005,0.0004575111420308531,14016,-153.96458911895752,5.3907952308654785,71.18307042121887
-140.60105812999998,57280,194,,294,76.43,,956,0.0005,0.0004430095455063565,14080,-155.87488508224487,5.220768004655838,67.33504676818848
-140.3335305,57504,193,,296,76.5,,960,0.0005,0.0004291765612833842,14144,-150.60796070098877,5.165817607194185,49.49879205971956
-142.04440613999998,57920,192,,300,76.07,,964,0.0005,0.00040257968294099555,14272,-152.81771957874298,5.273624178022146,67.30391969531775
-141.18465915,58208,193,,301,73.69,,968,0.0005,0.0003900690908267279,14336,-159.22798681259155,5.250984985381365,55.55621409416199
-143.27093143,58400,191,,304,71.51,,972,0.0005,0.00037786825305374805,14400,-153.4273042678833,5.315655466169119,65.87596495449543
-144.21251003999998,58592,192,10.203430661997118,304,71.65,21.601612773864407,976,,,,,,
-145.08245399,59168,191,,308,71.99,,980,0.0005,0.0003416421513975365,14592,-172.16741847991943,5.2523133382201195,59.47626232355833
-143.93458180999997,59424,191,,310,71.16,,984,0.0005,0.0003302025511402462,14656,-173.033047914505,5.250451114028692,64.53409156948328
-143.56627097999998,59648,191,23.765022130332454,311,70.06,23.806357174523498,988,,,,,,
-146.02062665,60032,191,,313,70.1,,992,0.0005,0.0003080756919189298,14784,-183.30687737464905,5.234331917017698,50.25262663885951
-147.79986545999998,60128,191,,313,74.31,,996,,,,,,
-146.73468391,60288,191,,314,73.35,,1000,0.0005,0.00029756261483271373,14848,-171.2685043811798,5.420095577836037,56.345890551805496
-146.46693797999998,60672,191,,316,73.87,,1004,0.0005,0.00028816029816880473,14912,-165.70916295051575,5.334116790443659,56.47800888866186
-148.28753464,60992,190,,319,74.91,,1008,0.0005,0.0002710231869968993,15040,-170.0308678150177,5.176473669707775,57.55355307459831
-149.69357218000002,61408,191,,320,73.81,,1012,0.0005,0.0002625217757667997,15104,-177.3230800628662,5.224148362874985,48.97110866010189
-145.90888221,61600,191,,321,72.37,,1016,0.0005,0.0002540072600822896,15168,-178.47619581222534,5.381218262016773,69.28345282375813
-143.17847539,61984,190,,325,71.37,,1020,0.0005,0.00023864268996476312,15296,-172.8582899570465,5.187660109251738,49.92714607715607
-138.30107583999998,62272,191,,325,69.43,,1024,0.0005,0.0002309225387762126,15360,-176.56210827827454,5.581317130476236,72.51486197113991
-141.02298611,62880,191,,328,71.15,,1028,0.0005,0.0002171580756566982,15488,-169.0544946193695,5.552463609725237,60.10060862451792
-140.19244534,63040,190,9.495965249835324,330,70.73,18.948121722571486,1032,0.0005,0.0002104003665408527,15552,-184.39162921905518,5.2488161213696,57.76870094239712
-139.59047899,63488,190,,332,70.63,,1036,0.0005,0.00020333049064902298,15616,-178.59365010261536,5.159739967435598,38.936453551054
-141.52258613,63648,191,,333,69.96,,1040,0.0005,0.00019715215057658497,15680,-167.87753701210022,5.618938248604536,66.62034621834755
-140.19333548,63904,191,,333,69.99,,1044,0.0005,0.00019116032967758656,15744,-167.6865177154541,5.338250923901796,47.19564062356949
-141.55559874,64192,190,,336,70.92,,1048,0.0005,0.00018528101327319746,15808,-180.37572145462036,5.542844630777836,61.722015522420406
-140.10292038,64352,190,,337,70.55,,1052,0.0005,0.0001792914076759189,15872,-181.94794487953186,5.300270367413759,51.11084000766277
-140.57739888000003,64544,190,,339,71.85,,1056,0.0005,0.00017358605100525892,15936,-179.37861967086792,5.528500504791737,71.2999949902296
-137.80859466,64704,190,,339,71.39,,1060,,,,,,
-137.59981104,65152,190,,341,72.31,,1064,0.0005,0.000162620487571985,16064,-188.02906680107117,5.359561372548342,51.64802622795105
-141.25677543,65280,191,10.560316033054049,341,73.09,21.386206424697242,1068,,,,,,
-140.46548717,65408,191,,341,72.99,,1072,0.0005,0.0001572932433191454,16128,-187.8029866218567,5.2735269740223885,59.440820679068565
-140.20224696000002,65728,190,,344,72.45,,1076,0.0005,0.00015224945718728122,16192,-184.02372074127197,5.410736717283726,50.554893516004086
-141.25506922,66272,190,,347,74.44,,1080,0.0005,0.00014279470133260475,16320,-179.10504961013794,5.659425467252731,59.123754881322384
-141.65209959,66784,190,20.921811000233824,350,74.56,23.808092344560883,1084,0.0005,0.00013391843867793796,16448,-193.89253330230713,5.435303367674351,68.30999866873026
-142.31638334,67168,189,,353,75.42,,1088,0.0005,0.0001255407746612036,16576,-179.0525312423706,5.553151432424784,48.09105430543423
-137.21630600999998,67616,189,,356,74.67,,1092,0.0005,0.00011791359600010765,16704,-192.34053540229797,5.386115100234747,61.735720962285995
-134.41618768,67840,190,,356,72.39,,1096,,,,,,
-134.40164270000002,68096,189,,358,73.44,,1100,0.0005,0.00011411554089590936,16768,-190.03510427474976,5.546430848538876,61.90958549082279
-130.92065571,68704,189,,361,73.44,,1104,0.0005,0.00010351445791911829,16960,-189.8342626094818,5.633251838386059,55.821071833372116
-126.94695404,69184,189,,364,73.6,,1108,0.0005,9.696322683794278e-05,17088,-209.40127801895142,5.7539795488119125,57.86463352292776
-125.87513909000003,69664,188,,368,75.87,,1112,0.0005,9.073530884506908e-05,17216,-191.53961539268494,5.491201691329479,62.20827790349722
-124.11530971,70048,189,,369,79.31,,1116,0.0005,8.801497358490451e-05,17280,-174.36077451705933,5.305995490401983,46.73404647409916
-123.61799958,70432,188,,373,79.41,,1120,0.0005,8.28902260536779e-05,17408,-187.75342679023743,5.36000682041049,59.825779013335705
-124.40134685000002,70592,189,8.537015811626032,373,81.96,21.01857479969713,1124,,,,,,
-124.0697724,71072,188,,376,81.0,,1128,0.0005,7.771398134082119e-05,17536,-221.47120022773743,5.291323650628328,54.87470384687185
-120.77668921000003,71456,188,,379,82.03,,1132,0.0005,7.258428615841694e-05,17664,-202.9647831916809,5.6270965076982975,45.4708910882473
-120.39736305999999,71776,187,,382,81.94,,1136,0.0005,7.032734583845013e-05,17728,-196.6914999485016,5.594530515372753,53.16741827875376
-115.48079132,72096,188,,382,81.58,,1140,0.0005,6.816393954522937e-05,17792,-193.38637948036194,5.380213733762503,31.361975617706776
-118.22795369,72448,187,,385,81.66,,1144,0.0005,6.612996151034167e-05,17856,-186.34865474700928,5.5589695163071156,36.38262052834034
-116.70072302,72736,187,,388,79.99,,1148,0.0005,6.222496608643269e-05,17984,-202.28101420402527,5.396703325212002,39.25344164669514
-114.26989918000001,73248,186,,391,82.34,,1152,0.0005,5.82374225359672e-05,18112,-222.5979335308075,5.588036220520735,42.058878503739834
-109.28783301000001,73536,187,,392,82.68,,1156,0.0005,5.6292599595053616e-05,18176,-212.35347509384155,5.435228805989027,54.79189622402191
-109.98974576999998,73856,187,,394,83.85,,1160,0.0005,5.44725961617587e-05,18240,-209.84216141700745,5.526461586356163,50.83991162478924
-108.20310343000001,74048,187,,395,84.37,,1164,0.0005,5.2699939601552614e-05,18304,-222.51978087425232,5.582334533333778,66.33383477851748
-104.31962653999999,74656,187,8.281115117931177,397,87.24,17.802357919334415,1168,0.0005,4.923466673290022e-05,18432,-219.72319674491882,5.547849226742983,53.823006227612495
-104.67835953,74944,187,,400,87.89,,1172,0.0005,4.763894884263209e-05,18496,-215.87509727478027,5.657234288752079,53.46171300858259
-99.10287934999998,75328,186,,404,89.33,,1176,0.0005,4.471500147928964e-05,18624,-214.98835802078247,5.550588630139828,46.603172339499
-99.77835624000001,75744,186,,405,88.38,,1180,0.0005,4.330439361410754e-05,18688,-217.1007535457611,5.354389101266861,43.47655439376831
-98.07106105999999,76096,186,,407,91.26,,1184,0.0005,4.058819354213483e-05,18816,-214.85161876678467,5.446983460336924,44.762309685349464
-92.86110284,76448,185,22.42601533483175,411,92.78,23.215290465295414,1188,0.0005,3.931523536948589e-05,18880,-217.58735299110413,5.596488147974014,62.39425701647997
-95.08917912999999,76736,185,,412,92.76,,1192,0.0005,3.807398530852879e-05,18944,-220.91049146652222,5.497751247137785,53.58161783963442
-98.17688849999996,77024,185,,415,91.87,,1196,0.0005,3.682438943997113e-05,19008,-239.8872368335724,5.3594700917601585,51.599403604865074
-94.39569962999998,77216,185,28.15066042475457,415,91.89,26.04298257242237,1200,0.0005,3.5590811364727415e-05,19072,-223.40178513526917,5.649845436215401,43.41527618467808
-93.17214290999999,77600,185,,417,90.72,,1204,0.0005,3.32650027417003e-05,19200,-231.4157817363739,5.531517453491688,51.60507608950138
-92.94761593000003,77792,186,,417,90.49,,1208,,,,,,
-94.31733913,78080,185,,421,87.73,,1212,0.0005,3.221234726424882e-05,19264,-219.1445779800415,5.66084610670805,54.108456298708916
-95.80494543,78208,185,,422,85.74,,1216,0.0005,3.118568105264785e-05,19328,-236.87942790985107,5.55325411260128,68.4574687704444
-95.55151945,78464,184,,425,86.77,,1220,0.0005,3.0173936238497845e-05,19392,-226.48126482963562,5.517030246555805,51.55877289175987
-92.82303755,79072,184,,428,86.66,,1224,0.0005,2.8283314406962745e-05,19520,-217.90350341796875,5.592480078339577,43.808882370591164
-91.78214146999998,79232,184,,429,84.14,,1228,0.0005,2.742384276643861e-05,19584,-215.0406153202057,5.650252468883991,62.90538638085127
-92.16904339000001,79872,183,,434,80.75,,1232,0.0005,2.5679413596435552e-05,19712,-225.6625292301178,5.674331746995449,57.8961960747838
-93.77773282,80000,184,,434,82.22,,1236,0.0005,2.486744816110331e-05,19776,-232.2123565673828,5.409885615110397,45.637552224099636
-97.06462868,80352,184,,435,82.06,,1240,0.0005,2.4090128590614768e-05,19840,-231.53080439567566,5.583013784140348,50.51740787923336
-95.96663288999999,80704,184,,437,81.34,,1244,0.0005,2.262298670530072e-05,19968,-239.4459583759308,5.708981923758984,64.36263425648212
-91.85829039000001,81376,184,,440,84.33,,1248,0.0005,2.1198808724420815e-05,20096,-250.34387612342834,5.540448218584061,72.82194316387177
-92.85673428999999,81504,183,,443,82.23,,1252,0.0005,2.0499816741903487e-05,20160,-240.44317507743835,5.534342605620623,55.509283766150475
-94.38486554,81888,184,,444,80.5,,1256,0.0005,1.983168471042518e-05,20224,-249.50060629844666,5.301994927227497,43.19315505772829
-96.47371363000002,82144,183,,447,79.32,,1260,0.0005,1.9195519655568205e-05,20288,-240.4207558631897,5.633982885628939,54.7585189267993
-92.87590436,82272,183,8.435240971999892,447,80.96,16.216971827058327,1264,0.0005,1.859307914742203e-05,20352,-240.12522411346436,5.415166694670916,44.19109724462032
-93.76872907,82912,184,,450,79.91,,1268,0.0005,1.7454421822549193e-05,20480,-238.63218593597412,5.435794539749622,46.91604112833738
-91.46729126999998,83232,183,,453,82.07,,1272,0.0005,1.641692847442755e-05,20608,-233.03179717063904,5.667413912713528,60.50303379446268
-95.09200919999999,83424,184,23.40375501276963,453,80.79,24.16386286036079,1276,,,,,,
-89.36354118999999,83680,183,,456,81.41,,1280,0.0005,1.590401188877877e-05,20672,-246.72481107711792,5.750381097197533,50.40428230911493
-87.99215092,83872,183,,456,81.34,,1284,0.0005,1.5393513322692343e-05,20736,-257.0770785808563,5.587770190089941,53.09990831464529
-88.10638051000002,84032,182,,459,82.75,,1288,0.0005,1.4890242738374582e-05,20800,-238.1514856815338,5.734837181866169,53.08551117032766
-88.18733173000001,84224,183,,459,81.19,,1292,,,,,,
-86.24177177,84544,182,23.50377634067017,463,79.63,20.81270783449098,1296,0.0005,1.3959565450250011e-05,20928,-264.2312023639679,5.489769160747528,65.90281300991774
-89.55142177999998,84864,182,,463,78.11,,1300,0.0005,1.3511990630377113e-05,20992,-233.45116209983826,5.555703807622194,47.47190002351999
-90.18780691999999,85024,182,,466,78.12,,1304,0.0005,1.3102066176884364e-05,21056,-246.4405689239502,5.809798136353493,52.86679366230965
-90.98069362,85184,182,,466,77.17,,1308,,,,,,
-84.62360901000004,85568,181,,470,79.07,,1312,0.0005,1.228492374139023e-05,21184,-247.41577124595642,5.5579142309725285,59.7365193516016
-85.03196971999999,85856,182,23.811033401089574,471,77.06,20.40943918634327,1316,0.0005,1.1902589832857302e-05,21248,-242.28370094299316,5.627225659787655,58.8771913126111
-85.08179219,86016,181,,472,77.1,,1320,,,,,,
-91.34936893999999,86304,182,,473,76.59,,1324,0.0005,1.1170051763542688e-05,21376,-246.52904558181763,5.737700153142214,65.83507443219423
-92.14376103999999,86432,182,,473,76.61,,1328,,,,,,
-93.23039655999999,86880,182,,476,76.68,,1332,0.0005,1.0490934499784998e-05,21504,-239.33042097091675,5.671812482178211,41.46160851418972
-92.06955328,87264,182,,478,75.61,,1336,0.0005,1.0170393352382234e-05,21568,-261.41819977760315,5.662738591432571,60.98849415034056
-89.40419643000001,87616,182,,481,75.27,,1340,0.0005,9.525698402512717e-06,21696,-250.20929789543152,5.565459311008453,52.680415973067284
-87.25209815999999,88032,182,,481,75.39,,1344,0.0005,9.223292209981082e-06,21760,-256.3638439178467,5.392308689653873,42.563343681395054
-90.55010414,88288,182,,484,74.77,,1348,0.0005,8.936294776162867e-06,21824,-243.6620306968689,5.559964451938868,55.41964016854763
-90.90981171,88384,182,,484,74.83,,1352,0.0005,8.658070242972826e-06,21888,-269.3298466205597,5.742793306708336,51.649819545447826
-89.98695270000002,88640,181,,487,75.68,,1356,0.0005,8.37960543265126e-06,21952,-260.06336522102356,5.473685402423143,61.91476085782051
-88.84084345000001,89024,182,,487,75.83,,1360,0.0005,8.103462818098706e-06,22016,-266.52911615371704,5.616264320909977,56.471891202032566
-92.49307676000001,89248,182,,489,73.37,,1364,0.0005,7.843641483873398e-06,22080,-269.3568329811096,5.399124022573233,55.91446145623922
-92.67971351999999,89536,182,9.843122927622284,490,71.97,19.241323941570176,1368,0.0005,7.5913250370263086e-06,22144,-261.22109818458557,5.624613296240568,70.58235101401806
-94.24940411000001,89696,181,,492,69.19,,1372,0.0005,7.350312294818195e-06,22208,-264.8528323173523,5.814011141657829,56.89300645887852
-90.65732215,90048,182,,493,70.5,,1376,0.0005,7.1142888629083245e-06,22272,-264.6188178062439,5.309770911931992,48.5988592505455
-93.10794691,90432,182,,495,69.46,,1380,0.0005,6.671794182011581e-06,22400,-273.9114234447479,5.438875794410706,47.32059007883072
-93.84892219000001,90848,182,,499,67.04,,1384,0.0005,6.455064109900377e-06,22464,-266.02387714385986,5.543552976101637,57.046922102570534
-96.74520004000001,91008,182,,499,64.61,,1388,0.0005,6.250437955657162e-06,22528,-262.89027214050293,5.437112860381603,44.03671994805336
-96.59454806,91264,181,19.08460356210134,502,65.44,20.65256327789308,1392,0.0005,6.0589805741528835e-06,22592,-263.5717113018036,5.6095800176262856,48.26145397871733
-95.61510045999998,91488,181,,503,68.33,,1396,0.0005,5.868223148297602e-06,22656,-261.43434476852417,5.452563796192408,48.03516374528408
-95.01219662000001,91904,181,,505,68.28,,1400,0.0005,5.6898089368928595e-06,22720,-263.0705246925354,5.569958906620741,46.605412900447845
-95.16440162999999,92192,181,23.794753642920558,508,68.45,24.279804749218382,1404,0.0005,5.337341370648119e-06,22848,-271.78538608551025,5.371353320777416,47.45919192582369
-90.71048678999999,92416,181,,508,69.63,,1408,,,,,,
-93.1195315,92576,181,,509,69.84,,1412,0.0005,5.167318406051891e-06,22912,-276.47302865982056,5.220851480960846,42.35451913997531
-91.24140072000002,92960,181,,512,71.2,,1416,0.0005,4.8343253311600165e-06,23040,-275.05529499053955,5.386075980961323,56.58838426321745
-92.18043591999997,93216,181,,514,70.19,,1420,0.0005,4.68023620214808e-06,23104,-279.41129326820374,5.500376388430595,56.59063405543566
-86.09511358,93536,181,,515,70.13,,1424,0.0005,4.528859548713626e-06,23168,-282.5462393760681,5.5413660407066345,53.17123208940029
-82.69923064999999,93664,181,,515,70.99,,1428,,,,,,
-79.11045870999999,93856,180,,518,71.23,,1432,0.0005,4.384184478567477e-06,23232,-281.3240427970886,5.447502687573433,66.84843730181456
-78.69142518,94112,181,15.743903453986775,519,71.92,22.28133603889175,1436,0.0005,4.240547589517973e-06,23296,-282.77826380729675,5.690911196172237,50.88505690544844
-77.11626943,94272,180,,522,71.71,,1440,0.0005,4.106009150461887e-06,23360,-291.1706199645996,5.250377465039492,50.76015334576368
-80.15066024000002,94752,180,,525,71.26,,1444,0.0005,3.838180212767384e-06,23488,-288.7153835296631,5.511989142745733,46.56181684136391
-80.80608941,95168,180,,526,70.77,,1448,0.0005,3.715095047596151e-06,23552,-287.20268869400024,5.645967740565538,59.12640247493982
-78.56621447,95648,180,,529,70.84,,1452,0.0005,3.477044366206883e-06,23680,-314.76541566848755,5.795530706644058,74.57937049865723
-78.54212274,95904,179,,532,70.14,,1456,0.0005,3.3577811002771796e-06,23744,-296.87263202667236,5.449234627187252,54.23193638026714
-76.39063125000001,96320,179,,536,71.11,,1460,0.0005,3.139710521793404e-06,23872,-308.367639541626,5.246722765266895,51.12627359479666
-72.88818464,96480,179,,536,71.85,,1464,,,,,,
-74.16126174,96736,180,,537,71.67,,1468,0.0005,3.0371350199231983e-06,23936,-304.5092134475708,5.659355916082859,64.35279702395201
-69.16556309,97088,179,,539,74.07,,1472,0.0005,2.841929703123469e-06,24064,-299.4476227760315,5.533533174544573,55.290030263364315
-71.37984914999998,97376,179,,543,73.71,,1476,0.0005,2.7507538398197084e-06,24128,-308.77397108078003,5.442397341132164,40.41902385652065
-67.05557230000001,97600,179,,544,75.1,,1480,0.0005,2.6631758700546015e-06,24192,-304.4749069213867,5.531903587281704,46.04750320315361
-67.09409579,97920,179,,546,75.76,,1484,0.0005,2.5765528341992194e-06,24256,-310.53367471694946,5.531389392912388,50.25779481977224
-65.91515606999998,98336,178,,549,74.97,,1488,0.0005,2.4142256300763165e-06,24384,-303.7813549041748,5.684919357299805,56.0389758348465
-63.93484772,98752,179,10.11169593022186,550,73.11,18.69957698345784,1492,0.0005,2.338620650021994e-06,24448,-302.4425973892212,5.549959015101194,70.80252442508936
-64.18721498,98944,178,,553,72.92,,1496,0.0005,2.265186175520739e-06,24512,-304.14091873168945,5.757565267384052,59.030242308974266
-61.31357485,99200,179,,553,73.89,,1500,0.0005,2.1936510528064446e-06,24576,-311.9488558769226,5.449830029159784,69.73603627830744
-61.05816567,99392,178,,556,73.88,,1504,0.0005,2.123271393372761e-06,24640,-306.667112827301,5.388523392379284,41.86055441200733
-64.68448724999999,99840,178,,559,72.65,,1508,0.0005,2.0554880926226815e-06,24704,-309.62229919433594,5.595171339809895,41.93068511784077
-65.66615378,100064,178,,559,72.13,,1512,0.0005,1.990089526060501e-06,24768,-314.5455322265625,5.561801880598068,44.828836269676685
-67.70955586,100352,178,23.35541178965014,561,72.27,22.953999841789344,1516,0.0005,1.925665099378193e-06,24832,-318.87888383865356,5.421456106007099,44.71369280666113
-67.66383717000001,100576,179,,561,72.9,,1520,0.0005,1.8644065153949896e-06,24896,-309.52725410461426,5.5646314807236195,60.52573500573635
-65.76381124000001,100768,179,,562,74.9,,1524,0.0005,1.8051375239025447e-06,24960,-314.2161874771118,5.19316578283906,48.4654593616724
-65.44756281999999,101152,179,18.99842182016044,564,73.35,21.79178816501249,1528,0.0005,1.692531462538227e-06,25088,-303.4399633407593,5.563685700297356,63.543239161372185
-63.398732720000005,101472,178,,567,75.24,,1532,0.0005,1.6405503568961421e-06,25152,-306.4764323234558,5.241029594093561,49.063072979450226
-59.58173291,101600,179,,567,75.39,,1536,,,,,,
-57.48982048,102048,178,,570,75.39,,1540,0.0005,1.538068346462751e-06,25280,-335.57231092453003,5.48485017567873,59.26924055069685
-53.96014875999998,102176,179,29.099100646592607,570,76.05,25.31811412476741,1544,0.0005,1.4871495483959052e-06,25344,-323.785183429718,5.366757418960333,55.4310854524374
-52.30703302999999,102336,179,,570,74.7,,1548,,,,,,
-54.97789948999999,102848,179,,573,75.14,,1552,0.0005,1.3938158911486198e-06,25472,-319.07691764831543,5.598509091883898,67.76769302785397
-54.27721098,103200,178,,577,74.25,,1556,0.0005,1.305364717651969e-06,25600,-323.31940841674805,5.387607853859663,59.319736175239086
-52.173996749999986,103552,178,27.921635386551092,579,74.18,26.50921609293528,1560,0.0005,1.2634278725442982e-06,25664,-336.512375831604,5.456518784165382,54.30283139646053
-54.83683152999999,103744,178,,580,74.14,,1564,0.0005,1.2222745464640639e-06,25728,-340.20010566711426,5.394407510757446,56.790453623980284
-52.50650487000001,103904,179,,580,74.66,,1568,,,,,,
-55.23933076,104032,178,,583,72.55,,1572,0.0005,1.1825188348524307e-06,25792,-325.4014401435852,5.599129889160395,53.14053640514612
-52.32232311,104704,178,,586,72.46,,1576,0.0005,1.1083913520337774e-06,25920,-331.8526682853699,5.55315699800849,73.19407078623772
-55.40507728999999,105056,178,,589,71.22,,1580,0.0005,1.0397161354092077e-06,26048,-334.2854018211365,5.502151720225811,64.13390186429024
-53.438202520000004,105216,178,,589,70.45,,1584,,,,,,
-48.581522400000004,105536,178,,592,71.09,,1588,0.0005,9.731199046569827e-07,26176,-336.6948184967041,5.370502043515444,64.1555133908987
-44.86574570999999,105728,178,,592,71.79,,1592,,,,,,
-44.64464217,106016,178,,594,73.34,,1596,0.0005,9.138609575742862e-07,26304,-334.97433948516846,5.324776515364647,47.16433767974377
-42.935758939999985,106624,178,14.649443905563064,597,74.71,21.256797240489988,1600,0.0005,8.571949976499127e-07,26432,-341.58013439178467,5.606089353561401,55.45663055032492
-44.194469330000004,106976,178,,597,75.23,,1604,0.0005,8.298789833105502e-07,26496,-335.5435137748718,5.296514071524143,57.04942198097706
-41.74856589,107072,178,,599,75.32,,1608,0.0005,8.037825232065643e-07,26560,-336.9377484321594,5.319047279655933,59.260358735919
-44.199625139999995,107360,178,,600,74.51,,1612,0.0005,7.781232378434311e-07,26624,-347.57795238494873,5.46782410889864,54.96304678916931
-44.604205979999996,107520,178,,602,74.58,,1616,,,,,,
-42.29877136,107968,179,,602,75.31,,1620,0.0005,7.276585121118728e-07,26752,-341.5008645057678,5.321326334029436,49.01015619933605
-44.7792575,108128,178,19.66947020869003,605,72.67,20.94506613954318,1624,0.0005,7.04706843990266e-07,26816,-352.03387355804443,5.35434378311038,55.26166419684887
-41.55276440999999,108320,178,,606,74.39,,1628,0.0005,6.817187108154599e-07,26880,-359.38144874572754,5.506612561643124,64.04505040496588
-41.674031350000014,108512,178,,606,73.36,,1632,,,,,,
-43.51301192999999,108800,178,,608,73.31,,1636,0.0005,6.598180375405605e-07,26944,-337.32129859924316,5.50800808519125,69.14665223658085
-44.02344162,109120,178,,611,72.46,,1640,0.0005,6.192994268516827e-07,27072,-343.2524313926697,5.296753313392401,64.25376626104116
-44.53401003999999,109440,178,,612,71.71,,1644,0.0005,5.996989340673053e-07,27136,-355.6079659461975,5.508796319365501,59.35691525787115
-45.492833389999994,109600,178,,613,72.74,,1648,0.0005,5.805994494068045e-07,27200,-350.80170917510986,5.604111284017563,68.20585764944553
-44.85796959999999,109920,178,24.25786333362607,614,70.95,24.241177987251408,1652,0.0005,5.621932244181949e-07,27264,-343.1205153465271,5.511378854513168,69.2560170814395
-44.69488071,110016,179,,614,72.23,,1656,,,,,,
-43.194072549999994,110176,178,,615,71.81,,1660,0.0005,5.450623019598311e-07,27328,-346.3503727912903,5.392984926700592,52.64494226127863
-41.96386324,110656,178,,619,70.43,,1664,0.0005,5.106673190979905e-07,27456,-362.6746459007263,5.480703018605709,39.72403088584542
-46.41075069000001,110912,178,,620,69.42,,1668,0.0005,4.941033946437301e-07,27520,-357.123131275177,5.256373405456543,52.616789162158966
-44.23484954,111424,178,,623,70.2,,1672,0.0005,4.630086594126226e-07,27648,-370.42260456085205,5.27899319678545,59.29124975949526
-45.020748329999996,111680,178,,626,70.17,,1676,0.0005,4.4775174368183457e-07,27712,-368.78137826919556,5.428879328072071,66.85830151289701
-41.08700667999999,112000,178,,627,69.63,,1680,0.0005,4.3370614255522355e-07,27776,-344.5421495437622,5.6193858832120895,76.59326625615358
-43.927027089999996,112320,178,,630,70.02,,1684,0.0005,4.2047890591589976e-07,27840,-351.6967988014221,5.43335909023881,55.72862760722637
-44.4331228,112576,178,,630,70.99,,1688,0.0005,4.075200163988768e-07,27904,-349.05451488494873,5.731694594025612,70.72975923120975
-44.978594279999996,112896,178,,632,70.82,,1692,0.0005,3.948817179910691e-07,27968,-363.4697871208191,5.335039604455233,51.36032681912184
-42.905891870000005,112992,178,,633,70.92,,1696,0.0005,3.8219092601821103e-07,28032,-358.4669699668884,5.453652992844582,63.77544002234936
-45.12342731999999,113248,178,,635,69.37,,1700,0.0005,3.7057809443297174e-07,28096,-346.44491720199585,5.5021786615252495,59.23729075118899
-44.036722870000006,113536,178,11.462435903077905,635,68.33,17.17758426565089,1704,0.0005,3.5900807171529436e-07,28160,-364.93538093566895,5.508354336023331,54.97755120694637
-43.793644369999996,113696,178,,638,69.55,,1708,0.0005,3.477825201159135e-07,28224,-365.6158924102783,5.51992255076766,62.95451204478741
-42.888147520000004,113888,178,,638,69.74,,1712,,,,,,
-42.2663118,114112,178,,638,68.11,,1716,0.0005,3.3653377373710214e-07,28288,-371.68199729919434,5.236896298825741,47.164174776524305
-39.895602659999994,114560,178,,641,67.08,,1720,0.0005,3.1534162525659326e-07,28416,-361.36247730255127,5.529871869832277,63.30719921737909
-43.03733494,114688,178,,643,66.27,,1724,,,,,,
-44.56596374000001,114880,178,,644,66.16,,1728,0.0005,3.0547952656334587e-07,28480,-360.60917377471924,5.291023209691048,48.82008741796017
-47.19504499999999,115040,178,,644,65.23,,1732,0.0005,2.959019584913847e-07,28544,-373.61340379714966,5.397510215640068,48.77795532345772
-48.40450425,115200,178,,646,64.34,,1736,,,,,,
-52.29127634000001,115808,178,,648,64.42,,1740,0.0005,2.6875309933060976e-07,28736,-376.3103332519531,5.367225158959627,64.65978264063597
-52.942025439999995,115936,178,,648,63.7,,1744,,,,,,
-50.26895863000001,116064,178,,649,63.09,,1748,0.0005,2.602822410935346e-07,28800,-365.98192071914673,5.510198704898357,62.345779821276665
-48.91685699,116608,178,,653,64.6,,1752,0.0005,2.4358004635516295e-07,28928,-394.8327579498291,5.469867210835218,67.32166215032339
-49.66320454000001,116928,178,,655,64.07,,1756,0.0005,2.3560034523306683e-07,28992,-383.45772981643677,5.352289661765099,60.45263845473528
-47.871517139999995,117120,178,,655,64.91,,1760,0.0005,2.2812543498673676e-07,29056,-376.49170207977295,5.554356127977371,56.048687279224396
-48.232487340000006,117280,178,,657,65.13,,1764,0.0005,2.2064500337926063e-07,29120,-409.24701833724976,5.546952776610851,66.50996849685907
-47.00458272,117696,178,,658,67.29,,1768,0.0005,2.1338739863985268e-07,29184,-399.3970627784729,5.369415208697319,61.494934141635895
-47.58718093,117856,178,10.415151841876739,661,68.12,18.115630978825525,1772,0.0005,2.063527195783621e-07,29248,-389.89531087875366,5.2881911508738995,53.04765688627958
-49.95774044000001,118208,178,,662,68.11,,1776,0.0005,1.997303000766948e-07,29312,-398.67045736312866,5.54573692008853,60.33464589715004
-55.624567879999994,118720,178,,664,67.34,,1780,0.0005,1.8714862837221347e-07,29440,-376.57182693481445,5.4859973564744,67.74848134815693
-58.644056060000004,119040,178,28.987167285435934,666,65.45,23.26724830504827,1784,0.0005,1.8126049394773247e-07,29504,-408.03652572631836,5.696530714631081,84.28134878724813
-56.84303394000001,119360,178,,670,66.93,,1788,0.0005,1.6956249870858642e-07,29632,-408.88672256469727,5.8344456404447556,65.33018660545349
-55.53498896,119680,178,,670,67.38,,1792,0.0005,1.642002473989379e-07,29696,-385.52270793914795,5.4499444626271725,52.529347613453865
-56.49877936,120032,178,,672,66.47,,1796,0.0005,1.5903386585414125e-07,29760,-398.47564125061035,5.247185133397579,62.14501656591892
-59.082038329999996,120192,178,,672,66.01,,1800,0.0005,1.5391120089525145e-07,29824,-412.0296540260315,5.607821971178055,64.31927963346243
-60.50830920000001,120416,178,,675,65.93,,1804,0.0005,1.489033736312706e-07,29888,-392.1460003852844,5.750895082950592,65.16480551660061
-59.49176889,120768,178,,676,68.02,,1808,0.0005,1.4433098605159955e-07,29952,-382.21317291259766,5.377512447535992,41.384566962718964
-60.38522429,120928,178,,679,68.97,,1812,0.0005,1.3990253866502655e-07,30016,-388.1215772628784,5.435457177460194,47.695956006646156
-57.66638572,121344,178,,680,70.38,,1816,0.0005,1.355694252413997e-07,30080,-395.8738899230957,5.377556528896093,69.07144173234701
-62.1299646,121696,178,,681,70.32,,1820,0.0005,1.269237712708815e-07,30208,-412.5962438583374,5.334428891539574,48.20011104643345
-60.44545241000001,121792,178,,681,69.91,,1824,,,,,,
-61.02055131,121952,178,,683,69.06,,1828,0.0005,1.2284481032409644e-07,30272,-410.05244636535645,5.415222328156233,65.31630199402571
-56.56730130999999,122144,178,,684,68.9,,1832,0.0005,1.1880074879400127e-07,30336,-424.9029030799866,5.47257624194026,52.75289274007082
-56.02646734999999,122400,178,,686,70.17,,1836,0.0005,1.1487967910284169e-07,30400,-414.09318017959595,5.435327358543873,60.22607336193323
-52.401175069999994,122624,178,,686,70.94,,1840,,,,,,
-51.53953781999999,123040,178,,689,71.36,,1844,0.0005,1.0787474769013983e-07,30528,-399.75642013549805,5.43617656826973,48.152551636099815
-51.96074218,123296,178,,689,71.87,,1848,0.0005,1.0457975729849522e-07,30592,-400.11825466156006,5.263402700424194,46.32701673358679
-55.84336254000001,123616,178,,692,71.07,,1852,0.0005,1.0126611960092902e-07,30656,-418.7215881347656,5.667826421558857,77.99358635395765
-53.54962033999999,123776,178,,692,69.57,,1856,0.0005,9.798637068403337e-08,30720,-419.99778175354004,5.620269015431404,73.56437692791224
-54.7173252,123840,178,,692,70.67,,1860,,,,,,
-54.39423661,124288,178,8.892694098214536,696,71.41,16.304171107080148,1864,0.0005,9.180787075013797e-08,30848,-410.23018312454224,5.516170851886272,65.61302901804447
-52.74171223999999,124512,178,,698,70.31,,1868,0.0005,8.890816483031472e-08,30912,-409.8543405532837,5.658323861658573,80.96180089563131
-53.633756620000014,124672,178,,698,68.3,,1872,,,,,,
-51.977426560000005,124800,178,,699,68.41,,1876,0.0005,8.616011992756967e-08,30976,-399.32479190826416,5.64968679100275,55.496482990682125
-52.91146829,125120,177,26.76451135389107,702,68.81,24.59439307338688,1880,0.0005,8.353098157609651e-08,31040,-411.4774351119995,5.628432810306549,75.85559758543968
-48.252666760000004,125248,178,,703,69.35,,1884,0.0005,8.089816172507369e-08,31104,-409.6083359718323,5.566337954252958,71.75863440334797
-53.40737544,125504,177,,705,66.34,,1888,0.0005,7.836123971927123e-08,31168,-417.1249256134033,5.518742386251688,96.8002193942666
-55.66511768,125824,178,,706,66.52,,1892,0.0005,7.585729078218861e-08,31232,-424.63301038742065,5.706395484507084,85.36335216462612
-57.36825038,126176,178,,708,66.0,,1896,0.0005,7.349297970193902e-08,31296,-404.1164536476135,5.481480650603771,75.83101034909487
-53.62265394,126464,178,,709,64.93,,1900,0.0005,7.121790002173611e-08,31360,-417.22621631622314,5.59848165512085,68.45285333693027
-49.58002735,126624,178,,710,64.67,,1904,0.0005,6.898415116918244e-08,31424,-414.7559380531311,5.646519105881453,71.74848502129316
-47.45112999,126848,178,24.47307827509786,710,61.06,23.613640399285128,1908,0.0005,6.678747543897856e-08,31488,-426.00611114501953,5.34629425778985,70.66676550358534
-49.19230817,126880,178,,710,61.37,,1912,,,,,,
-49.72816459,127232,178,,713,60.25,,1916,0.0005,6.466408475347407e-08,31552,-422.90653705596924,5.423118341714144,66.6048194617033
-47.38470810999999,127520,177,,716,60.53,,1920,0.0005,6.067650404339986e-08,31680,-421.6003122329712,5.425539199262857,67.3652054965496
-45.787936200000004,128000,178,,718,61.52,,1924,0.0005,5.873056113658848e-08,31744,-439.87650966644287,5.621804587543011,69.32271441817284
-44.134465060000004,128416,178,27.28721407805559,719,61.5,22.409527776266657,1928,0.0005,5.507540573601588e-08,31872,-424.3180932998657,5.54083464294672,64.37157622724771
-43.826265770000006,128576,178,,721,63.26,,1932,0.0005,5.3333946647970976e-08,31936,-430.9492120742798,5.440540850162506,70.52289362624288
-45.965362279999994,128896,178,,722,61.68,,1936,0.0005,5.162915706069526e-08,32000,-435.99665784835815,5.43530573323369,66.03902954608202
-43.39110448,128960,178,,722,61.85,,1940,,,,,,
-43.00649225,129312,178,,725,63.47,,1944,0.0005,4.834772998618675e-08,32128,-437.73520135879517,5.393053986132145,46.629161186516285
-40.5553672,129632,178,,726,64.15,,1948,0.0005,4.6809911891099176e-08,32192,-432.84502124786377,5.339451719075441,54.55566170811653
-36.43671104,129856,178,,727,64.79,,1952,0.0005,4.532467134943374e-08,32256,-446.4781770706177,5.3680803924798965,70.22920649498701
-42.09959129,129952,178,,727,65.1,,1956,,,,,,
-41.88353872,130080,178,,729,64.44,,1960,0.0005,4.3854692821643226e-08,32320,-439.5742859840393,5.464103423058987,71.03841112554073
-43.99332584999999,130400,178,,730,63.02,,1964,0.0005,4.246265528085047e-08,32384,-438.723979473114,5.604954496026039,70.81804861873388
-43.883883479999994,130752,178,18.625589624047183,732,62.67,17.596178914673242,1968,0.0005,4.110777351851169e-08,32448,-444.4150490760803,5.8303045853972435,73.47973944246769
-42.14726076,131168,178,,735,62.09,,1972,0.0005,3.853151459010107e-08,32576,-445.1273856163025,5.568089038133621,60.36058411747217
-41.97967092,131328,178,,735,61.73,,1976,,,,,,
-37.027637739999996,131712,178,,738,63.47,,1980,0.0005,3.6091370614332874e-08,32704,-451.9207344055176,5.528127156198025,63.98287810012698
-38.99705575999999,132000,178,14.609935895302135,739,63.3,17.88681302605574,1984,0.0005,3.493892031247725e-08,32768,-436.0579423904419,5.723745364695787,67.60827583819628
-34.29466318,132288,178,,742,64.73,,1988,0.0005,3.386776947778003e-08,32832,-429.2895941734314,5.471401013433933,70.50307086110115
-33.95554253000001,132480,178,,743,64.65,,1992,0.0005,3.2829055196526014e-08,32896,-435.04611444473267,5.527161542326212,71.00237671285868
-31.787343730000003,132768,177,,745,65.77,,1996,0.0005,3.180568131089245e-08,32960,-447.37047815322876,5.498934891074896,57.447701413184404
-32.26511776000001,133248,177,,748,65.84,,2000,0.0005,2.982232860659906e-08,33088,-448.79867124557495,5.563004307448864,72.90740340203047
-36.99550616,133472,178,,749,66.63,,2004,0.0005,2.8869342860726732e-08,33152,-455.6756353378296,5.478305220603943,55.28517807275057
-38.406174889999996,133568,178,,749,66.9,,2008,,,,,,
-39.06198397,133696,178,,750,67.79,,2012,0.0005,2.7956334441858743e-08,33216,-451.14962673187256,5.549596466124058,56.703333515673876
-38.52096653,133760,178,,750,68.32,,2016,,,,,,
-43.11645478,133984,178,,750,67.55,,2020,0.0005,2.7062126345400728e-08,33280,-463.42773485183716,5.726450227200985,83.25947278738022
-43.20728270000001,134464,178,18.682521945917927,752,67.58,20.216100358579713,2024,0.0005,2.5351755861269254e-08,33408,-452.8300085067749,5.810925215482712,71.5659192726016
-51.587993620000006,134592,178,,752,65.81,,2028,,,,,,
-54.36286215,134816,178,,755,65.32,,2032,0.0005,2.4552810617972654e-08,33472,-455.3343677520752,5.508915904909372,55.364628210663795
-51.95807607,135008,178,,756,66.55,,2036,0.0005,2.3781632052521928e-08,33536,-442.98729610443115,5.480583854019642,74.85340417921543
-52.29870754999999,135392,178,,758,65.96,,2040,0.0005,2.303864601871375e-08,33600,-456.99734592437744,5.589394807815552,57.199128068983555
-52.81262134999999,135712,178,24.65388536720528,760,64.1,22.44367279096078,2044,0.0005,2.163378465258603e-08,33728,-444.84375381469727,5.553138814866543,68.40652419254184
-50.691146639999985,135936,178,,761,64.66,,2048,,,,,,
-52.35051093000001,136256,178,,763,63.39,,2052,0.0005,2.032261625650733e-08,33856,-454.0239143371582,5.715081937611103,62.14472579956055
-47.54281927000001,136512,178,,764,63.45,,2056,0.0005,1.9675520324113904e-08,33920,-466.02748823165894,5.481381140649319,73.4488262720406
-50.18362357000001,136672,178,,764,63.47,,2060,,,,,,
-49.046661050000004,137120,178,,766,64.09,,2064,0.0005,1.8444633348435602e-08,34048,-445.13192558288574,5.219657100737095,50.77028298377991
-46.73458389,137344,178,,768,65.4,,2068,0.0005,1.787179271239836e-08,34112,-460.7432918548584,5.605014927685261,70.76825124770403
-47.501944249999994,137632,178,,769,66.4,,2072,0.0005,1.7310391425828797e-08,34176,-450.6683597564697,5.632563598453999,67.56837770342827
-46.24130455,137984,178,,771,67.11,,2076,0.0005,1.677451300086119e-08,34240,-462.65653944015503,5.556253910064697,79.64609530568123
-47.86595342999999,138080,178,11.452002109203546,771,66.99,19.107429277809043,2080,0.0005,1.6240798234035125e-08,34304,-464.6037349700928,5.565521746873856,82.35234490036964
-48.05799808,138240,178,,774,67.38,,2084,,,,,,
-54.87521486,138624,178,,776,66.35,,2088,0.0005,1.5232193811831607e-08,34432,-457.28991651535034,5.591388434171677,75.2014283016324
-55.234164570000004,138944,178,,778,65.88,,2092,0.0005,1.475240248016707e-08,34496,-472.9258236885071,5.8431093990802765,64.31648602336645
-56.206579850000004,139104,178,,778,64.36,,2096,0.0005,1.4287963714942897e-08,34560,-455.4474763870239,5.382863957434893,74.55931585282087
-58.09285533,139264,178,,781,65.13,,2100,,,,,,
-54.99264852999999,139552,178,,782,64.42,,2104,0.0005,1.3404636220459842e-08,34688,-464.491578578949,5.530901201069355,57.36355026438832
-53.25646571999999,139744,178,,782,63.88,,2108,,,,,,
-55.035236210000015,140096,178,21.776234276824127,786,62.39,22.42137665421688,2112,0.0005,1.256934623050654e-08,34816,-469.9028367996216,5.476445432752371,53.637623216956854
-53.772049429999996,140512,177,,789,62.92,,2116,0.0005,1.2173280453109392e-08,34880,-464.4902687072754,5.440936930477619,63.2251348644495
-48.81830426,140832,177,,793,62.43,,2120,0.0005,1.1419843889970416e-08,35008,-469.36365127563477,5.762251887470484,61.953902803361416
-48.72346250999999,141152,177,,793,62.75,,2124,0.0005,1.1060973886811709e-08,35072,-472.4265651702881,5.446805059909821,54.71704459190369
-40.137454039999994,141312,177,,795,64.47,,2128,,,,,,
-37.097030690000004,141408,177,,796,66.18,,2132,0.0005,1.0710022896320837e-08,35136,-485.4362196922302,5.734214913100004,83.01738739013672
-36.30825392,141792,177,,797,65.12,,2136,0.0005,1.0365749633645116e-08,35200,-475.57648754119873,5.7624137327075005,61.72985300421715
-36.075532939999995,142048,177,,799,65.49,,2140,0.0005,1.0035020051035737e-08,35264,-488.2803273200989,5.426523797214031,48.936713725328445
-41.60224168999999,142208,177,,800,65.57,,2144,0.0005,9.712618181945132e-09,35328,-481.47218322753906,5.685045760124922,77.80685956776142
-43.956687169999995,142336,177,20.641990938617443,802,65.17,19.536087363614577,2148,,,,,,
-46.59417341,142656,177,,803,64.97,,2152,0.0005,9.111559617913656e-09,35456,-486.3397436141968,5.604969289153814,58.76998546719551
-46.37852415,142848,177,,804,65.41,,2156,,,,,,
-40.15137989,143072,177,,805,65.69,,2160,0.0005,8.81812563247042e-09,35520,-498.3026294708252,5.285296335816383,57.81776136159897
-41.90415958,143808,177,,808,65.99,,2164,0.0005,8.007835200496416e-09,35712,-469.5144443511963,5.745797283947468,79.72353406995535
-43.44217179999999,143936,177,27.604935984628447,811,64.91,24.43292041879562,2168,0.0005,7.756636929978633e-09,35776,-492.5250964164734,5.711734853684902,71.71615527570248
-45.171737169999986,144160,177,,812,64.45,,2172,0.0005,7.511653271619068e-09,35840,-477.0335307121277,5.741793490946293,88.41900575906038
-47.14834972,144448,177,,814,64.32,,2176,0.0005,7.278808354660438e-09,35904,-479.21673011779785,5.816438123583794,76.57905834168196
-44.932941989999996,145088,177,,817,64.64,,2180,0.0005,6.838432736744338e-09,36032,-477.61672353744507,5.479833409190178,80.13444321975112
-42.084884949999996,145216,177,,817,64.91,,2184,0.0005,6.623623774459908e-09,36096,-485.6595869064331,5.734176967293024,56.53217014670372
-33.977549769999996,145568,177,,820,66.01,,2188,0.0005,6.4170763286464094e-09,36160,-481.14982175827026,5.722665313631296,76.26037786900997
-31.491973859999998,145824,177,,820,67.1,,2192,0.0005,6.2179871529455255e-09,36224,-488.03361797332764,5.478283263742924,69.36010397225618
-31.700485569999998,145984,177,,823,67.57,,2196,0.0005,6.018520209982725e-09,36288,-496.7096495628357,5.684596613049507,77.40834536403418
-30.89661193,146048,177,,823,66.95,,2200,,,,,,
-33.77188047,146560,177,,826,67.66,,2204,0.0005,5.635369816625602e-09,36416,-493.5021367073059,5.345690421760082,39.82670057937503
-34.076395270000006,146880,177,,827,68.63,,2208,0.0005,5.45720041378317e-09,36480,-500.81760263442993,5.650336682796478,81.60001596808434
-30.694622050000003,147072,177,12.003343618974442,829,69.12,21.922264384433113,2212,0.0005,5.2820216325799585e-09,36544,-505.7818293571472,5.758723601698875,76.22552358359098
-30.039352309999998,147200,177,,829,69.74,,2216,,,,,,
-33.02334542,147584,177,,833,68.96,,2220,0.0005,4.954226792697192e-09,36672,-507.69423246383667,5.720487490296364,65.2171296402812
-30.965268429999995,147680,177,,833,69.69,,2224,,,,,,
-35.81512282,147968,177,,835,68.74,,2228,0.0005,4.79551082177565e-09,36736,-503.3974857330322,5.465312644839287,53.69214132428169
-37.1765861,148192,177,,835,69.14,,2232,0.0005,4.642807069354937e-09,36800,-502.0397653579712,5.643600761890411,88.17312052845955
-39.461157969999995,148448,177,,836,69.02,,2236,0.0005,4.496778290008496e-09,36864,-497.1865277290344,5.639478236436844,68.98689119145274
-43.523536959999994,148736,177,,839,67.94,,2240,0.0005,4.3558142578947745e-09,36928,-500.67217111587524,5.729330629110336,64.62525862082839
-44.04765542999999,149248,177,,843,67.98,,2244,0.0005,4.08721714806326e-09,37056,-495.6792426109314,5.51570538431406,78.89606872200966
-42.66000564,149344,177,18.531373710624983,843,68.15,22.07604122380124,2248,0.0005,3.959476746473456e-09,37120,-504.325053691864,5.681328516453505,69.44999847561121
-41.49809053999999,149568,176,,845,67.51,,2252,0.0005,3.833530867747292e-09,37184,-513.9003262519836,5.935525164008141,82.03992324322462
-43.68742510000001,149696,177,,845,67.59,,2256,,,,,,
-43.658436380000005,150016,177,,846,67.5,,2260,0.0005,3.710159915404354e-09,37248,-517.685938835144,5.690199866890907,71.32039541751146
-41.267035400000005,150176,177,,847,67.94,,2264,0.0005,3.590671548286961e-09,37312,-527.1807489395142,5.881978042423725,71.45380043238401
-42.92477611,150432,177,,847,67.58,,2268,0.0005,3.474929618357825e-09,37376,-498.4307141304016,5.746166709810495,64.34499246627092
-40.28394847000001,150880,177,,849,67.66,,2272,0.0005,3.2577411601675266e-09,37504,-521.6214714050293,5.60591197013855,69.17102160304785
-45.38525804000001,151072,177,,852,66.66,,2276,0.0005,3.1539966853511014e-09,37568,-520.1602621078491,5.764695260673761,85.11558280140162
-49.6082592,151296,177,,852,64.88,,2280,,,,,,
-49.739726709999985,151392,177,,853,64.45,,2284,0.0005,3.0531182373949584e-09,37632,-510.41700553894043,5.626911677420139,70.74324167519808
-50.586953709999996,151712,177,,854,65.13,,2288,0.0005,2.9570987498950263e-09,37696,-536.530487537384,5.8028381541371346,87.37918421253562
-52.70088503,151968,177,15.027443025133236,855,64.37,16.67762204148784,2292,0.0005,2.8598175043359486e-09,37760,-526.6683411598206,5.818612091243267,63.94725865870714
-52.36802707,152224,177,,858,65.43,,2296,0.0005,2.767086147020814e-09,37824,-537.166597366333,5.474468842148781,84.71599433198571
-55.61643291,152512,177,,859,64.74,,2300,0.0005,2.678706371300743e-09,37888,-529.6333003044128,5.92731311917305,81.16757153719664
-49.92767404999999,152896,177,,861,64.04,,2304,0.0005,2.5045636814491345e-09,38016,-546.7241187095642,5.563598833978176,64.23783370479941
-48.90491056,152992,177,,861,62.44,,2308,,,,,,
-51.479253230000005,153248,177,,864,62.58,,2312,0.0005,2.421622551790348e-09,38080,-559.5222849845886,5.792709201574326,68.4695200920105
-54.94408092999999,153440,177,12.81585185216933,864,60.76,20.840921428656568,2316,0.0005,2.342568160285108e-09,38144,-546.7173366546631,5.727905407547951,73.54167986661196
-53.56104506999999,153664,177,,867,61.09,,2320,0.0005,2.266887143276275e-09,38208,-532.2630934715271,5.750546097755432,77.79191430658102
-51.24891950999999,153856,177,,867,61.47,,2324,,,,,,
-46.14906384,154144,177,,870,62.72,,2328,0.0005,2.12809608476916e-09,38336,-525.4329805374146,5.6946739330887794,67.30455294251442
-48.06636656,154432,177,,870,60.16,,2332,0.0005,2.061224160104791e-09,38400,-541.7257680892944,5.826176304370165,85.06519712507725
-52.28954046999999,154560,177,22.92023610600687,870,60.74,22.558401682138555,2336,,,,,,
-47.755435850000005,154816,177,,872,61.18,,2340,0.0005,1.996138865312247e-09,38464,-523.2218194007874,5.516129061579704,73.33302178233862
-43.86799641,155232,177,,875,61.58,,2344,0.0005,1.8747165868304716e-09,38592,-522.7096652984619,5.7797543331980705,69.71307608857751
-40.59533027,155392,177,,876,62.75,,2348,,,,,,
-37.32374303,156000,177,,879,63.45,,2352,0.0005,1.7050485797559523e-09,38784,-516.187707901001,5.7677385956048965,77.31559127569199
-35.12800561,156192,177,,881,62.62,,2356,0.0005,1.6526296390401152e-09,38848,-542.1403141021729,5.879521958529949,63.69510458037257
-40.69086634000001,156384,177,,881,62.45,,2360,,,,,,
-40.57663295,156736,176,,885,62.56,,2364,0.0005,1.5488376553518535e-09,38976,-536.5632400512695,6.031623151153326,84.71812807768583
-36.70199545,157056,177,19.554469790482933,886,62.82,22.756863164298935,2368,0.0005,1.5000533922643333e-09,39040,-535.420024394989,5.910102687776089,76.58473275601864
-35.35495806,157408,176,,889,63.11,,2372,0.0005,1.4536869017561793e-09,39104,-517.6733856201172,5.773301385343075,67.4279744811356
-30.284951060000004,157632,177,,890,64.62,,2376,0.0005,1.4094911730822002e-09,39168,-524.4302730560303,5.671148739755154,73.89290335774422
-28.530591849999997,157984,176,,893,64.04,,2380,0.0005,1.3223282364915878e-09,39296,-537.677818775177,5.944787085056305,81.07618368417025
-28.804021029999998,158752,176,,900,66.37,,2384,0.0005,1.1999670077034175e-09,39488,-551.706901550293,5.759547591209412,68.77839060127735
-31.793552480000002,158912,176,,900,66.24,,2388,,,,,,
-32.035052199999996,159264,175,,904,65.84,,2392,0.0005,1.1258294851934636e-09,39616,-537.7301664352417,5.746329631656408,73.55369604378939
-31.321338199999996,159648,176,,905,67.56,,2396,0.0005,1.0903603176598553e-09,39680,-563.0547380447388,5.948389060795307,74.80143963545561
-30.500669479999996,160160,176,12.578267464377202,908,68.21,18.27857893836347,2400,0.0005,1.0203547035070315e-09,39808,-563.0919442176819,5.654763802886009,75.19127633422613
-31.751122129999995,160704,176,,911,69.68,,2404,0.0005,9.57117564023835e-10,39936,-545.2315645217896,5.759234383702278,61.07952616736293
-31.029861300000004,160864,175,,914,72.82,,2408,0.0005,9.273790017166883e-10,40000,-547.8291473388672,5.8605588786304,69.57853796333075
-28.859791089999995,161120,176,,914,74.67,,2412,0.0005,8.98590667153254e-10,40064,-548.6790533065796,5.818903982639313,68.59679222851992
-24.33167563,161312,175,29.057720851317832,918,76.34,24.184160383044546,2416,0.0005,8.707100318527949e-10,40128,-550.0685210227966,5.52260410040617,56.987533159554005
-27.690509130000006,161504,175,,918,77.09,,2420,,,,,,
-27.58738832,162112,175,,922,77.36,,2424,0.0005,7.894032771210702e-10,40320,-573.5602283477783,5.747098911553621,62.72985630854964
-28.235559130000002,162368,175,,926,77.7,,2428,0.0005,7.642759758397233e-10,40384,-558.4745378494263,5.388624548912048,57.57874646782875
-25.675367580000003,162560,175,,926,79.04,,2432,,,,,,
-20.12742492,162752,175,,926,80.89,,2436,0.0005,7.401205290996637e-10,40448,-572.987886428833,5.905265051871538,102.1159796975553
-21.249141740000006,163200,175,,929,81.27,,2440,0.0005,6.931225619496995e-10,40576,-582.9865837097168,5.726845480501652,60.03506653010845
-23.252430989999997,163680,175,13.393784839772522,932,81.17,19.342694385444887,2444,0.0005,6.498437404509061e-10,40704,-558.20374584198,5.622507721185684,53.24257131293416
-25.49855699,163904,175,,934,81.66,,2448,0.0005,6.295313298432248e-10,40768,-574.7273073196411,5.98248365521431,76.20366387441754
-27.1153259,164128,175,,935,81.07,,2452,0.0005,6.095492791069468e-10,40832,-576.1277170181274,5.696780115365982,61.162049531936646
-27.730160239999996,164352,175,,937,81.98,,2456,,,,,,
-26.460241770000003,164480,175,,938,81.34,,2460,0.0005,5.902893807432918e-10,40896,-567.2877674102783,5.8059786558151245,71.6938665509224
-26.923466769999994,164928,175,,940,82.03,,2464,0.0005,5.534204197341075e-10,41024,-577.6083812713623,5.928341880440712,90.337567191571
-27.905978559999998,165280,175,,941,82.69,,2468,0.0005,5.355093963752e-10,41088,-598.8391723632812,5.625994227826595,67.19368166476488
-32.0006128,165504,175,,944,82.49,,2472,0.0005,5.18237436471225e-10,41152,-577.4780788421631,5.873495060950518,79.00531758368015
-31.465746460000002,165600,175,,944,83.29,,2476,,,,,,
-31.850880240000002,165824,175,,945,83.51,,2480,0.0005,5.019310175824465e-10,41216,-580.8765573501587,5.810681119561195,47.72173448652029
-28.562083750000003,166208,175,,949,81.68,,2484,0.0005,4.71036994565549e-10,41344,-586.8715915679932,5.827725566923618,49.959400076419115
-26.092693639999997,166432,174,,952,80.21,,2488,0.0005,4.5602499294111754e-10,41408,-598.8860177993774,5.826254166662693,72.68659548461437
-26.109479489999995,166912,174,,955,80.89,,2492,0.0005,4.412110572726835e-10,41472,-595.2840595245361,5.750212471932173,75.27538760751486
-24.27532799,167328,174,,956,79.54,,2496,0.0005,4.131768083052989e-10,41600,-595.0541048049927,5.759363938122988,52.07439337298274
-24.228196519999997,167840,174,,961,78.95,,2500,0.0005,3.8733583918384995e-10,41728,-599.8632431030273,5.7389174327254295,54.40177717059851
-23.721058850000006,168064,174,,963,78.79,,2504,0.0005,3.7510526976203273e-10,41792,-581.3064937591553,5.577170252799988,54.63152489811182
-25.69617339,168416,174,,964,76.82,,2508,0.0005,3.6338022261356295e-10,41856,-588.5936431884766,5.493560403585434,52.61773595958948
-26.504849630000002,168640,174,9.080046421920601,967,76.19,16.402606748068344,2512,0.0005,3.520329622426488e-10,41920,-590.4486055374146,5.5383811965584755,68.72382906451821
-27.261260730000007,168928,174,,967,76.58,,2516,0.0005,3.409827771701235e-10,41984,-596.6558694839478,6.0210240706801414,66.22233951091766
-24.79895916,169216,174,,970,77.07,,2520,0.0005,3.300228432548402e-10,42048,-603.6798868179321,5.652576610445976,61.57945151999593
-26.5605789,169440,174,,971,77.1,,2524,0.0005,3.195793733812291e-10,42112,-592.5208683013916,5.7962632067501545,64.50977281481028
-25.938872139999997,169952,174,,974,75.6,,2528,0.0005,2.9949247162125436e-10,42240,-612.5830163955688,5.754059173166752,74.69373772293329
-27.15673941,170592,173,,981,74.51,,2532,0.0005,2.715384813702093e-10,42432,-631.9340381622314,5.907443456351757,76.29021305218339
-27.63609873,170848,174,,981,75.31,,2536,0.0005,2.6262043321262363e-10,42496,-618.7862043380737,5.829761795699596,70.95021142065525
-27.27662941,171104,173,,984,76.93,,2540,0.0005,2.542074341825573e-10,42560,-618.3148717880249,5.664666026830673,60.29049012437463
-27.684247139999997,171680,173,,988,76.4,,2544,0.0005,2.3833006748685825e-10,42688,-601.483645439148,5.672894291579723,73.92758391425014
-28.02198574,172288,173,,992,76.21,,2548,0.0005,2.236454561040796e-10,42816,-603.0282888412476,5.667879678308964,63.33759743347764
-27.48162855,172544,173,11.352321505409465,995,78.72,19.102225938093195,2552,0.0005,2.166754208780125e-10,42880,-607.6434841156006,5.850736320018768,80.09266218543053
-25.829691350000004,172736,173,,995,79.89,,2556,0.0005,2.0987894343467428e-10,42944,-619.6596212387085,5.701409436762333,56.88092011958361
-27.252244820000005,172928,173,,996,81.99,,2560,0.0005,2.0321986086112298e-10,43008,-611.8053121566772,5.713361211121082,45.998608238995075
-30.893711760000002,173088,173,,999,82.3,,2564,0.0005,1.967660153735784e-10,43072,-630.0083742141724,5.6861130222678185,60.01969590038061
-32.89834823999999,173376,173,,999,82.27,,2568,0.0005,1.9046426588675835e-10,43136,-621.4258708953857,5.895713925361633,86.51997166872025
-28.87195607,173696,173,,1002,82.12,,2572,0.0005,1.8446510183060816e-10,43200,-604.4388465881348,5.688540756702423,65.27890186011791
-30.94781786,174240,173,,1005,81.89,,2576,0.0005,1.7309665810080754e-10,43328,-624.8735933303833,5.8664281740784645,72.7779994495213
-31.86159825,174912,173,,1009,84.19,,2580,0.0005,1.5725058559977467e-10,43520,-619.7663078308105,5.607863113284111,66.91095842793584
-32.107971709999994,175072,173,14.491084314027706,1009,84.7,19.834097963619023,2584,,,,,,
-31.79365652,175424,173,,1011,86.44,,2588,0.0005,1.4738088050317288e-10,43648,-627.6720972061157,6.151180237531662,80.9089631550014
-31.588749789999998,175648,173,,1013,85.61,,2592,0.0005,1.4272150171759646e-10,43712,-628.2384033203125,5.99492871016264,83.31874467805028
-31.474664239999996,176128,173,,1016,86.31,,2596,0.0005,1.3813608004849265e-10,43776,-648.4836387634277,6.051935210824013,100.29671378433704
-27.82793357,176288,173,27.674636025185638,1017,86.14,22.36884940814684,2600,0.0005,1.3370516846467062e-10,43840,-625.8432893753052,5.855701953172684,79.66837359964848
-27.77804368,176672,173,,1020,87.65,,2604,0.0005,1.255526852188965e-10,43968,-619.3648614883423,5.974254921078682,89.20614520460367
-30.43828079,176896,173,,1020,87.64,,2608,,,,,,
-31.33209981,177344,173,,1024,85.62,,2612,0.0005,1.1778567259989464e-10,44096,-654.152214050293,5.868261180818081,56.55719560012221
-31.83469215000001,177568,173,,1025,84.06,,2616,0.0005,1.1393603682047226e-10,44160,-647.0587615966797,5.791165366768837,62.232244446873665
-29.87085984,177824,172,,1028,83.46,,2620,0.0005,1.1029777525345397e-10,44224,-645.2805337905884,5.972478814423084,80.83856370672584
-31.619612770000003,178240,172,,1033,83.06,,2624,0.0005,1.0333189599115444e-10,44352,-653.4336824417114,5.6912036165595055,63.13828434050083
-31.46331472,178432,172,,1033,85.45,,2628,,,,,,
-30.902511450000006,178944,172,,1036,87.15,,2632,0.0005,9.679235267023162e-11,44480,-653.6142683029175,5.593782730400562,52.500448770821095
-34.76390183,179552,172,,1040,85.15,,2636,0.0005,8.783496662206208e-11,44672,-655.3964109420776,5.949290223419666,64.71039697527885
-34.809501960000006,179648,172,,1040,84.25,,2640,,,,,,
-32.431347560000006,179840,172,,1042,84.11,,2644,0.0005,8.506630263475229e-11,44736,-637.7676200866699,5.883578360080719,75.06898657605052
-30.216472190000005,180160,172,10.26456690510271,1042,85.13,20.707019838460575,2648,0.0005,8.241228381146437e-11,44800,-636.6959915161133,5.795978404581547,62.65128701552749
-29.862367139999996,180384,172,,1044,84.13,,2652,0.0005,7.981825617120464e-11,44864,-659.2801103591919,6.023849122226238,83.69289197027683
-30.213967890000003,180800,172,,1047,82.96,,2656,0.0005,7.494984656779974e-11,44992,-631.0984725952148,5.761598207056522,69.05783815309405
-26.696600460000003,181152,172,,1048,82.04,,2660,0.0005,7.263867057762802e-11,45056,-652.979700088501,5.706944782286882,71.36650213599205
-27.08707034,181248,172,,1050,80.62,,2664,,,,,,
-23.970324389999995,181472,172,,1050,80.23,,2668,0.0005,7.034072640760974e-11,45120,-644.0617628097534,5.820369146764278,42.726676631718874
-23.77440313,182016,172,,1054,79.7,,2672,0.0005,6.603935811828193e-11,45248,-650.8137035369873,5.76081707701087,71.95532964915037
-23.7608708,182240,172,21.016697453741397,1054,79.62,21.673277672708526,2676,0.0005,6.401718662552708e-11,45312,-621.3109521865845,6.049566358327866,75.04543377459049
-23.478102900000007,182592,172,,1057,77.83,,2680,0.0005,6.005587281816827e-11,45440,-651.357328414917,5.809186227619648,56.68713267147541
-21.034019349999998,183136,172,,1060,78.34,,2684,0.0005,5.628356802974896e-11,45568,-669.591760635376,5.939963683485985,79.52025692909956
-21.3233735,183552,172,,1064,79.67,,2688,0.0005,5.4497010962099857e-11,45632,-650.6375331878662,5.746348507702351,65.77010468766093
-18.618809180000003,183872,172,,1067,79.62,,2692,0.0005,5.1143227077377756e-11,45760,-655.3572130203247,5.715015430003405,68.87429352849722
-21.373886589999998,184128,172,,1068,80.08,,2696,0.0005,4.954571919835865e-11,45824,-648.6137809753418,5.473189815878868,55.71320805326104
-21.290388099999994,184384,171,,1072,81.64,,2700,0.0005,4.799788404187197e-11,45888,-666.0424404144287,5.57071278244257,54.987131513655186
-20.86418976,184800,172,,1073,81.04,,2704,0.0005,4.647501627248404e-11,45952,-656.9312543869019,5.659512579441071,54.549927800893784
-16.03855746,185024,172,,1074,80.65,,2708,0.0005,4.501600687264323e-11,46016,-662.9516916275024,5.684837222099304,51.6912848316133
-16.278008110000002,185280,172,,1075,81.79,,2712,0.0005,4.359237509811084e-11,46080,-664.156530380249,5.70785865187645,60.28275207057595
-15.83442116,185472,172,,1077,82.77,,2716,0.0005,4.22162111583628e-11,46144,-660.3158731460571,5.817975915968418,58.19380795955658
-15.7100409,185888,171,,1081,83.64,,2720,0.0005,3.959102951077778e-11,46272,-661.5937547683716,5.8459852784872055,74.6816991083324
-12.611615220000001,186368,171,,1083,83.81,,2724,0.0005,3.834716301009261e-11,46336,-672.6200199127197,5.673112541437149,62.29811470210552
-14.508313880000001,186592,172,,1084,82.84,,2728,0.0005,3.713565772164168e-11,46400,-663.9655466079712,5.655327528715134,49.091050673276186
-13.495587670000003,187008,171,,1087,80.44,,2732,0.0005,3.483748879651305e-11,46528,-675.3326587677002,5.742356456816196,60.11337786912918
-9.626651200000001,187232,172,7.466366112365743,1088,81.65,15.208906023047039,2736,0.0005,3.372925571655527e-11,46592,-681.9980068206787,5.765003263950348,56.97124896943569
-9.459026389999998,187488,171,,1091,81.05,,2740,0.0005,3.264624242596201e-11,46656,-689.1641855239868,5.709036309272051,41.54958812519908
-8.177528559999999,187840,172,,1091,82.88,,2744,0.0005,3.159120377403332e-11,46720,-696.3216419219971,5.765794798731804,49.78031276538968
-9.66050526,188320,172,,1094,81.98,,2748,0.0005,2.960395356589249e-11,46848,-687.4365167617798,5.997842773795128,81.38289126381278
-8.240068769999999,188832,172,,1097,81.25,,2752,0.0005,2.775810969426161e-11,46976,-676.644021987915,5.944483280181885,72.27266394719481
-6.539185350000001,189152,172,,1099,79.87,,2756,0.0005,2.6875013201194467e-11,47040,-707.1137504577637,5.884141616523266,80.28408195823431
-6.628771079999999,189280,172,,1099,80.41,,2760,0.0005,2.6004238503187296e-11,47104,-696.6958742141724,5.635896682739258,37.38298789039254
-2.0432660900000004,189856,172,,1103,81.93,,2764,0.0005,2.4369630282922855e-11,47232,-695.170576095581,5.6703241765499115,48.85613163560629
-2.4209404799999996,190144,171,,1106,83.4,,2768,0.0005,2.359302746115892e-11,47296,-695.0889024734497,5.737010382115841,66.51178627088666
-5.044780790000001,190720,171,,1110,83.3,,2772,0.0005,2.2107454674411345e-11,47424,-703.3402462005615,5.944685064256191,54.55737308040261
-4.80677469,191104,171,,1114,82.57,,2776,0.0005,2.0716022972565307e-11,47552,-703.0477600097656,6.009389154613018,45.61043503507972
-8.286943260000001,191232,171,10.470475210037485,1114,84.57,19.568434114532465,2780,,,,,,
-8.18643041,191584,171,,1118,83.15,,2784,0.0005,1.9423573968842256e-11,47680,-710.9163408279419,5.883658617734909,64.25454599410295
-7.34551056,191808,171,,1118,82.6,,2788,0.0005,1.880465070767598e-11,47744,-697.6674194335938,5.682981356978416,69.68749861046672
-8.05883098,192096,171,,1122,85.23,,2792,0.0005,1.820831178433839e-11,47808,-710.2231798171997,6.011538632214069,76.57720243558288
-7.858847020000001,192640,171,,1124,84.52,,2796,0.0005,1.705492574965474e-11,47936,-721.919620513916,5.7179671339690685,45.08067262545228
-7.51104646,193056,170,25.017911742471018,1129,83.61,24.04877098885881,2800,0.0005,1.596724418266235e-11,48064,-712.2035703659058,5.867617137730122,57.90205516666174
-9.774413519999998,193120,171,,1129,84.11,,2804,,,,,,
-9.51304838,193280,171,,1129,84.26,,2808,,,,,,
-9.591259419999998,193664,171,,1132,83.95,,2812,0.0005,1.4965616013150676e-11,48192,-715.1767826080322,5.743178844451904,64.95319858193398
-9.98898729,193920,171,,1132,84.18,,2816,0.0005,1.4491805433620997e-11,48256,-717.9172353744507,5.711130544543266,59.00711977481842
-17.53791843,194496,171,,1136,84.44,,2820,0.0005,1.359730435342675e-11,48384,-700.9892673492432,5.676866799592972,50.11675462126732
-16.499348519999998,194784,171,24.11268667324798,1139,82.7,24.817886511034782,2824,0.0005,1.3176629234880506e-11,48448,-701.9231157302856,5.705858323723078,71.0090408436954
-15.52318342,195040,171,,1139,81.79,,2828,0.0005,1.2768641314631415e-11,48512,-707.7953567504883,5.641490988433361,59.12312012538314
-17.4976292,195264,171,,1141,82.36,,2832,0.0005,1.2364606598791114e-11,48576,-732.9166240692139,5.635208249092102,43.247296679764986
-18.416381989999998,195552,171,,1142,82.05,,2836,0.0005,1.1965811344159458e-11,48640,-721.2933549880981,5.878768213093281,61.11355223879218
-20.269251289999996,195680,170,,1145,81.93,,2840,0.0005,1.1589501277067815e-11,48704,-728.4494018554688,6.0726004764437675,76.78124739229679
-23.43381302,196128,170,,1148,83.01,,2844,0.0005,1.0869978663919158e-11,48832,-728.0469608306885,5.725476868450642,58.784995932132006
-20.777972949999995,196640,170,,1151,81.68,,2848,0.0005,1.0190138365279502e-11,48960,-732.2362174987793,5.607461750507355,75.1903862580657
-26.728662909999994,196768,170,,1151,81.94,,2852,,,,,,
-28.609903900000003,197056,170,,1152,81.88,,2856,0.0005,9.868139196956595e-12,49024,-731.4856538772583,6.022586837410927,83.53997299820185
-30.252048719999994,197248,170,,1155,81.26,,2860,0.0005,9.554233137065368e-12,49088,-742.6556882858276,5.945831969380379,61.68429658934474
-29.95129081,197408,170,,1155,79.73,,2864,0.0005,9.245715128290526e-12,49152,-738.0864448547363,5.745510287582874,71.26408027857542
-30.88499471,197664,170,,1158,79.43,,2868,0.0005,8.951828048362614e-12,49216,-735.711706161499,5.5901665687561035,49.179331455379725
-27.99234817000001,198144,170,10.438818593585403,1162,80.74,21.6692754375212,2872,0.0005,8.664180782330319e-12,49280,-748.0920686721802,5.775429353117943,59.48255866393447
-25.61754807,198368,170,,1163,80.35,,2876,0.0005,8.389367312281425e-12,49344,-729.9178295135498,5.741057552397251,57.28912138566375
-22.21942168,198656,170,,1167,77.89,,2880,0.0005,8.12157340077807e-12,49408,-754.6878414154053,5.558569647371769,62.474766947329044
-23.722824499999998,198720,170,,1167,76.83,,2884,0.0005,7.861097352495489e-12,49472,-744.0813255310059,5.810098975896835,74.92475951835513
-24.784952140000005,198912,170,,1167,76.51,,2888,,,,,,
-24.865530049999997,199232,170,,1171,75.09,,2892,0.0005,7.361351654112946e-12,49600,-757.4405097961426,5.703015148639679,68.10806257650256
-22.103411020000003,199808,170,,1174,74.7,,2896,0.0005,6.9019918090291316e-12,49728,-744.3107290267944,5.738117165863514,54.92357498407364
-21.602990530000007,200256,169,18.002461577771257,1178,73.96,22.322311757266604,2900,0.0005,6.466281089951339e-12,49856,-757.1029596328735,5.62211536616087,59.57792812213302
-21.346257140000002,200384,170,,1178,73.05,,2904,,,,,,
-23.243884630000004,200864,169,,1182,72.75,,2908,0.0005,6.056390408442063e-12,49984,-761.1855087280273,5.559330642223358,59.953921262174845
-21.18284057,201216,169,,1185,74.02,,2912,0.0005,5.862863017606305e-12,50048,-768.0652446746826,5.893813397735357,64.77692781761289
-20.91298181,201632,169,,1186,72.96,,2916,0.0005,5.495573614233695e-12,50176,-749.1456832885742,5.842428438365459,71.55013821274042
-13.56197437,201824,169,24.085990912594756,1189,72.71,25.035633579659816,2920,0.0005,5.324988293733436e-12,50240,-745.7590808868408,5.691418997943401,78.40089787915349
-16.468505869999998,202208,169,,1190,73.99,,2924,0.0005,5.158450686190089e-12,50304,-752.4098529815674,5.95757208019495,78.10904201865196
-15.61038976,202304,169,,1193,75.2,,2928,0.0005,4.9968100674941535e-12,50368,-757.6804838180542,5.5842107608914375,56.45471370220184
-15.866855610000002,202688,169,,1194,75.67,,2932,0.0005,4.839648193105065e-12,50432,-758.1832036972046,6.035997673869133,61.740080181509256
-13.536855820000003,203040,169,,1197,77.49,,2936,0.0005,4.536331542608768e-12,50560,-762.6102628707886,5.67030343413353,71.11664130911231
-13.1142619,203232,169,,1197,76.81,,2940,,,,,,
-10.233924530000001,203744,169,25.02013942052281,1200,75.72,24.047380691856905,2944,0.0005,4.2546821778623525e-12,50688,-774.4339456558228,5.7088099382817745,35.0290184430778
-10.264506260000001,204064,169,,1203,75.81,,2948,0.0005,3.98914752006976e-12,50816,-787.7895030975342,5.791960373520851,63.433332515880466
-4.65629688,204288,169,,1207,75.58,,2952,,,,,,
-5.05969806,204640,169,,1207,75.58,,2956,0.0005,3.739699291883079e-12,50944,-780.6264886856079,5.771806754171848,82.56966028362513
-6.515972819999999,204864,169,,1211,76.01,,2960,0.0005,3.6207067685288703e-12,51008,-760.6073446273804,5.880140315741301,68.85860255733132
-16.55360801,205120,169,,1211,75.49,,2964,0.0005,3.509435082626024e-12,51072,-754.9984092712402,5.635942660272121,50.31949207559228
-16.192123430000002,205408,169,22.960428947366733,1215,74.85,22.240301866045883,2968,0.0005,3.401427763446074e-12,51136,-745.1300325393677,5.7870760448277,53.94290483370423
-16.255989109999998,205632,169,,1215,74.2,,2972,0.0005,3.297141460003412e-12,51200,-750.8698501586914,5.758392743766308,62.69928304851055
-19.148036779999995,206144,169,,1219,74.8,,2976,0.0005,3.094577416854708e-12,51328,-769.7410316467285,5.7663266360759735,32.21703006699681
-19.941128479999996,206368,168,,1222,76.63,,2980,0.0005,2.9968324032742487e-12,51392,-779.4153776168823,5.779191840440035,53.47439473494887
-18.51039962,206592,169,,1222,78.89,,2984,,,,,,
-18.32961994,207008,168,25.536379686667445,1225,78.01,26.06186031644951,2988,0.0005,2.8095871779814686e-12,51520,-789.7704963684082,5.90469004958868,87.52409004420042
-18.014211529999997,207264,169,,1226,78.42,,2992,0.0005,2.7185573873967327e-12,51584,-791.6437330245972,5.6070981957018375,46.603977631777525
-18.19920987,207520,168,,1229,78.23,,2996,0.0005,2.6325588742628653e-12,51648,-771.1755094528198,5.651358291506767,64.17833399027586
-17.55201071,208032,168,,1232,77.64,,3000,0.0005,2.4700778836867724e-12,51776,-782.5072212219238,5.768224500119686,64.50088068470359
-15.820373819999997,208192,168,,1233,78.78,,3004,0.0005,2.391105468192798e-12,51840,-792.9701204299927,5.69730506837368,57.7155675701797
-15.741782320000002,208480,168,29.147141783362514,1236,77.69,23.807724639090054,3008,0.0005,2.3158972366232357e-12,51904,-785.8782911300659,5.708286765962839,58.78674506768584
-18.257948700000004,209088,168,,1239,77.7,,3012,0.0005,2.170306093179789e-12,52032,-782.0084085464478,5.598980162292719,40.140862196683884
-17.898605410000002,209472,168,,1243,76.82,,3016,0.0005,2.0368097636833723e-12,52160,-771.9860639572144,5.8550127893686295,59.37467698380351
-17.69812584,209760,168,,1243,76.48,,3020,0.0005,1.9735374731731214e-12,52224,-775.9167366027832,5.8568646386265755,70.20706393569708
-17.799170550000007,210048,168,,1247,76.47,,3024,0.0005,1.912203763252329e-12,52288,-781.712158203125,5.678692281246185,65.6888966448605
-18.93780846,210176,168,,1247,75.38,,3028,,,,,,
-24.92471589,210528,168,18.635527901495355,1251,75.34,24.02516614521358,3032,0.0005,1.792567649018203e-12,52416,-794.2227392196655,5.714451342821121,69.32336725667119
-24.877617490000002,210752,168,,1251,73.27,,3036,0.0005,1.7360885153110866e-12,52480,-783.5757093429565,5.787917293608189,64.38926248252392
-25.200115430000004,211072,168,,1253,73.96,,3040,0.0005,1.6813949524677706e-12,52544,-802.2321224212646,5.58950362354517,61.99735375121236
-26.14672947,211232,168,,1253,74.84,,3044,0.0005,1.627811527945785e-12,52608,-811.8802404403687,5.863990567624569,61.96196595206857
-26.60176392,211648,168,,1257,78.82,,3048,0.0005,1.5756152977518473e-12,52672,-809.3173789978027,5.4841917753219604,60.752534713596106
-30.715843710000005,212032,168,,1260,77.82,,3052,0.0005,1.4773152522801723e-12,52800,-789.551362991333,5.609327506273985,60.285606537014246
-31.32667641,212160,168,,1260,78.22,,3056,,,,,,
-28.309890729999996,212288,168,20.82318883560011,1260,78.26,20.64819103797159,3060,0.0005,1.4315815514368696e-12,52864,-784.3319063186646,5.869110710918903,58.59485675022006
-18.91784943,212832,168,,1264,78.57,,3064,0.0005,1.342929163800576e-12,52992,-813.2925786972046,5.621741279959679,49.35929027572274
-17.96876514,213152,167,,1268,77.85,,3068,0.0005,1.2997883138180476e-12,53056,-819.6336507797241,5.792058743536472,60.68274713680148
-17.97410098,213376,168,,1269,78.27,,3072,0.0005,1.2578390901145072e-12,53120,-823.5746746063232,5.636872164905071,71.12795179709792
-15.167841200000003,213568,167,,1272,78.48,,3076,0.0005,1.2176492622626312e-12,53184,-809.7893104553223,5.813000001013279,74.62246796861291
-14.84413545,213920,168,29.061589497469495,1272,76.75,23.996610469013557,3080,0.0005,1.179003412843274e-12,53248,-827.6306552886963,5.8901780396699905,73.12484205514193
-14.432067499999999,214432,167,,1276,76.07,,3084,0.0005,1.104896439301623e-12,53376,-804.7681636810303,5.733043633401394,57.33164793252945
-14.16765977,214528,167,,1278,77.01,,3088,,,,,,
-13.729601920000002,214784,167,,1278,75.99,,3092,0.0005,1.0701933639273428e-12,53440,-805.0982370376587,5.690583318471909,49.389758713543415
-16.55559727,215296,167,,1283,76.86,,3096,0.0005,1.0033039293301255e-12,53568,-828.2869310379028,5.847491927444935,66.9325207285583
-16.86780616,215392,167,26.370588842099686,1283,77.43,22.505940673272672,3100,0.0005,9.712831972356287e-13,53632,-816.9910907745361,5.497492302209139,61.293153032660484
-18.71155635,215840,167,,1287,76.14,,3104,0.0005,9.116095490716773e-13,53760,-840.2817249298096,5.755433760583401,49.719042755663395
-16.6461246,216096,167,,1289,76.51,,3108,0.0005,8.824288794858086e-13,53824,-828.4453077316284,5.883099842816591,67.39856772124767
-16.99327205,216640,167,,1294,75.71,,3112,0.0005,8.280822393148314e-13,53952,-811.6589012145996,5.589130401611328,72.83361006900668
-15.046024259999998,216928,167,,1294,76.71,,3116,0.0005,8.018810784246643e-13,54016,-830.2163286209106,5.751820236444473,77.19199014827609
-14.545733669999995,217184,167,,1297,76.31,,3120,0.0005,7.765382719241245e-13,54080,-825.1131811141968,5.440084893256426,52.67937019094825
-11.949137749999998,217376,167,,1297,76.19,,3124,0.0005,7.523695174629832e-13,54144,-812.0106563568115,5.608752682805061,64.07779202237725
-9.611828389999996,217632,167,,1300,76.51,,3128,0.0005,7.286087118569314e-13,54208,-842.1812610626221,5.702721543610096,51.95019408687949
-7.730078549999998,218016,167,,1301,77.29,,3132,0.0005,7.050556300697655e-13,54272,-832.0707941055298,5.819691222161055,46.53016326576471
-6.196745549999998,218240,167,,1303,78.22,,3136,0.0005,6.832251896806167e-13,54336,-800.8147869110107,5.5540905967354774,67.5688332170248
-6.155587459999997,218624,167,,1305,77.43,,3140,0.0005,6.621114552083588e-13,54400,-828.2804431915283,5.72936848923564,72.74683879688382
-5.348330259999999,218752,167,,1305,76.29,,3144,0.0005,6.409357450294162e-13,54464,-848.9854373931885,5.7309692576527596,52.90224876254797
-4.574815500000001,219104,167,,1306,72.65,,3148,0.0005,6.204573013612251e-13,54528,-836.565016746521,5.568866521120071,49.383402686566114
0.09371003999999931,219520,167,,1308,72.38,,3152,0.0005,5.815283947067191e-13,54656,-833.5315818786621,5.635907590389252,69.0399341545999
1.5590935899999994,219680,167,10.332091013799696,1312,72.38,16.66855878954324,3156,0.0005,5.632408991653902e-13,54720,-829.9835557937622,5.734127029776573,80.25031135976315
-0.19314907999999975,219872,167,,1312,72.8,,3160,,,,,,
-0.19801967000000037,220288,167,,1315,74.77,,3164,0.0005,5.286725121941187e-13,54848,-825.571400642395,5.838745042681694,67.72972441092134
-1.034915510000001,220640,167,,1316,75.96,,3168,0.0005,5.120823148250251e-13,54912,-836.2295293807983,5.606579653918743,56.64503402262926
-1.0799796599999991,221088,167,,1318,75.86,,3172,0.0005,4.802880454593062e-13,55040,-846.9975280761719,6.1171329990029335,84.78086369857192
-1.222010159999999,221312,167,,1322,76.25,,3176,0.0005,4.649858082733248e-13,55104,-838.1033849716187,5.710733629763126,50.658365692943335
-1.0751586600000007,221536,167,,1322,76.29,,3180,0.0005,4.504536989487012e-13,55168,-823.1943101882935,5.805532902479172,70.53596542403102
-3.4787578300000006,221856,167,19.363456729946474,1325,75.59,23.504105509482617,3184,0.0005,4.36446335852264e-13,55232,-840.7021389007568,5.966163232922554,72.75413688644767
-5.67866756,222368,167,,1329,74.72,,3188,0.0005,4.0957174565254715e-13,55360,-827.2464056015015,5.663671985268593,67.67147864028811
-8.0609655,222496,167,28.03218799844322,1329,74.67,24.43521270622076,3192,0.0005,3.969159511019128e-13,55424,-827.9724960327148,5.727183133363724,52.011206183582544
-6.04389064,223040,167,,1333,74.05,,3196,0.0005,3.732019449132298e-13,55552,-816.014307975769,5.621648292988539,57.176093984395266
-6.065143449999999,223520,167,,1337,74.34,,3200,0.0005,3.504423369095138e-13,55680,-826.5623474121094,5.490394562482834,61.403918236494064
-5.882660649999999,223712,167,,1337,75.53,,3204,,,,,,
-7.0642479400000004,224064,167,,1341,77.08,,3208,0.0005,3.285996251305417e-13,55808,-857.0926313400269,5.710729893296957,71.35045839101076
-4.635268099999999,224416,166,,1343,77.67,,3212,0.0005,3.182345727404832e-13,55872,-839.3148221969604,5.637511663138866,60.877691593021154
-4.86811233,224576,167,19.229746294595106,1344,78.73,22.60833486949895,3216,0.0005,3.0815226630096534e-13,55936,-849.8530693054199,5.518749818205833,49.14410977810621
-7.8863192,224928,166,,1347,80.27,,3220,0.0005,2.983590051960168e-13,56000,-853.1108150482178,5.566802717745304,46.21293718367815
-7.668341499999998,225184,167,,1347,80.69,,3224,0.0005,2.888834458207926e-13,56064,-870.3559827804565,5.7337164133787155,54.545056845992804
-7.57086292,225632,167,,1350,81.31,,3228,0.0005,2.7054593637206004e-13,56192,-871.2713346481323,5.635005880147219,50.8692762106657
-7.233926759999999,225696,167,,1350,80.42,,3232,,,,,,
-6.05571471,226208,166,,1355,78.74,,3236,0.0005,2.5371099264450553e-13,56320,-844.1398105621338,5.560625974088907,78.44123907387257
-6.28948379,226496,166,22.084001735668508,1358,79.88,20.881686507638275,3240,0.0005,2.4574954828469517e-13,56384,-864.5103206634521,5.70790096744895,82.21111360192299
-8.59823292,227040,166,,1362,80.01,,3244,0.0005,2.305695593405845e-13,56512,-847.4997205734253,5.681424383074045,54.69694058224559
-7.141460009999999,227264,166,,1363,81.04,,3248,0.0005,2.2331716244927246e-13,56576,-860.2779865264893,5.664415515959263,47.697194553911686
-12.40023939,227776,166,,1366,81.99,,3252,0.0005,2.0961739195609242e-13,56704,-851.547477722168,5.5189095959067345,49.865217335522175
-13.38321108,227904,166,,1369,82.85,,3256,0.0005,2.030941527895124e-13,56768,-840.728328704834,5.901743166148663,65.24298761412501
-11.36005185,228320,166,24.060651843209847,1369,82.14,23.464963016783482,3260,0.0005,1.9674709329958772e-13,56832,-870.2485122680664,5.639145903289318,73.98298462480307
-10.73051025,228544,166,,1372,81.02,,3264,0.0005,1.9054006614353607e-13,56896,-853.8180456161499,5.8173660561442375,74.44120905920863
-10.174778460000002,229056,166,,1376,80.49,,3268,0.0005,1.7868719593470246e-13,57024,-873.9228630065918,5.686355154961348,55.77450352534652
-10.771288320000002,229344,166,,1376,81.08,,3272,0.0005,1.7296006440052191e-13,57088,-882.7072839736938,5.7498187609016895,61.64039624482393
-10.890665200000003,229568,166,,1380,80.58,,3276,0.0005,1.6748774769368801e-13,57152,-848.5993595123291,5.632841799408197,52.19668486714363
-13.443174030000002,230016,166,,1383,82.56,,3280,0.0005,1.571897815836015e-13,57280,-848.9254388809204,5.578881166875362,51.62290758267045
-15.0785124,230176,166,,1384,81.76,,3284,0.0005,1.5228376421200576e-13,57344,-879.4951295852661,5.5857134982943535,71.47258458286524
-12.256916879999999,230496,166,,1386,81.64,,3288,0.0005,1.474134408088073e-13,57408,-879.6420230865479,5.406019221991301,52.001643907278776
-10.304695170000002,230880,166,,1387,83.54,,3292,0.0005,1.4275796350103165e-13,57472,-890.788046836853,5.862735949456692,66.2372096478939
-12.04407107,231200,166,,1390,82.96,,3296,0.0005,1.3374180578551974e-13,57600,-864.9046678543091,5.400889940559864,56.97640070319176
-12.79026924,231360,166,,1391,83.82,,3300,,,,,,
-14.91960106,231712,166,,1394,83.17,,3304,0.0005,1.2544078782297926e-13,57728,-859.933403968811,5.546337589621544,46.41198003664613
-14.75350584,232416,166,10.85974403305521,1399,83.8,17.113211024536277,3308,0.0005,1.1771287468189165e-13,57856,-894.2790470123291,5.723616510629654,68.61947571858764
-14.464508449999999,232608,165,,1402,83.41,,3312,0.0005,1.1397175366468837e-13,57920,-881.9441814422607,5.956274792551994,81.13773859292269
-16.73978126,232960,165,,1406,82.09,,3316,0.0005,1.1032734517533668e-13,57984,-892.5930547714233,5.5200151316821575,49.534740306437016
-13.830511340000001,233472,165,,1408,81.19,,3320,0.0005,1.0344432050583916e-13,58112,-888.5453300476074,5.779033314436674,72.60955817624927
-16.76824792,233888,165,,1409,81.15,,3324,0.0005,9.70381776091073e-14,58240,-881.6799840927124,5.496255956590176,58.508387729525566
-14.437073800000002,234080,165,,1413,81.03,,3328,0.0005,9.395219231913372e-14,58304,-913.4478759765625,5.87104557454586,59.90236120671034
-14.69949713,234784,165,,1417,81.86,,3332,0.0005,8.526848963558408e-14,58496,-881.9862041473389,5.691752880811691,74.18147014081478
-17.902908550000003,235136,165,,1420,83.89,,3336,0.0005,8.25898223729126e-14,58560,-901.4869260787964,5.879000715911388,65.35750409960747
-18.89067603,235360,165,,1421,85.56,,3340,0.0005,7.997439374305017e-14,58624,-904.011344909668,5.730469323694706,56.23445637151599
-16.258343330000002,235584,165,,1423,84.33,,3344,0.0005,7.743496556789661e-14,58688,-901.494270324707,5.754298068583012,63.0640825368464
-18.78835215,235936,165,,1424,84.33,,3348,0.0005,7.495615117632769e-14,58752,-917.6273546218872,5.821651346981525,74.05017477273941
-17.361372130000003,236160,165,,1427,85.2,,3352,0.0005,7.258457697923267e-14,58816,-886.1728868484497,5.532400872558355,56.03366466239095
-17.136697100000003,236608,165,,1431,84.64,,3356,0.0005,6.802415021478698e-14,58944,-930.0928020477295,5.740124199539423,59.808001067489386
-17.64769638,236704,165,8.941387518661905,1431,85.07,17.63434380733459,3360,,,,,,
-20.97413787,236960,165,,1431,85.0,,3364,0.0005,6.581725933967069e-14,59008,-923.5348558425903,5.55485612899065,61.94440469518304
-20.452380299999998,237248,165,,1435,84.22,,3368,0.0005,6.375020026337718e-14,59072,-877.1577529907227,5.332448408007622,45.025482036173344
-20.944262279999997,237728,165,,1438,84.61,,3372,0.0005,5.988870368827043e-14,59200,-885.7350053787231,5.609974455088377,67.13989700376987
-21.388489089999997,238016,165,,1439,85.02,,3376,0.0005,5.803564250978215e-14,59264,-889.5549564361572,5.627269998192787,64.71516122668982
-18.90112076,238208,165,,1442,84.06,,3380,0.0005,5.6244636870833847e-14,59328,-901.3422756195068,5.759749338030815,58.77518354356289
-15.52154691,238624,164,,1447,85.11,,3384,0.0005,5.2696765944090595e-14,59456,-924.6876392364502,5.258312799036503,64.30132268369198
-17.465526150000002,238976,165,,1447,84.57,,3388,0.0005,5.1015086847644404e-14,59520,-919.1430854797363,5.580505330115557,49.05025586858392
-17.618025259999996,239328,165,,1449,84.07,,3392,0.0005,4.939961226987208e-14,59584,-909.5653104782104,5.565185002982616,67.99416214972734
-17.73088653,239520,165,,1450,84.23,,3396,0.0005,4.785049102387455e-14,59648,-907.1317348480225,5.655221458524466,55.01292147859931
-16.75639731,239808,165,,1453,82.73,,3400,0.0005,4.6356245866156076e-14,59712,-900.4530229568481,5.573354698717594,56.01708157360554
-12.902281489999998,240256,164,,1456,83.09,,3404,0.0005,4.348222765955713e-14,59840,-923.0614633560181,5.1989301554858685,40.255996100604534
-13.03205835,240544,165,,1457,82.53,,3408,0.0005,4.210485536674697e-14,59904,-926.2834300994873,5.543180018663406,66.70554219931364
-15.847277450000002,240800,164,,1459,82.57,,3412,0.0005,4.078730853454535e-14,59968,-887.1016283035278,5.454315505921841,48.06582202017307
-12.76309745,241120,165,,1460,81.78,,3416,0.0005,3.9524837425700544e-14,60032,-923.6709156036377,5.280115302652121,43.55461923405528
-17.47057553,241472,164,,1463,81.93,,3420,0.0005,3.7090018772444955e-14,60160,-920.1351518630981,5.703637592494488,71.76893768832088
-16.739407229999998,241792,164,,1466,81.82,,3424,0.0005,3.592036166937245e-14,60224,-934.5356540679932,5.513135086745024,53.89127888157964
-16.82220245,242016,164,,1467,81.29,,3428,0.0005,3.477023142859124e-14,60288,-926.3449192047119,5.487860530614853,58.46697378158569
-16.614167969999997,242272,164,,1471,81.67,,3432,0.0005,3.367273486224034e-14,60352,-923.3067331314087,5.791799381375313,61.14528701454401
-19.128344689999995,242592,164,7.851044784268141,1472,82.25,15.620936720406275,3436,0.0005,3.2604970740524844e-14,60416,-933.8215742111206,5.599290769547224,49.55732839554548
-17.58186841,242912,164,,1475,80.65,,3440,0.0005,3.156512217777289e-14,60480,-945.1408882141113,5.578983061015606,65.13531641662121
-19.36639628,243232,164,,1478,79.4,,3444,0.0005,2.958292982062406e-14,60608,-930.4721879959106,5.528632380068302,64.57162184268236
-16.50277562,243680,164,27.740075180182203,1479,79.64,23.921338400420264,3448,0.0005,2.8659342935569425e-14,60672,-931.7416486740112,5.493651799857616,53.485726185142994
-15.333668210000003,243776,164,,1482,77.98,,3452,0.0005,2.7745091862370967e-14,60736,-947.7701406478882,5.534345965832472,76.15300177037716
-13.291529860000002,244448,164,,1485,79.57,,3456,0.0005,2.5988713883218486e-14,60864,-960.7223358154297,5.520578481256962,75.28994388878345
-15.606577180000004,244928,164,,1489,78.61,,3460,0.0005,2.4349479898926784e-14,60992,-951.9391937255859,5.4117922857403755,60.565037313848734
-12.269575360000001,245120,164,,1489,78.15,,3464,0.0005,2.3575620804496802e-14,61056,-951.918833732605,5.358391426503658,51.91086161136627
-13.0744494,245376,164,,1492,77.76,,3468,0.0005,2.2822650866035092e-14,61120,-966.1103858947754,5.61909294873476,67.89828523807228
-12.720417609999997,245696,164,,1493,78.18,,3472,0.0005,2.2085156960673547e-14,61184,-971.6959705352783,5.6796882301568985,52.2543725669384
-12.867809939999997,246208,164,,1495,79.6,,3476,0.0005,2.0698681048913876e-14,61312,-952.9287710189819,5.456320397555828,52.30129824206233
-13.177670449999995,246496,164,,1498,80.69,,3480,0.0005,2.0046913018803334e-14,61376,-941.1481685638428,5.528720937669277,72.29977905377746
-12.15574549,246880,164,,1502,80.3,,3484,0.0005,1.880637093121845e-14,61504,-954.5196056365967,5.506677605211735,47.08021192625165
-12.445227130000001,247200,164,,1502,81.13,,3488,0.0005,1.82187935724799e-14,61568,-941.7637042999268,5.596661128103733,65.26388070732355
-12.303026539999998,247424,164,,1506,80.62,,3492,0.0005,1.7649688890590223e-14,61632,-957.1978588104248,5.358458273112774,44.30834560468793
-15.489252099999996,247840,164,11.661363373380649,1508,82.73,20.930086181373564,3496,0.0005,1.655781283783061e-14,61760,-953.8603172302246,5.4246726259589195,68.24462310224771
-15.827292469999993,248128,164,,1509,83.5,,3500,0.0005,1.6032908346831913e-14,61824,-962.7667856216431,5.742266952991486,73.95835226029158
-18.76125996,248576,164,,1512,83.89,,3504,0.0005,1.5525469489917142e-14,61888,-952.7360897064209,5.655945971608162,61.056568913161755
-19.003467219999997,248960,164,,1515,84.3,,3508,0.0005,1.456421536733546e-14,62016,-948.2609195709229,5.3895993158221245,59.72166607901454
-15.499921279999999,249120,164,,1515,83.67,,3512,0.0005,1.4114803931840445e-14,62080,-926.876407623291,5.544789172708988,73.69854823872447
-15.622996119999998,249536,164,21.66522419013306,1519,84.67,21.35346648203012,3516,0.0005,1.3680570201794592e-14,62144,-952.1646928787231,5.750473275780678,54.971260379999876
-10.99842369,249824,164,,1519,84.23,,3520,0.0005,1.3255671145404396e-14,62208,-951.5924043655396,5.579146832227707,49.50893735513091
-9.671306530000003,250240,164,,1524,83.91,,3524,0.0005,1.2431759974148652e-14,62336,-962.3729610443115,5.4027815237641335,60.15695574507117
-12.630951060000003,250624,164,,1527,84.77,,3528,0.0005,1.203947013774564e-14,62400,-961.1326580047607,5.558491889387369,70.76094242930412
-13.13685892,251008,163,,1530,84.95,,3532,0.0005,1.1305086775594429e-14,62528,-962.2187252044678,5.581455633044243,66.47778771817684
-11.30840187,251136,164,,1530,83.76,,3536,,,,,,
-13.547443319999998,251424,163,25.472610485838583,1534,83.41,22.952316876897648,3540,0.0005,1.0598047503100048e-14,62656,-970.5213060379028,5.265631884336472,51.88392861932516
-12.070519719999998,251680,163,,1534,84.81,,3544,0.0005,1.0265523755589928e-14,62720,-966.2707252502441,5.405647203326225,61.43125608563423
-15.54039215,252224,164,,1537,85.2,,3548,0.0005,9.617529019031387e-15,62848,-970.0488119125366,5.595864102244377,75.89655700325966
-13.639568670000001,252864,163,,1542,86.44,,3552,0.0005,9.018440786942117e-15,62976,-974.8810863494873,5.445761043578386,58.507782731205225
-14.655390990000003,253024,163,,1544,85.79,,3556,0.0005,8.734462681395958e-15,63040,-969.7710485458374,5.47949306666851,57.01841704919934
-11.454724650000003,253376,163,,1545,85.57,,3560,0.0005,8.45873175184541e-15,63104,-980.5122079849243,5.54523291438818,49.942389991134405
-12.331774849999997,253632,163,20.649891546535642,1548,86.59,23.135515558169356,3564,0.0005,8.191538001195789e-15,63168,-986.4280471801758,5.460161171853542,61.64765650779009
-12.683395359999999,254112,163,,1552,89.05,,3568,0.0005,7.677122464766729e-15,63296,-996.489634513855,5.444442968815565,65.11009090021253
-14.360731610000002,254336,163,,1552,88.05,,3572,0.0005,7.432117509794043e-15,63360,-1012.5444355010986,5.721891742199659,59.59579863771796
-13.673453410000002,254880,163,,1556,85.29,,3576,0.0005,6.963731642925468e-15,63488,-992.2749652862549,5.566675554960966,46.1425421461463
-13.05373643,254976,163,,1559,84.76,,3580,,,,,,
-13.515795,255488,163,22.857988589902526,1563,86.3,22.847940144381862,3584,0.0005,6.5343276418053005e-15,63616,-987.2934074401855,5.546968385577202,57.356575567275286
-14.485646589999998,255840,163,,1564,86.79,,3588,0.0005,6.124762455946474e-15,63744,-999.5627679824829,5.507417246699333,58.58460896462202
-14.667232839999999,256128,163,,1566,86.83,,3592,0.0005,5.932669485284281e-15,63808,-986.2399549484253,5.425500281155109,46.34291937202215
-9.22801312,256352,163,,1567,88.0,,3596,0.0005,5.745366882985506e-15,63872,-1007.238299369812,5.346995480358601,49.99776282161474
-8.98411374,256736,163,22.86403363825983,1570,86.3,19.96658785682873,3600,0.0005,5.562309682610263e-15,63936,-1001.1710729598999,5.625952243804932,59.931274864822626
-5.876150420000001,257216,163,,1575,85.39,,3604,0.0005,5.214330045502255e-15,64064,-1002.7252597808838,5.4703507870435715,71.5995601862669
-5.588295919999999,257568,163,,1578,85.35,,3608,0.0005,4.8894657323840246e-15,64192,-1004.9419956207275,5.510760843753815,57.1299525462091
-5.805917610000002,257696,163,,1578,85.6,,3612,,,,,,
-6.164599829999999,257856,163,,1579,85.61,,3616,0.0005,4.735593859534706e-15,64256,-1002.2024269104004,5.587610844522715,51.62680669501424
-6.477609789999999,258176,163,,1582,85.53,,3620,0.0005,4.584885429750256e-15,64320,-1031.1518726348877,5.590268515050411,73.90549179911613
-8.335276290000001,258336,163,,1583,85.17,,3624,0.0005,4.438435067678878e-15,64384,-1013.3478145599365,5.319685257971287,56.415924701839685
-6.24946408,258784,163,,1585,85.31,,3628,0.0005,4.297495991653259e-15,64448,-1016.9685726165771,5.512665703892708,49.14049827307463
-5.24133376,258976,163,,1586,84.57,,3632,0.0005,4.161223828938995e-15,64512,-999.931848526001,5.534095272421837,70.01261820271611
-4.452749419999999,259424,163,,1589,84.43,,3636,0.0005,3.904498743772947e-15,64640,-1008.9360218048096,5.805731896311045,62.64111389964819
-4.35892265,259616,163,,1592,83.87,,3640,0.0005,3.781548073360943e-15,64704,-1014.3890838623047,5.495335292071104,63.576482348144054
-5.5879290600000004,259936,163,13.867652377900123,1592,82.83,21.464199603289398,3644,0.0005,3.662240061521161e-15,64768,-1012.6101064682007,5.537900980561972,50.71625208854675
-5.26157678,260288,163,,1595,82.96,,3648,0.0005,3.5459408099717004e-15,64832,-1015.7795152664185,5.382638070732355,63.367472633719444
-6.584701130000002,260384,163,,1595,81.47,,3652,0.0005,3.4357443116931985e-15,64896,-998.5585889816284,5.323724813759327,53.98412262648344
-6.114865880000001,260896,163,,1598,80.95,,3656,0.0005,3.2264453490151926e-15,65024,-1014.9857454299927,5.380214061588049,37.505922336131334
-8.951108960000001,261184,163,,1602,81.29,,3660,0.0005,3.1240260392518612e-15,65088,-1021.8587884902954,5.463458135724068,57.06829369813204
-8.89003148,261888,163,,1606,80.83,,3664,0.0005,2.9307647620012212e-15,65216,-1019.1814861297607,5.358436301350594,55.194075014442205
-7.6944178,262240,162,,1610,78.42,,3668,0.0005,2.7477215509044978e-15,65344,-1041.1859111785889,5.5372275449335575,62.25137260183692
-7.792413179999999,262592,162,,1611,78.32,,3672,0.0005,2.6604468825268854e-15,65408,-1009.0137901306152,5.397119976580143,41.71157378703356
-7.66888872,262912,162,14.732571037335285,1614,79.17,22.35733103078076,3676,0.0005,2.5772737859078948e-15,65472,-1013.6770620346069,5.554625015705824,49.35240858793259
-10.55286385,263040,162,,1614,79.96,,3680,0.0005,2.4962933200996556e-15,65536,-1047.1823387145996,5.474262326955795,50.98194156587124
-15.919932690000001,263424,162,,1617,78.69,,3684,0.0005,2.4148106431630334e-15,65600,-1073.4183521270752,5.4615299962460995,47.98158982768655
-13.681664289999999,263968,162,,1621,79.41,,3688,0.0005,2.192657849631325e-15,65792,-1049.0941705703735,5.62793118879199,70.18310966342688
-13.390629560000002,264192,162,,1623,79.85,,3692,,,,,,
-13.710091290000001,264480,162,24.762602220196637,1624,78.7,23.844958990662363,3696,0.0005,2.056313636176985e-15,65920,-1026.3040742874146,5.176696639508009,72.92312466353178
-14.21305278,265088,162,,1628,80.94,,3700,0.0005,1.929074831691004e-15,66048,-1024.7845497131348,5.2145300805568695,43.92016765475273
-14.066296970000002,265408,162,,1630,81.51,,3704,0.0005,1.8682714550012484e-15,66112,-1058.7217426300049,5.5955577827990055,65.21010733395815
-13.83284029,265632,162,,1631,81.37,,3708,0.0005,1.8077886372686365e-15,66176,-1076.3461027145386,5.403651867061853,56.871405493468046
-17.647834590000006,265792,162,,1633,81.57,,3712,0.0005,1.7494437439297844e-15,66240,-1051.8171825408936,5.4452452808618546,45.52928688004613
-17.32491617,265888,162,27.654081441697006,1633,80.89,24.759705770926605,3716,,,,,,
-19.992786149999997,266176,162,,1634,80.83,,3720,0.0005,1.69390694017337e-15,66304,-1050.5460834503174,5.350018408149481,62.249414555728436
-20.597097669999997,266528,162,,1638,81.63,,3724,0.0005,1.5876243561510036e-15,66432,-1039.3816442489624,5.524910144507885,45.36716179549694
-22.243605000000002,267104,162,,1641,80.66,,3728,0.0005,1.4894594563080754e-15,66560,-1054.938057899475,5.700226414948702,58.55352180823684
-22.538783399999993,267232,162,,1641,80.76,,3732,,,,,,
-21.68580619999999,267520,162,25.72259138512225,1645,79.74,23.021126233619167,3736,0.0005,1.4426026871987373e-15,66624,-1037.4710330963135,5.213677905499935,47.79033912718296
-22.661269600000004,267840,162,,1649,80.26,,3740,0.0005,1.3534022811437361e-15,66752,-1064.242078781128,5.38258520513773,65.7332998290658
-20.860145149999994,268128,162,,1649,81.44,,3744,0.0005,1.3097029299156844e-15,66816,-1090.1528301239014,5.341241404414177,57.84643188863993
-17.67702271,268416,162,,1653,80.43,,3748,0.0005,1.2677491001793257e-15,66880,-1068.5732688903809,5.3922711834311485,56.38826133310795
-15.539701719999996,268960,162,,1657,81.16,,3752,0.0005,1.188978410981575e-15,67008,-1051.0162467956543,5.410199366509914,67.19189310446382
-15.007502829999998,269280,162,,1657,82.4,,3756,0.0005,1.1517381591236477e-15,67072,-1050.1199398040771,5.649668134748936,70.57067656517029
-15.10184556,269504,162,18.60734485292035,1660,82.31,21.31328518304999,3760,0.0005,1.1156180471270989e-15,67136,-1061.7690572738647,5.573008321225643,64.01283429935575
-14.316545779999997,269760,162,,1661,82.58,,3764,0.0005,1.0805299918372202e-15,67200,-1057.1312055587769,5.074629541486502,42.639453530311584
-14.551913289999998,270080,162,,1664,83.17,,3768,0.0005,1.0466490759568259e-15,67264,-1050.003478050232,5.523174453526735,63.74179946631193
-14.515269889999999,270560,162,,1667,83.66,,3772,0.0005,9.815435659884063e-16,67392,-1052.340521812439,5.6192029900848866,62.07568824291229
-14.467260210000001,270848,162,28.307913800211114,1671,81.75,24.590198408437352,3776,0.0005,9.51028768966568e-16,67456,-1054.6177339553833,5.496515762060881,35.78733789548278
-12.182495219999998,271520,162,,1674,81.43,,3780,0.0005,8.635588049006931e-16,67648,-1034.039451599121,5.319126784801483,54.93369594216347
-8.88630721,271648,162,,1675,80.89,,3784,0.0005,8.371247867984187e-16,67712,-1049.6763858795166,5.482339687645435,47.63418164849281
-8.42956902,271904,162,,1678,80.87,,3788,0.0005,8.110961914210525e-16,67776,-1060.9912567138672,5.47646126896143,61.194369826465845
-10.52755808,272256,162,,1678,81.25,,3792,0.0005,7.857940194401854e-16,67840,-1049.257731437683,5.41911406815052,47.03812067210674
-10.262408460000001,272384,161,22.943285126018544,1681,80.34,21.715903618754794,3796,,,,,,
-9.939221139999999,272608,162,,1681,78.93,,3800,0.0005,7.609868844502487e-16,67904,-1110.291540145874,5.5110949501395226,76.63231039047241
-10.399962340000002,272928,161,,1685,78.37,,3804,0.0005,7.126328199976967e-16,68032,-1080.5357341766357,5.537582941353321,59.76715651527047
-13.47354995,273312,162,,1685,78.55,,3808,0.0005,6.903320091765712e-16,68096,-1054.6973371505737,5.633525371551514,68.46251025423408
-8.64222018,273536,161,,1688,77.12,,3812,0.0005,6.690394289517518e-16,68160,-1053.5536317825317,5.356988396495581,44.95798159018159
-9.131598199999999,273696,162,,1689,77.91,,3816,0.0005,6.481069278922023e-16,68224,-1076.2407331466675,5.668467126786709,83.07315451651812
-8.87088491,274112,162,,1691,78.7,,3820,0.0005,6.277140860817272e-16,68288,-1085.9203300476074,5.461769953370094,55.792561404407024
-5.4959307,274464,162,,1693,78.22,,3824,0.0005,5.887335190068823e-16,68416,-1068.1704730987549,5.539176627993584,55.497149750590324
-3.3064501599999994,274816,162,19.401669424858778,1694,78.01,21.260449162177753,3828,0.0005,5.703321128667674e-16,68480,-1084.0927181243896,5.256058186292648,56.640854991972446
-5.515228649999999,274976,162,,1697,77.9,,3832,0.0005,5.52295210481019e-16,68544,-1077.8993549346924,5.343816392123699,63.90169312059879
-3.5132770600000005,275200,162,,1697,78.22,,3836,,,,,,
-1.0710400700000011,275584,162,,1700,78.9,,3840,0.0005,5.18224671717003e-16,68672,-1087.69553565979,5.603194285184145,74.29133877158165
-1.0520402900000005,275840,162,,1700,78.19,,3844,0.0005,5.018318644177782e-16,68736,-1075.0674991607666,5.4981968477368355,51.75677706673741
-4.02602256,276320,162,24.942295527974466,1704,78.29,22.276811524278322,3848,0.0005,4.706224424765484e-16,68864,-1100.9697570800781,5.403244104236364,65.35424783453345
-7.034649200000001,276416,162,,1704,78.11,,3852,,,,,,
-6.716886830000001,276672,162,,1707,76.39,,3856,0.0005,4.556253560500385e-16,68928,-1086.1947917938232,5.367043640464544,41.792454939335585
-6.204789389999999,277056,161,,1710,76.1,,3860,0.0005,4.27809271759011e-16,69056,-1077.007095336914,5.49116587638855,46.41770746931434
-6.058380520000002,277312,162,,1711,75.57,,3864,0.0005,4.1416672791355203e-16,69120,-1152.8551940917969,5.627282712608576,68.54436795040965
-6.68284227,277792,161,,1715,76.25,,3868,0.0005,3.872633294814069e-16,69248,-1130.165828704834,5.411857157945633,61.51224211975932
-8.10683681,278272,161,,1718,76.21,,3872,0.0005,3.747675421014868e-16,69312,-1120.7356719970703,5.4221620336174965,42.013895817101
-8.31861862,278656,161,,1721,76.59,,3876,0.0005,3.511635355222442e-16,69440,-1098.385048866272,5.330778907984495,42.362428329885006
-13.658356800000002,278784,161,9.176953350564412,1721,77.84,17.398029072681197,3880,,,,,,
-13.768585899999998,278912,161,,1722,77.66,,3884,0.0005,3.4017514129286574e-16,69504,-1091.8581237792969,5.447894465178251,59.611084051430225
-17.373587329999996,279072,161,,1725,77.94,,3888,0.0005,3.295764827216687e-16,69568,-1111.228229522705,5.315136708319187,65.84055571258068
-14.807323280000002,279584,161,,1729,76.31,,3892,0.0005,3.088551633540458e-16,69696,-1115.3956775665283,5.445957776159048,64.8487587980926
-19.70018012,280160,161,,1733,75.97,,3896,0.0005,2.899109650182864e-16,69824,-1085.1058349609375,5.277225270867348,61.59362392127514
-22.03144573,280608,161,,1737,76.63,,3900,0.0005,2.7211678596199217e-16,69952,-1079.07399559021,5.370157636702061,52.064016446471214
-22.080459080000004,280896,161,,1738,76.44,,3904,0.0005,2.637800072808877e-16,70016,-1081.6326084136963,5.446848779916763,54.0618087425828
-20.05069545,281216,161,,1741,76.33,,3908,0.0005,2.555340187030461e-16,70080,-1130.5665245056152,5.607000194489956,51.553592663258314
-23.564672779999995,281536,161,,1741,77.14,,3912,0.0005,2.4738129225772805e-16,70144,-1134.063591003418,5.3801541812717915,52.50715181231499
-27.25406905,281824,161,,1745,77.87,,3916,0.0005,2.3940825880636825e-16,70208,-1125.8418865203857,5.632030181586742,52.88683616369963
-24.35978986,282144,161,,1748,76.64,,3920,0.0005,2.2447208699414245e-16,70336,-1131.9235343933105,5.691218353807926,56.93806554377079
-26.90161831,282368,161,,1749,76.86,,3924,,,,,,
-29.665570699999993,282528,161,,1749,78.09,,3928,0.0005,2.1740152289391933e-16,70400,-1114.4135360717773,5.441332042217255,57.696054723113775
-27.42677156,283104,161,11.633075222174094,1753,78.56,20.780811703747656,3932,0.0005,2.0394372983827408e-16,70528,-1123.1818408966064,5.349461920559406,57.239908162504435
-28.80598271,283424,161,,1756,80.35,,3936,0.0005,1.9134941159891885e-16,70656,-1079.8091764450073,5.616578530520201,70.8109921514988
-30.34643621,283808,161,,1759,79.2,,3940,0.0005,1.8555234126896757e-16,70720,-1097.2428607940674,5.6232322826981544,68.77438217774034
-30.323163960000002,284128,161,,1759,78.9,,3944,0.0005,1.7978120904827927e-16,70784,-1117.9836196899414,5.495565306395292,54.21196327358484
-28.789292919999998,284384,161,,1763,80.49,,3948,0.0005,1.740960920307679e-16,70848,-1142.5464611053467,5.637639414519072,63.00432172417641
-29.219688579999996,284640,161,,1764,81.37,,3952,0.0005,1.6859056006014487e-16,70912,-1122.0304164886475,5.52915757894516,59.434578608721495
-33.24539903,285184,161,,1769,80.47,,3956,0.0005,1.581554570163358e-16,71040,-1122.4199256896973,5.347277503460646,71.68170146644115
-31.778927010000004,285568,161,,1770,82.17,,3960,0.0005,1.484083062327118e-16,71168,-1106.438383102417,5.288835890591145,47.744386937469244
-32.42628854,285888,161,,1773,82.95,,3964,0.0005,1.4378455355135882e-16,71232,-1123.3463611602783,5.458657592535019,56.12681168317795
-32.247773630000005,286560,161,10.88316034640308,1776,82.57,18.32143881092866,3968,0.0005,1.3044775985533237e-16,71424,-1139.0820140838623,5.379869412630796,51.02783575281501
-29.008060659999998,286688,161,,1776,82.8,,3972,,,,,,
-31.31966876,286912,161,,1781,82.61,,3976,0.0005,1.2632632087275833e-16,71488,-1135.705654144287,5.552872180938721,75.77938275039196
-25.73621287,287360,161,29.801627023064025,1784,82.66,24.838282686993352,3980,0.0005,1.1840572343440403e-16,71616,-1141.8822422027588,5.48737246543169,51.950007781386375
-26.16367275,287648,161,,1784,83.69,,3984,0.0005,1.146486217360981e-16,71680,-1151.7740840911865,5.440753258764744,46.1868547424674
-22.608174710000004,288224,161,,1787,83.01,,3988,0.0005,1.0748674227292313e-16,71808,-1147.0940532684326,5.470013502985239,61.22332468256354
-24.44388131,288384,161,,1790,86.23,,3992,0.0005,1.0404966424250721e-16,71872,-1194.2337493896484,5.569081638008356,61.96550574526191
-21.32840749,288512,161,,1790,85.9,,3996,,,,,,
-19.774784869999998,288768,160,,1793,86.94,,4000,0.0005,1.006737592169193e-16,71936,-1148.0465240478516,5.363635960966349,49.67766762524843
-18.52633404,289056,161,26.052194686333944,1794,85.45,23.713797788466408,4004,0.0005,9.446791566698871e-17,72064,-1138.8449611663818,5.592374227941036,59.42348748445511
-19.969754910000002,289344,160,,1797,84.53,,4008,0.0005,9.151369687452511e-17,72128,-1137.1582260131836,5.533441077917814,38.21741974726319
-21.188049649999996,289920,160,,1801,83.29,,4012,0.0005,8.592726632980166e-17,72256,-1132.988145828247,5.370522689074278,50.2776790484786
-18.013460809999998,290272,161,,1801,83.48,,4016,0.0005,8.326524071351871e-17,72320,-1131.9861469268799,5.402184277772903,60.772707026451826
-21.357387640000006,290432,160,,1805,83.49,,4020,0.0005,8.06734842970673e-17,72384,-1148.254955291748,5.462108828127384,56.688652750104666
-22.90652189,290816,160,,1809,85.17,,4024,0.0005,7.812059285829911e-17,72448,-1158.7014617919922,5.428076609969139,50.56357887014747
-19.791629529999998,291008,160,,1809,84.48,,4028,0.0005,7.563390213151962e-17,72512,-1173.6556911468506,5.265946805477142,47.539087168872356
-19.67968088,291328,160,18.343544526418217,1813,83.42,20.493574968898194,4032,0.0005,7.32449121884306e-17,72576,-1145.7354011535645,5.4607148841023445,48.13474482297897
-21.092459329999997,291552,160,,1813,82.67,,4036,0.0005,7.092678505066019e-17,72640,-1176.1034297943115,5.248618271201849,44.401635587215424
-21.379504760000003,291872,160,,1816,83.27,,4040,0.0005,6.651490186191317e-17,72768,-1158.3551902770996,5.579704627394676,53.70461152866483
-24.6476552,292416,160,24.76455009370332,1820,84.01,22.233610000980875,4044,0.0005,6.233190895783903e-17,72896,-1155.9636783599854,5.544724725186825,65.77020801231265
-26.14027674,292832,160,,1820,83.55,,4048,0.0005,6.03829624536184e-17,72960,-1155.9023056030273,5.535529129207134,47.76438171043992
-22.67763864,293280,160,,1824,82.58,,4052,0.0005,5.661478263556128e-17,73088,-1189.9772968292236,5.312312737107277,51.58664618805051
-24.241080120000003,293376,160,27.017208841556798,1827,83.73,26.574850800903288,4056,,,,,,
-23.847691720000004,293856,160,,1828,82.47,,4060,0.0005,5.310067480646865e-17,73216,-1172.0228157043457,5.5631306283175945,71.14787974208593
-24.30546146,294368,160,,1832,83.4,,4064,0.0005,4.980926436759787e-17,73344,-1158.6465511322021,5.425697296857834,57.77198178321123
-24.225383030000003,294496,160,,1834,83.2,,4068,0.0005,4.825601128992055e-17,73408,-1176.0464401245117,5.601919174194336,55.294838692992926
-22.94835673,294720,160,,1834,81.98,,4072,0.0005,4.671409461914069e-17,73472,-1179.0831356048584,5.551686301827431,59.138400580734015
-19.0752482,295008,160,,1838,82.96,,4076,0.0005,4.525069108867101e-17,73536,-1162.2595710754395,5.361900858581066,56.20297805219889
-20.51004328,295296,160,22.54868302093075,1838,84.39,23.407418193678303,4080,0.0005,4.3828167082567644e-17,73600,-1178.6704540252686,5.24452306702733,49.69064658135176
-23.866037040000002,295552,160,,1842,82.91,,4084,0.0005,4.244171631958014e-17,73664,-1185.4456958770752,5.521809816360474,68.52682434022427
-25.755044759999997,295744,160,,1842,81.75,,4088,0.0005,4.1106748864327624e-17,73728,-1167.216745376587,5.715696025639772,74.94551531597972
-26.449590530000002,295904,160,,1842,78.86,,4092,,,,,,
-24.626255479999994,296384,160,,1846,80.28,,4096,0.0005,3.8568506432316234e-17,73856,-1201.6780090332031,5.546235993504524,35.78177087008953
-23.720420699999995,296960,160,,1853,79.23,,4100,0.0005,3.616200378318976e-17,73984,-1180.6407718658447,5.365835461765528,52.95208564028144
-24.002165920000003,297440,160,,1854,80.15,,4104,0.0005,3.3937207020343407e-17,74112,-1159.1888637542725,5.277716360986233,55.31401429325342
-21.15341985,297920,160,,1857,79.98,,4108,0.0005,3.185879584181389e-17,74240,-1185.1878108978271,5.440690867602825,55.20312698930502
-17.126650259999998,298208,160,,1860,81.37,,4112,0.0005,3.085587021326995e-17,74304,-1171.8527450561523,5.346870452165604,45.003042828291655
-20.162572709999996,298368,160,,1860,81.48,,4116,0.0005,2.9889967069293566e-17,74368,-1182.5382175445557,5.38975927233696,45.85910830646753
-17.97856431,298464,160,,1860,81.95,,4120,,,,,,
-16.140989940000004,299008,160,,1867,80.55,,4124,0.0005,2.803559364962037e-17,74496,-1178.2064113616943,5.481963142752647,75.3920648433268
-16.15622959,299456,160,,1868,82.71,,4128,0.0005,2.6304477068855207e-17,74624,-1205.636589050293,5.359363101422787,56.97691414505243
-16.09047518,299744,160,,1872,82.86,,4132,0.0005,2.546647670124544e-17,74688,-1194.2689723968506,5.417053982615471,40.60235599055886
-18.687572279999998,299872,160,,1872,81.9,,4136,0.0005,2.466526782801717e-17,74752,-1179.773609161377,5.513685412704945,53.002637192606926
-19.382343449999997,300000,160,,1872,82.35,,4140,,,,,,
-16.176994439999998,300160,160,7.696292353229775,1875,82.57,16.952186320141237,4144,0.0005,2.388918239454609e-17,74816,-1209.4096546173096,5.552859477698803,57.459879755973816
-18.99013646,300512,160,,1875,81.51,,4148,0.0005,2.312565808641754e-17,74880,-1184.0122814178467,5.747696302831173,60.03272357583046
-18.714406169999997,300992,160,,1879,81.59,,4152,0.0005,2.1708096155863117e-17,75008,-1194.6370735168457,5.362335179001093,61.8545585013926
-16.236979589999997,301376,159,,1883,81.66,,4156,0.0005,2.036939524676524e-17,75136,-1188.023078918457,5.541297785937786,51.18699349462986
-15.916535210000001,301728,159,,1887,81.18,,4160,0.0005,1.9734985715546457e-17,75200,-1167.1319541931152,5.324014525860548,50.358444821089506
-15.770085980000001,302016,159,,1887,80.42,,4164,0.0005,1.9128385789726554e-17,75264,-1154.7710418701172,5.262575324624777,40.66462564840913
-15.872644500000002,302144,159,19.823359514423643,1891,79.9,20.94052562882191,4168,0.0005,1.8528004504354248e-17,75328,-1238.3009796142578,5.6459400206804276,65.99063412472606
-15.62414803,302432,159,,1891,79.56,,4172,0.0005,1.7925935925628698e-17,75392,-1234.4393615722656,5.534711003303528,45.42782370746136
-17.070199229999997,303232,159,,1898,79.86,,4176,0.0005,1.628651376333111e-17,75584,-1196.1707668304443,5.407555893063545,45.24047148227692
-16.700980169999998,303552,159,,1898,79.16,,4180,0.0005,1.57763820186914e-17,75648,-1191.6222229003906,5.5139178186655045,33.33817470446229
-11.82830331,303808,159,,1901,78.23,,4184,0.0005,1.5281674064699116e-17,75712,-1215.9194736480713,5.570402532815933,49.578225791454315
-11.405219259999997,304224,159,,1906,80.19,,4188,0.0005,1.4322852724139525e-17,75840,-1180.0153312683105,5.509624272584915,49.17270816862583
-9.820735799999998,304416,159,19.389799665084343,1906,80.92,22.096005938744547,4192,0.0005,1.387937029479915e-17,75904,-1203.1623611450195,5.686937361955643,63.313139256089926
-16.173556300000005,304928,159,,1909,81.38,,4196,0.0005,1.3015315896318372e-17,76032,-1235.8617210388184,5.621030874550343,56.84074189513922
-19.329818940000003,305184,159,,1912,81.43,,4200,0.0005,1.2601912894751813e-17,76096,-1184.7611675262451,5.5075674913823605,60.83309153839946
-19.74640605,305504,159,,1912,81.18,,4204,0.0005,1.2211800029286389e-17,76160,-1206.5616931915283,5.693497307598591,57.74607853963971
-20.551166339999998,305760,159,,1915,82.14,,4208,0.0005,1.1829668720024368e-17,76224,-1203.5536403656006,5.369650986045599,40.09049475193024
-20.305941199999996,306272,159,,1918,81.55,,4212,0.0005,1.1103885781039166e-17,76352,-1211.94753074646,5.637750521302223,66.7484423816204
-17.046053960000005,306368,159,,1918,81.69,,4216,,,,,,
-16.71472483,306496,159,20.95756784286466,1919,81.4,23.7436359253403,4220,0.0005,1.075233705800794e-17,76416,-1230.410888671875,5.510669521987438,67.60147614404559
-17.781335770000002,306880,159,,1923,81.79,,4224,0.0005,1.0410175322739635e-17,76480,-1223.0778007507324,5.500799655914307,58.68651446700096
-15.699711270000002,307104,159,,1924,79.7,,4228,0.0005,1.007933116308516e-17,76544,-1231.377908706665,5.647702045738697,58.98034309595823
-16.727730389999998,307360,159,,1927,80.01,,4232,0.0005,9.758335687222379e-18,76608,-1222.1236400604248,5.363622587174177,69.2754543852061
-16.9694689,307904,159,,1932,80.06,,4236,0.0005,9.151398801625134e-18,76736,-1228.278902053833,5.414333634078503,56.89566324278712
-16.45954085,308256,159,,1935,80.44,,4240,0.0005,8.587225990474144e-18,76864,-1216.1921634674072,5.422631986439228,59.21059497073293
-18.90576138,308800,159,,1938,79.66,,4244,0.0005,8.052685283331338e-18,76992,-1236.4346809387207,5.396580219268799,50.63018802925944
-17.73576664,308928,159,15.66066171178282,1939,79.1,22.5646014608404,4248,,,,,,
-18.14589829,309344,159,,1943,79.58,,4252,0.0005,7.555121514123607e-18,77120,-1199.453863143921,5.466525569558144,59.49964049458504
-16.19299346,309632,159,,1943,80.92,,4256,0.0005,7.319306706672579e-18,77184,-1249.3251495361328,5.65246844291687,85.63964183628559
-19.0431249,310112,159,,1948,80.65,,4260,0.0005,6.8642277350567904e-18,77312,-1220.5883617401123,5.357051372528076,54.08442432805896
-19.89491858,310432,159,,1951,81.12,,4264,0.0005,6.64888873676905e-18,77376,-1241.4155654907227,5.624944724142551,67.19982137158513
-20.469773399999994,310624,159,,1952,82.2,,4268,0.0005,6.438116292450485e-18,77440,-1238.662244796753,5.463376305997372,74.59982476010919
-21.954770459999995,310912,159,,1954,83.41,,4272,0.0005,6.231977242171999e-18,77504,-1278.442876815796,5.351937234401703,57.31471047177911
-20.87281512,311232,159,,1954,84.4,,4276,0.0005,6.030814975747726e-18,77568,-1246.2066249847412,5.447601653635502,56.239135693758726
-20.023249200000006,311392,159,,1958,83.25,,4280,0.0005,5.840331895374849e-18,77632,-1232.951431274414,5.297025635838509,45.34927398338914
-20.3978528,312000,159,13.986133137486119,1961,84.15,21.78899103934514,4284,0.0005,5.48110341427918e-18,77760,-1242.5215339660645,5.477040778845549,56.37536845728755
-18.840005740000002,312480,158,,1965,82.93,,4288,0.0005,5.140922737803848e-18,77888,-1258.3403759002686,5.4862100556492805,61.12146746367216
-18.187701219999997,312832,158,,1968,82.27,,4292,0.0005,4.976746831418815e-18,77952,-1265.4966201782227,5.37039190903306,54.005274910479784
-12.399579690000001,313056,158,,1969,81.82,,4296,0.0005,4.819354510452708e-18,78016,-1233.0247192382812,5.325945001095533,51.63070261105895
-11.361854350000002,313600,158,,1973,81.19,,4300,0.0005,4.520933090774532e-18,78144,-1255.1529445648193,5.1318762712180614,42.30823355540633
-16.23185211,313792,158,,1974,81.66,,4304,0.0005,4.377984370817018e-18,78208,-1255.4052925109863,5.199976980686188,41.48448262363672
-17.75918443,314144,158,,1978,81.98,,4308,0.0005,4.104802318966412e-18,78336,-1251.8276538848877,5.2745404206216335,52.271079923957586
-19.17655296,314432,158,,1982,83.36,,4312,0.0005,3.975753386925874e-18,78400,-1246.7643947601318,5.60573223233223,54.952974546700716
-19.5747645,314720,158,,1983,83.44,,4316,0.0005,3.851344065704706e-18,78464,-1242.534481048584,5.1371383629739285,32.22140381857753
-20.7700279,315104,158,11.359808436614362,1986,81.77,20.402509453591414,4320,0.0005,3.730145400794723e-18,78528,-1282.375717163086,5.600108757615089,55.692297488451004
-21.40700423,315360,158,,1986,81.83,,4324,0.0005,3.610403200610641e-18,78592,-1268.3366317749023,5.26356640085578,47.80057462118566
-25.59125438,315648,158,,1990,83.02,,4328,0.0005,3.496395727291116e-18,78656,-1244.7586612701416,5.440428104251623,47.70732159167528
-24.126601600000004,316160,158,27.56157455740391,1994,81.96,24.0473177932806,4332,0.0005,3.2826690235706893e-18,78784,-1254.4297847747803,5.30285831540823,42.43937896564603
-18.579603470000006,316448,158,,1997,83.01,,4336,0.0005,3.0781176980103848e-18,78912,-1281.0483207702637,5.383691385388374,61.29928474500775
-16.81653308,317088,158,,2002,83.76,,4340,0.0005,2.884650582964768e-18,79040,-1308.570957183838,5.716376505792141,62.46169262751937
-13.907819749999996,317408,158,,2002,83.3,,4344,0.0005,2.7919478054810966e-18,79104,-1267.6531105041504,5.3761290200054646,75.50660863518715
-14.638932819999997,317696,158,,2006,83.32,,4348,0.0005,2.704117716341428e-18,79168,-1272.1149272918701,5.510599926114082,56.8436739705503
-14.033450060000002,317952,158,,2008,85.61,,4352,0.0005,2.6190895690486375e-18,79232,-1261.2124691009521,5.4670601561665535,64.54424028471112
-15.102773990000001,318304,158,,2009,86.06,,4356,0.0005,2.4551954792208927e-18,79360,-1291.3159160614014,5.437151234596968,61.55937771126628
-14.34201176,318784,158,,2012,88.25,,4360,0.0005,2.3022264936557157e-18,79488,-1262.3998069763184,5.3896907940506935,54.72921789996326
-14.804606589999999,319168,158,,2016,89.18,,4364,0.0005,2.229793389341744e-18,79552,-1292.6679725646973,5.326488133519888,42.83089902251959
-13.814967470000001,319552,158,,2019,88.48,,4368,0.0005,2.091120120401272e-18,79680,-1285.5838871002197,5.52097537368536,63.50451451539993
-13.218382760000003,319808,158,10.207327042084806,2020,88.26,20.37825451245472,4372,0.0005,2.0256105565884607e-18,79744,-1268.2508373260498,5.190095480531454,49.36290470138192
-13.83080415,320288,158,,2024,87.75,,4376,0.0005,1.8999307861128137e-18,79872,-1286.605453491211,5.4963059686124325,57.950809605419636
-16.166772190000003,320640,158,,2027,89.16,,4380,0.0005,1.84000559616353e-18,79936,-1282.6576385498047,5.495863124728203,53.15442877262831
-19.80120179,320960,158,,2027,89.69,,4384,0.0005,1.7820796080507334e-18,80000,-1284.8450298309326,5.64139187335968,49.81001655757427
-20.16889842,321664,158,,2034,89.57,,4388,0.0005,1.6193663201629952e-18,80192,-1277.18505859375,5.33363937959075,64.15189369022846
-19.679213790000002,321952,158,,2035,89.05,,4392,0.0005,1.5686568689716128e-18,80256,-1263.0094165802002,5.567964177578688,49.059733495116234
-22.82488663,322176,158,19.021636969596486,2038,89.28,22.80340615811988,4396,0.0005,1.5199554277977713e-18,80320,-1286.7333145141602,5.419084340333939,47.39283813908696
-24.27979608,322496,158,,2039,90.58,,4400,0.0005,1.4721562548797048e-18,80384,-1282.9468822479248,5.522372707724571,58.251093585044146
-19.828221120000002,322624,158,,2041,90.83,,4404,0.0005,1.4260387239910872e-18,80448,-1263.1617012023926,5.176847625523806,53.01347340270877
-19.894554460000002,322848,158,,2042,91.13,,4408,0.0005,1.381867356828938e-18,80512,-1299.979253768921,5.509334858506918,56.67722937837243
-23.806240089999996,323776,157,,2049,92.07,,4412,0.0005,1.2535012106852741e-18,80704,-1322.0478763580322,5.405266761779785,53.512149695307016
-23.143496690000003,324096,157,22.110087466918404,2053,91.93,19.87695469820041,4416,0.0005,1.2130800800876357e-18,80768,-1318.463207244873,5.282367452979088,54.81536161899567
-24.068917830000004,324352,157,,2053,92.22,,4420,0.0005,1.1747932224888133e-18,80832,-1296.3189144134521,5.458492610603571,64.32368418574333
-26.354304630000005,324672,157,,2056,93.67,,4424,0.0005,1.1015235235360595e-18,80960,-1306.337760925293,5.350647792220116,50.825761914253235
-22.315400539999995,325184,157,,2060,92.2,,4428,0.0005,1.0331352871810325e-18,81088,-1318.047462463379,5.186878718435764,38.27625457942486
-23.459349789999997,325696,157,,2064,92.86,,4432,0.0005,9.702360565810197e-19,81216,-1291.7589302062988,5.307791210711002,45.70083625614643
-24.50950168,326144,157,,2066,93.63,,4436,0.0005,9.397859581887258e-19,81280,-1314.9448947906494,5.215189170092344,36.60507425107062
-24.48814809,326240,157,,2067,93.38,,4440,0.0005,9.102931339473545e-19,81344,-1278.0436096191406,5.254249684512615,52.333611492067575
-28.202305860000003,326560,157,,2068,94.33,,4444,0.0005,8.818750903559152e-19,81408,-1314.5320568084717,5.4823629558086395,60.98010152950883
-26.215526790000002,326784,157,,2070,96.35,,4448,0.0005,8.540163476821518e-19,81472,-1308.7540187835693,5.571178458631039,48.03134298697114
-25.301502579999998,327488,157,,2074,94.6,,4452,0.0005,7.76070249375402e-19,81664,-1316.5982418060303,5.6530751734972,67.4412096068263
-25.56059948,327648,157,,2074,95.86,,4456,,,,,,
-27.345479709999996,327968,157,,2078,94.45,,4460,0.0005,7.269821658886773e-19,81792,-1326.8080654144287,5.512873839586973,60.36517818644643
-25.62706262,328320,157,,2081,92.5,,4464,0.0005,7.04321208079934e-19,81856,-1299.8574047088623,5.470855727791786,47.880641765892506
-24.55148874,328736,157,,2084,91.16,,4468,0.0005,6.601752460254652e-19,81984,-1298.0776691436768,5.373289007693529,53.46098651736975
-25.320438139999997,329184,157,7.454730046048152,2085,91.93,16.68487065918003,4472,0.0005,6.39717750350134e-19,82048,-1322.4992752075195,5.6496716141700745,61.66073180735111
-24.75897805,329536,157,,2088,92.43,,4476,0.0005,6.003190852676515e-19,82176,-1285.586919784546,5.527933567762375,46.457682356238365
-23.66709111,330144,157,,2092,92.05,,4480,0.0005,5.635618962633541e-19,82304,-1323.9046325683594,5.4460103288292885,38.00946091115475
-21.373941960000003,330560,157,,2096,92.95,,4484,0.0005,5.278598245979822e-19,82432,-1339.7176914215088,5.565758004784584,54.440691106021404
-20.6956333,330816,157,25.93573975620647,2100,93.15,24.92162776920846,4488,0.0005,5.112180193843043e-19,82496,-1320.4255256652832,5.40102968737483,40.45252043381333
-25.287776570000002,331264,157,,2103,94.63,,4492,0.0005,4.952023244630502e-19,82560,-1356.6423225402832,5.323317129164934,43.29191604629159
-23.329161889999995,331744,157,,2104,95.53,,4496,0.0005,4.640933823674128e-19,82688,-1314.0884475708008,5.471746556460857,48.03206979483366
-23.897901309999998,331936,157,,2108,95.18,,4500,0.0005,4.495193235055515e-19,82752,-1348.8348083496094,5.385303042829037,42.45306499302387
-26.890133839999997,332096,157,,2109,95.01,,4504,0.0005,4.352627065128674e-19,82816,-1357.8541355133057,5.570710577070713,55.58032160997391
-28.78056213,332448,157,21.384993883428262,2112,94.29,22.94943870763733,4508,0.0005,4.212737995784114e-19,82880,-1373.3834209442139,5.314075220376253,46.107985351234674
-24.450177730000004,332672,157,,2112,93.92,,4512,0.0005,4.077611289569357e-19,82944,-1349.5730056762695,5.429055187851191,41.073271583765745
-27.82310788,332896,157,,2116,93.83,,4516,0.0005,3.94905497427975e-19,83008,-1323.7732963562012,5.318562127649784,51.68840862065554
-23.9215733,333216,157,,2116,93.74,,4520,0.0005,3.8242938670381126e-19,83072,-1374.2126560211182,5.451121054589748,45.475725423544645
-24.354028720000006,333536,157,,2119,93.24,,4524,0.0005,3.7030695142927007e-19,83136,-1327.188138961792,5.537705857306719,49.086561281234026
-26.30717676,333824,157,,2122,92.08,,4528,0.0005,3.588384791693409e-19,83200,-1312.1377773284912,5.2935410514473915,56.91328675672412
-27.96532158,334304,157,,2123,91.32,,4532,0.0005,3.3682433580603897e-19,83328,-1328.0790672302246,5.361436400562525,58.30971365980804
-28.38350244,334688,157,,2126,90.79,,4536,0.0005,3.161917573374207e-19,83456,-1317.5038166046143,5.398697607219219,40.18441244214773
-27.633944509999996,334912,157,15.009967712246699,2130,89.83,21.411179241258225,4540,0.0005,3.06481921950774e-19,83520,-1302.3790855407715,5.377756781876087,49.945705849677324
-27.23408576,335200,157,,2130,88.22,,4544,0.0005,2.97063140240853e-19,83584,-1318.9052238464355,5.468701723963022,63.305436696857214
-26.6614615,335616,157,,2134,86.88,,4548,0.0005,2.877752344173712e-19,83648,-1373.126335144043,5.660104054957628,66.90325681492686
-26.168535660000007,335936,157,,2138,88.28,,4552,0.0005,2.6961464562748285e-19,83776,-1325.071641921997,5.342866722494364,53.95191652327776
-26.803434660000004,336064,157,,2138,84.83,,4556,,,,,,
-23.25724326,336448,157,25.813994165438302,2141,84.76,25.573168896224995,4560,0.0005,2.532246438050096e-19,83904,-1351.273344039917,5.554043032228947,57.303347568959
-23.29231581,336992,157,,2145,84.98,,4564,0.0005,2.374660081838034e-19,84032,-1368.4808521270752,5.555984891951084,75.97512174770236
-28.20135901,337120,157,,2145,86.39,,4568,,,,,,
-27.58409911,337504,157,,2149,85.65,,4572,0.0005,2.2277614767125573e-19,84160,-1364.0941848754883,5.553208142518997,43.028037345036864
-29.00086112000001,337792,157,,2149,84.62,,4576,0.0005,2.1571789062914247e-19,84224,-1354.9427299499512,5.722348399460316,55.50173131003976
-28.142961270000004,337952,156,,2153,83.0,,4580,0.0005,2.088890610964294e-19,84288,-1368.681776046753,5.8495288118720055,64.53019596263766
-30.987066790000007,338208,157,,2153,81.96,,4584,0.0005,2.023519676240577e-19,84352,-1318.4638080596924,5.440784864127636,56.808207251131535
-30.521505570000013,338624,156,18.940905962805374,2157,81.36,24.156624820209377,4588,0.0005,1.9609153799575857e-19,84416,-1350.365104675293,5.430312156677246,47.06853657588363
-26.59749367,339040,156,,2161,81.05,,4592,0.0005,1.8388738470839795e-19,84544,-1373.4221954345703,5.425492402166128,59.10124419815838
-25.917547719999998,339392,157,,2161,78.46,,4596,0.0005,1.780527848725533e-19,84608,-1357.0434284210205,5.387925744056702,28.441465750336647
-24.317862730000005,339520,156,,2164,79.17,,4600,0.0005,1.7245080535018218e-19,84672,-1366.1522731781006,5.401106093078852,48.887197967618704
-19.939753710000005,339616,156,,2164,77.32,,4604,,,,,,
-16.039571530000003,340416,157,,2168,76.83,,4608,0.0005,1.5677196034634467e-19,84864,-1360.6208362579346,5.648497857153416,55.35594064369798
-17.462315290000003,340768,156,,2172,77.24,,4612,0.0005,1.470819930463738e-19,84992,-1324.6621265411377,5.414188511669636,52.21291819214821
-13.89136981,341024,156,,2175,77.6,,4616,0.0005,1.425562770809752e-19,85056,-1324.2433280944824,5.525100521743298,49.404675509780645
-13.260689839999996,341216,156,16.647941846608695,2175,76.5,22.287081144043707,4620,,,,,,
-11.21167368,341440,156,,2176,77.5,,4624,0.0005,1.3816432324843047e-19,85120,-1341.8407516479492,5.514929637312889,49.572167705744505
-9.227972509999997,341696,156,,2179,78.76,,4628,0.0005,1.3387429297114359e-19,85184,-1352.277702331543,5.498774535953999,64.27689163386822
-7.0590948000000004,342016,156,,2183,78.67,,4632,0.0005,1.2963796541603247e-19,85248,-1384.0824909210205,5.441733323037624,48.76096327230334
-5.684976799999999,342656,156,,2188,77.99,,4636,0.0005,1.1766812254823583e-19,85440,-1369.5905952453613,5.422679368406534,40.73686646297574
-7.009747750000002,343104,156,,2191,78.6,,4640,0.0005,1.1038634074626446e-19,85568,-1354.8058185577393,5.419570166617632,45.71802778914571
-4.462365700000001,343456,156,,2191,79.25,,4644,0.0005,1.0691034514999631e-19,85632,-1382.3770809173584,5.281651861965656,37.346473732963204
-8.592924090000002,343552,156,9.463521424409654,2195,80.8,16.69479675400658,4648,,,,,,
-12.094117129999999,343776,156,,2195,79.49,,4652,0.0005,1.0353680059818522e-19,85696,-1387.2633514404297,5.584002185612917,51.947682827711105
-9.62415794,344416,156,,2199,80.19,,4656,0.0005,9.387763527471558e-20,85888,-1377.5004959106445,5.469179090112448,37.18501751869917
-9.43038865,344672,156,,2202,80.6,,4660,0.0005,9.095268100787545e-20,85952,-1360.0268955230713,5.4053845927119255,41.72983489185572
-10.574944720000001,344800,156,,2202,81.3,,4664,,,,,,
-8.165288859999999,345216,156,,2206,79.65,,4668,0.0005,8.535464584051754e-20,86080,-1390.4382247924805,5.31330019235611,45.69539741426706
-13.82459816,345568,156,,2207,80.27,,4672,0.0005,8.265787649462324e-20,86144,-1387.3114261627197,5.671665884554386,61.48516856506467
-11.285460650000003,345824,156,,2211,79.56,,4676,0.0005,8.004367798960666e-20,86208,-1393.4057693481445,5.672906316816807,50.186964344233274
-13.292202670000002,346144,156,,2214,79.88,,4680,0.0005,7.50517709271553e-20,86336,-1386.069004058838,5.564022872596979,45.1231724396348
-9.527789030000001,346272,156,,2214,79.43,,4684,,,,,,
-13.815569950000002,346720,156,13.295639458785809,2218,79.63,20.72658181430944,4688,0.0005,7.042289215019298e-20,86464,-1403.6142311096191,5.619914777576923,57.48702843859792
-14.323896880000001,347232,156,,2222,80.1,,4692,0.0005,6.599219795181625e-20,86592,-1387.8469486236572,5.261630088090897,46.119520239531994
-12.539865820000003,347456,156,,2222,81.16,,4696,0.0005,6.391931534557845e-20,86656,-1386.05220413208,5.4496190175414085,57.905780512839556
-11.88439147,347744,156,,2227,80.43,,4700,0.0005,6.193905121952665e-20,86720,-1353.951524734497,5.324852880090475,46.81255431845784
-13.647678850000002,348096,156,,2227,79.91,,4704,0.0005,6.002634660552381e-20,86784,-1386.4319343566895,5.468260005116463,55.44576118141413
-17.994564510000004,348640,156,,2231,82.98,,4708,0.0005,5.627658350901741e-20,86912,-1394.4651126861572,5.324032194912434,38.55925499275327
-17.15882191,349024,156,,2234,82.69,,4712,0.0005,5.27809431809947e-20,87040,-1401.9894180297852,5.504097394645214,37.487850695848465
-20.704086779999997,349152,156,,2234,82.99,,4716,,,,,,
-22.491145640000003,349792,156,,2240,83.82,,4720,0.0005,4.797203922678013e-20,87232,-1358.988691329956,5.247112549841404,48.573690090328455
-22.397698209999998,350112,156,10.56496779015183,2241,83.26,19.554052703592603,4724,0.0005,4.6501762089164736e-20,87296,-1380.352710723877,5.38591293990612,47.62574679404497
-22.631884950000003,350336,156,,2243,83.64,,4728,0.0005,4.506738269181926e-20,87360,-1365.7215061187744,5.484534837305546,55.356119606643915
-22.452312750000004,350720,156,,2247,83.52,,4732,0.0005,4.36761594133524e-20,87424,-1374.0077629089355,5.390498895198107,50.16503357514739
-24.054146139999997,351072,156,,2247,84.48,,4736,0.0005,4.0991348088065094e-20,87552,-1367.56178855896,5.539528518915176,58.15687093883753
-24.187138840000003,351552,156,,2250,84.84,,4740,0.0005,3.8483124828889774e-20,87680,-1407.6486930847168,5.478751454502344,50.67255310341716
-25.51979239,351648,156,,2250,85.57,,4744,,,,,,
-24.02479123,352000,156,,2254,84.6,,4748,0.0005,3.726042450458831e-20,87744,-1413.4133472442627,5.467372044920921,43.52895841747522
-19.69966468,352192,156,,2255,83.74,,4752,0.0005,3.607841915411537e-20,87808,-1430.147720336914,5.501403879374266,69.42104821652174
-19.515479850000002,352512,156,,2258,83.52,,4756,0.0005,3.491111771653187e-20,87872,-1442.9165325164795,5.404623344540596,45.02606286853552
-25.466246610000002,352768,155,,2261,84.11,,4760,0.0005,3.3795519712045944e-20,87936,-1401.7063484191895,5.467090912163258,40.45552807673812
-28.891116960000005,353024,156,10.308424952185035,2262,85.09,19.97562199671725,4764,0.0005,3.273182633174286e-20,88000,-1421.5637855529785,5.640302136540413,47.80649900063872
-23.485609049999997,353632,156,,2265,84.72,,4768,0.0005,2.970042254326349e-20,88192,-1437.713394165039,5.555884435772896,55.144716784358025
-19.94068847,354080,156,,2269,84.13,,4772,0.0005,2.785376343421677e-20,88320,-1441.260654449463,5.3280451484024525,34.1901598200202
-20.9820357,354304,155,,2272,84.58,,4776,,,,,,
-21.39361042,354912,155,,2276,84.83,,4780,0.0005,2.5290520547403172e-20,88512,-1424.7487773895264,5.468915529549122,41.29014899581671
-24.349179520000007,355488,155,,2279,85.52,,4784,0.0005,2.37128769162323e-20,88640,-1426.925193786621,5.707825727760792,59.61306840926409
-25.40644201,355744,156,,2280,86.71,,4788,0.0005,2.2958945459229928e-20,88704,-1467.3050117492676,5.655197456479073,58.66776276752353
-25.64737054,356096,156,,2282,85.9,,4792,0.0005,2.2225624501678506e-20,88768,-1426.1985988616943,5.4690507017076015,48.34849578142166
-25.99941176,356320,156,,2282,87.07,,4796,0.0005,2.1527891571294726e-20,88832,-1422.7399635314941,5.554036490619183,55.61339135095477
-28.14786567,356704,155,,2287,89.23,,4800,0.0005,2.018689003057527e-20,88960,-1458.004825592041,5.326471254229546,48.18565497174859
-28.256469579999994,357120,155,,2291,89.43,,4804,0.0005,1.9546793246923756e-20,89024,-1440.8767986297607,5.555743455886841,40.04587419331074
-24.24417613,357472,155,10.601177638769304,2295,87.18,17.078429729387945,4808,0.0005,1.8332872225056257e-20,89152,-1451.6684761047363,5.633244730532169,58.69432682543993
-24.948973860000002,357664,155,,2295,87.23,,4812,0.0005,1.775482867909172e-20,89216,-1413.2221374511719,5.489355597645044,56.58565469458699
-26.236842229999997,357984,155,,2298,87.58,,4816,0.0005,1.7202339102015903e-20,89280,-1427.6058979034424,5.4968999698758125,37.89107527770102
-25.156947920000004,358432,155,,2302,87.1,,4820,0.0005,1.614235033874148e-20,89408,-1438.2795677185059,5.437437422573566,55.34932962432504
-25.068552909999998,358880,155,,2303,87.32,,4824,0.0005,1.5633087638212036e-20,89472,-1456.8642044067383,5.492744497954845,56.32239517197013
-25.530065210000004,359392,155,,2306,87.09,,4828,0.0005,1.4672314832376797e-20,89600,-1437.7444343566895,5.521021641790867,52.237469950690866
-25.028305620000005,359840,155,,2311,87.48,,4832,0.0005,1.3754563698278377e-20,89728,-1460.2245979309082,5.601900435984135,48.83870241045952
-25.78462507,360256,155,,2314,87.87,,4836,0.0005,1.2894800694337247e-20,89856,-1450.9267082214355,5.427195452153683,63.130701031535864
-26.783827819999992,360448,155,,2317,87.82,,4840,,,,,,
-24.096276619999994,360640,155,,2317,85.73,,4844,0.0005,1.2487449255457298e-20,89920,-1466.7875747680664,5.556934975087643,61.473842941224575
-26.071221219999998,361024,155,,2321,88.68,,4848,0.0005,1.1715771772857692e-20,90048,-1434.2694988250732,5.326831571757793,41.05354316160083
-26.5930739,361216,155,,2321,88.99,,4852,,,,,,
-30.040374500000006,361536,155,9.178143588237978,2325,90.75,19.3599198492523,4856,0.0005,1.0994273063485146e-20,90176,-1427.3769989013672,5.530449487268925,51.20636831969023
-24.48602095,361760,155,,2325,90.64,,4860,0.0005,1.0648723171487197e-20,90240,-1475.1372451782227,5.624203585088253,64.18321276083589
-21.728791510000004,362016,155,,2329,90.23,,4864,0.0005,1.0312220251894685e-20,90304,-1449.5048999786377,5.393708657473326,60.16173818334937
-25.150683450000002,362496,155,,2332,90.96,,4868,0.0005,9.987726609935346e-21,90368,-1460.2232685089111,5.227578058838844,44.434819577261806
-25.409782930000002,362816,155,,2333,91.23,,4872,0.0005,9.368374810741904e-21,90496,-1458.4813899993896,5.693444214761257,54.98402799665928
-30.00059903,363104,155,26.211063225497423,2336,89.37,24.288064904586548,4876,0.0005,9.073021236237548e-21,90560,-1449.2520771026611,5.210309434682131,39.331765020266175
-26.91412357,363136,155,,2336,88.87,,4880,,,,,,
-27.362715090000002,363680,155,,2341,87.67,,4884,0.0005,8.511320426983166e-21,90688,-1452.334466934204,5.478126909583807,45.78259690478444
-23.066480069999997,364032,155,,2344,85.95,,4888,0.0005,8.243393362586359e-21,90752,-1483.6903285980225,5.583952087908983,51.1774737238884
-26.926502190000004,364192,155,,2344,86.52,,4892,0.0005,7.979149180522554e-21,90816,-1481.764612197876,5.6863921992480755,43.994771748781204
-28.94918229,364768,155,,2349,85.25,,4896,0.0005,7.484130569016337e-21,90944,-1458.4663619995117,5.500870130956173,41.35547947511077
-30.950977049999995,365120,155,,2353,83.8,,4900,0.0005,7.01980189051926e-21,91072,-1474.6603260040283,5.558384828269482,54.95756497234106
-34.61040740999999,365184,155,,2353,84.08,,4904,,,,,,
-34.15477756,365568,155,,2356,83.69,,4908,0.0005,6.797833073599724e-21,91136,-1453.7914199829102,5.4881046414375305,50.64360156096518
-33.49726106999999,366304,155,,2360,82.36,,4912,0.0005,6.181813549087681e-21,91328,-1449.098129272461,5.438527509570122,55.78792588412762
-29.916372760000005,366432,155,,2360,82.56,,4916,0.0005,5.9890344410621714e-21,91392,-1446.202096939087,5.447670049965382,49.097286470234394
-30.096907699999996,366656,155,,2364,82.18,,4920,0.0005,5.804795326626418e-21,91456,-1438.4974098205566,5.513742730021477,63.47030897811055
-30.309616950000006,366784,155,,2364,82.18,,4924,,,,,,
-30.569627949999997,367040,155,11.355013504373257,2364,82.54,19.36084365092156,4928,0.0005,5.6216228467978324e-21,91520,-1514.4872665405273,5.429218091070652,48.72400925680995
-35.40430367999999,367456,155,,2367,83.95,,4932,0.0005,5.268099565288467e-21,91648,-1486.4514255523682,5.463099457323551,46.94626300036907
-36.43047545,368160,154,,2376,83.27,,4936,0.0005,4.7786261473858625e-21,91840,-1505.2024822235107,5.293529912829399,45.58110177703202
-35.45053122000001,368448,155,,2376,83.7,,4940,0.0005,4.627974805473811e-21,91904,-1466.3904190063477,5.640867613255978,52.437784377485514
-36.17023585,368800,154,,2380,83.71,,4944,0.0005,4.4836667824530635e-21,91968,-1485.6687908172607,5.578997306525707,41.69960955530405
-31.713477329999996,369088,155,21.730082397008534,2380,80.99,19.099637386230935,4948,0.0005,4.3422746733279385e-21,92032,-1467.4020805358887,5.59108991920948,58.10823142156005
-30.123419809999994,369600,154,,2384,80.13,,4952,0.0005,4.076411250126528e-21,92160,-1503.150260925293,5.545998588204384,46.441011575981975
-28.861520300000002,369920,154,,2388,79.81,,4956,0.0005,3.947781768177288e-21,92224,-1488.2508449554443,5.777283109724522,51.13066027313471
-31.171355170000005,370048,154,,2388,81.73,,4960,0.0005,3.823869693373932e-21,92288,-1448.693130493164,5.835441932082176,34.689875055104494
-29.89181236,370400,154,,2391,79.95,,4964,0.0005,3.706301366602211e-21,92352,-1468.8603019714355,5.656083047389984,43.94539815187454
-27.822902799999998,370656,154,26.39187905036146,2392,79.96,22.889188506508155,4968,0.0005,3.588418745024076e-21,92416,-1528.331413269043,5.48094892129302,50.05862785503268
-28.910150599999998,370848,154,,2395,80.29,,4972,0.0005,3.474316938127161e-21,92480,-1501.2986183166504,5.391755796968937,34.57477840036154
-30.654628829999996,371456,154,,2399,82.29,,4976,0.0005,3.2583680828584348e-21,92608,-1506.1515064239502,5.5454070046544075,47.125318102538586
-29.44976414,371744,154,,2403,83.5,,4980,0.0005,3.0556540700589026e-21,92736,-1494.9921951293945,5.4696676060557365,55.47400691173971
-25.933225549999996,372160,154,,2404,83.36,,4984,0.0005,2.9594676382629113e-21,92800,-1508.5911865234375,5.477435637265444,49.12564154714346
-28.18271779,372672,154,,2408,83.13,,4988,0.0005,2.7774916048366125e-21,92928,-1463.3710613250732,5.554256655275822,38.73495353758335
-24.31352114,373056,154,,2412,83.58,,4992,0.0005,2.605820533990419e-21,93056,-1501.8975830078125,5.6576949171721935,58.40995379909873
-24.722287579999996,373536,154,,2416,83.94,,4996,0.0005,2.443215055822469e-21,93184,-1536.641305923462,5.736577607691288,58.651393204927444
-24.582970220000004,373888,154,,2420,85.6,,5000,0.0005,2.3634878975804394e-21,93248,-1578.8678283691406,5.6144988387823105,42.15032083168626
-14.62250285,374144,154,,2420,85.45,,5004,0.0005,2.28656228102455e-21,93312,-1531.9684886932373,5.61617024987936,56.96297014132142
-17.515574819999998,374432,154,,2423,87.14,,5008,0.0005,2.2138723805240413e-21,93376,-1505.7922706604004,5.670095305889845,53.578754018992186
-18.397817470000003,374976,154,9.849330365401284,2427,88.99,18.028962038375603,5012,0.0005,2.077974375214862e-21,93504,-1524.339677810669,5.504814647138119,51.85555757582188
-18.826850869999998,375584,154,,2431,89.23,,5016,0.0005,1.8884109703170646e-21,93696,-1518.2859573364258,5.5008173286914825,39.82291127741337
-21.748507170000003,375680,154,,2431,89.92,,5020,,,,,,
-22.75401026,376032,154,,2435,90.46,,5024,0.0005,1.8279771157626572e-21,93760,-1551.6981716156006,5.69727236777544,47.94115620106459
-24.621134840000003,376224,154,16.6615540373248,2436,89.24,22.85071211812979,5028,0.0005,1.7702246372904195e-21,93824,-1500.4762325286865,5.477379102259874,42.74607268348336
-22.337636049999997,376800,154,,2439,90.07,,5032,0.0005,1.660472726176307e-21,93952,-1538.8468341827393,5.628193840384483,40.97602880932391
-20.22944073,377440,154,,2444,89.75,,5036,0.0005,1.5063955459463327e-21,94144,-1544.482587814331,5.369237404316664,45.17175241187215
-19.774304620000002,377792,154,,2445,90.18,,5040,0.0005,1.4587792706184683e-21,94208,-1512.0685443878174,5.579908519983292,56.23111120052636
-21.654662050000002,378048,154,,2448,90.84,,5044,0.0005,1.4129601955598182e-21,94272,-1555.5863800048828,5.538503773510456,37.288333993405104
-22.808494059999997,378304,154,,2449,92.08,,5048,0.0005,1.3678556675536738e-21,94336,-1543.1143417358398,5.663742516189814,49.607436150312424
-24.58374536,378816,154,,2453,93.21,,5052,0.0005,1.282168884476031e-21,94464,-1565.2879390716553,5.509258300065994,30.571193158626556
-24.31141312,379168,154,,2458,92.81,,5056,0.0005,1.202519299659977e-21,94592,-1558.2773818969727,5.6305370554327965,46.06874430924654
-25.872849880000004,379296,154,,2458,92.36,,5060,,,,,,
-28.839255959999996,379872,154,,2462,92.47,,5064,0.0005,1.1274773567280105e-21,94720,-1548.7038707733154,5.624403066933155,50.343397775664926
-28.76407615,380416,154,,2469,92.83,,5068,0.0005,1.0567442604127824e-21,94848,-1567.3967876434326,5.437290973961353,46.72863165847957
-33.58155981,380576,154,,2469,92.55,,5072,0.0005,1.0232916592051901e-21,94912,-1542.0108184814453,5.511582657694817,47.53464587405324
-30.700544000000004,380896,154,,2470,92.11,,5076,0.0005,9.911092723608538e-22,94976,-1574.3669509887695,5.594021491706371,37.32145894691348
-32.67528293000001,381024,153,9.13939659980043,2474,93.4,17.614366476438075,5080,0.0005,9.597188198238252e-22,95040,-1545.3455600738525,5.511383555829525,44.404198579490185
-33.01832327,381312,154,,2474,93.95,,5084,0.0005,9.294437392984105e-22,95104,-1571.0325946807861,5.703572303056717,43.72875413671136
-30.636023589999994,381632,154,,2477,95.15,,5088,0.0005,8.998517681407064e-22,95168,-1575.742109298706,5.4223513007164,42.54248646646738
-36.17092379,382112,153,,2481,93.68,,5092,0.0005,8.439008050068347e-22,95296,-1534.4137859344482,5.681736811995506,60.97875640541315
-34.04317855,382272,154,,2482,93.63,,5096,0.0005,8.176044604194552e-22,95360,-1554.0369033813477,5.488585866987705,39.28743953257799
-34.71557083,382656,153,,2485,92.45,,5100,0.0005,7.917897737904201e-22,95424,-1577.5548992156982,5.645761922001839,43.69069849140942
-36.34001178,383072,153,,2488,93.35,,5104,0.0005,7.427254945727854e-22,95552,-1560.280746459961,5.661376286298037,57.82989379763603
-34.06399698999999,383392,154,19.000484419731556,2488,91.62,21.538399521123154,5108,0.0005,7.195229575371823e-22,95616,-1542.1857833862305,5.639586977660656,38.15502721071243
-31.197298449999995,383616,153,,2492,89.28,,5112,0.0005,6.969654491868122e-22,95680,-1567.6163902282715,5.717897690832615,62.33917051553726
-30.225745959999994,383936,154,,2493,88.64,,5116,0.0005,6.750258871379379e-22,95744,-1576.3070621490479,5.500866301357746,36.36004377156496
-26.55950363,384512,153,,2500,88.31,,5120,0.0005,6.336291213488853e-22,95872,-1538.6243801116943,5.531423605978489,49.56988135352731
-26.954778129999994,384928,153,,2501,88.7,,5124,0.0005,5.947548629442998e-22,96000,-1590.762222290039,5.606889896094799,54.97329654544592
-23.25936102,385248,153,,2504,87.61,,5128,0.0005,5.758026256356325e-22,96064,-1567.5935955047607,5.5197433196008205,42.327932719141245
-24.65750077,385632,153,,2507,86.51,,5132,0.0005,5.400584489738283e-22,96192,-1580.137119293213,5.662869922816753,56.084933049976826
-23.760335740000006,385888,153,,2508,86.29,,5136,0.0005,5.2313381532782415e-22,96256,-1530.0860958099365,5.635443203151226,53.892268743366
-30.609395059999997,386336,153,,2512,86.84,,5140,0.0005,4.909570846161783e-22,96384,-1553.668613433838,5.690180420875549,39.53485418856144
-30.33504197,386784,153,,2515,87.23,,5144,0.0005,4.75681637267742e-22,96448,-1547.913465499878,5.632624343037605,61.13958564400673
-30.200587759999998,386976,153,10.323551034198733,2516,86.52,17.875874818217177,5148,0.0005,4.609788074843266e-22,96512,-1548.1265201568604,5.7735423147678375,45.66545378416777
-31.283913199999997,387296,153,,2519,85.21,,5152,0.0005,4.465908980740236e-22,96576,-1545.169870376587,5.589708421379328,62.93469168804586
-34.681512160000004,387936,153,,2523,85.54,,5156,0.0005,4.0631910394494038e-22,96768,-1531.6854133605957,5.558061949908733,31.895742014050484
-31.29846419,388096,153,,2526,86.77,,5160,,,,,,
-30.335832879999998,388256,153,,2527,86.11,,5164,0.0005,3.938710894864145e-22,96832,-1537.1211433410645,5.67485287040472,39.71459431014955
-31.652954680000004,388576,153,28.194329082526128,2527,85.52,25.6274294663401,5168,0.0005,3.8166173740058465e-22,96896,-1537.2736644744873,5.552924070507288,41.99187267012894
-26.671558900000004,388928,153,,2531,86.41,,5172,0.0005,3.5830278147482025e-22,97024,-1575.3024520874023,5.671921316534281,49.191854666918516
-27.219561520000006,389216,153,,2535,88.23,,5176,0.0005,3.4690284209294467e-22,97088,-1583.7425422668457,5.7975903525948524,56.73800056427717
-22.425145460000003,389440,153,,2536,84.74,,5180,0.0005,3.3593342433895437e-22,97152,-1564.433443069458,5.511191681027412,44.77166140079498
-22.36629195,390144,153,27.33457508049239,2543,84.65,23.371833773284525,5184,0.0005,3.150897135441637e-22,97280,-1576.2859210968018,5.619156375527382,36.96982165239751
-24.04364022,390368,153,,2543,85.3,,5188,0.0005,3.051073931021415e-22,97344,-1600.3333358764648,5.600192662328482,48.25776658952236
-20.536507819999997,390592,153,,2544,85.33,,5192,0.0005,2.953673562988007e-22,97408,-1581.1731357574463,5.590640224516392,55.69042817130685
-21.047916949999998,391104,153,,2547,85.9,,5196,0.0005,2.7692019507331016e-22,97536,-1589.9549942016602,5.585982970893383,52.74493404664099
-25.682539390000002,391584,153,,2551,84.98,,5200,0.0005,2.5959015358076894e-22,97664,-1583.774133682251,5.577185340225697,38.597260765731335
-29.369252239999994,392000,153,,2555,85.24,,5204,0.0005,2.4346000305165735e-22,97792,-1596.5100402832031,5.579182669520378,37.040217677131295
-29.736955270000003,392576,153,,2559,85.73,,5208,0.0005,2.285184197821114e-22,97920,-1585.9278011322021,5.683513708412647,51.68519950658083
-33.43766115,393024,153,,2563,85.79,,5212,0.0005,2.1435286087592147e-22,98048,-1556.2645320892334,5.737027674913406,43.291609950363636
-37.36440966,393248,153,,2566,88.28,,5216,0.0005,2.0767421890748337e-22,98112,-1595.2645359039307,5.752745442092419,46.98586580529809
-42.60681563999999,393568,153,12.96012999958345,2567,89.97,21.061493307194464,5220,0.0005,2.0110760918986772e-22,98176,-1606.740634918213,5.560084760189056,65.97400502488017
-42.85710954,393888,153,,2570,90.53,,5224,0.0005,1.9467470804302819e-22,98240,-1607.319143295288,5.946041792631149,56.490806732326746
-43.59122751000001,394048,153,,2571,91.29,,5228,0.0005,1.8852916900522281e-22,98304,-1591.100061416626,5.622223775833845,45.266545940190554
-41.521287269999995,394240,153,,2573,91.67,,5232,,,,,,
-42.707375369999994,394816,153,,2578,91.96,,5236,0.0005,1.7136364445446543e-22,98496,-1598.5618171691895,5.774399884045124,60.06754958257079
-36.30866329,395136,153,22.93148527469242,2579,90.61,23.316119844065685,5240,0.0005,1.659763585187585e-22,98560,-1598.0468006134033,5.6300365552306175,35.61585530638695
-34.29231162,395552,153,,2582,89.65,,5244,0.0005,1.5567519509277268e-22,98688,-1612.4855499267578,5.714356102049351,53.619943022727966
-37.89175772,395936,153,,2585,90.8,,5248,0.0005,1.5080685499267814e-22,98752,-1545.0155754089355,5.744378462433815,57.72537203505635
-44.29148095000001,396288,153,,2589,91.06,,5252,0.0005,1.4616375834685136e-22,98816,-1588.4130516052246,5.540647625923157,48.34663214161992
-36.63694365,396512,153,,2590,89.77,,5256,0.0005,1.4159233089755526e-22,98880,-1572.5640964508057,5.7827161476016045,40.48454079777002
-37.52801968,396992,153,,2594,88.01,,5260,0.0005,1.3281161876915333e-22,99008,-1651.0299129486084,5.582724802196026,43.25464204326272
-37.40246262,397184,153,,2594,88.57,,5264,0.0005,1.285465760207599e-22,99072,-1616.168493270874,5.750567693263292,51.46799563616514
-34.605779260000006,397536,152,,2598,88.4,,5268,0.0005,1.244658839522446e-22,99136,-1626.5340785980225,5.7634447775781155,59.1113854162395
-34.73162841,397728,153,16.886195786594314,2599,87.79,22.72839544749683,5272,0.0005,1.2053961318086334e-22,99200,-1575.885202407837,5.757929660379887,40.1814363412559
-35.38168773999999,398144,152,,2603,87.06,,5276,0.0005,1.1322795589270265e-22,99328,-1608.1520824432373,5.594151869416237,58.31891594827175
-41.552391150000005,398656,152,,2607,89.34,,5280,0.0005,1.062001810481232e-22,99456,-1644.6332817077637,5.611372571438551,53.81083460524678
-44.811782109999996,398816,152,,2607,90.26,,5284,,,,,,
-42.83974353000001,399360,152,,2614,89.06,,5288,0.0005,9.952405041837687e-23,99584,-1595.2086143493652,5.682806797325611,49.54334209114313
-40.54184029,399744,152,,2615,89.19,,5292,0.0005,9.336873483015786e-23,99712,-1596.0990524291992,5.791163824498653,57.363635916262865
-40.62267871,399968,152,,2619,88.51,,5296,0.0005,9.044132900608309e-23,99776,-1613.6436920166016,5.838747873902321,48.869033470749855
-38.331224260000006,400320,152,,2619,88.84,,5300,0.0005,8.759871498108974e-23,99840,-1615.5426292419434,5.60689041018486,24.12801329791546
-37.78086957,400704,152,,2623,88.19,,5304,0.0005,8.218871369700935e-23,99968,-1619.9939403533936,5.6913201212883,43.571120508015156
-36.89125051,401088,152,,2627,87.8,,5308,0.0005,7.959943959071456e-23,100032,-1610.3334102630615,5.6073154881596565,44.20762609876692
-35.25252451,401536,152,,2630,89.09,,5312,0.0005,7.473085474652418e-23,100160,-1585.3134059906006,5.611662399023771,36.68521284498274
-34.51758271,401792,152,,2630,86.66,,5316,0.0005,7.241959366285293e-23,100224,-1584.716194152832,5.613852791488171,39.39606436342001
-31.587288750000003,402080,152,10.769817825059526,2634,86.09,18.26790855084666,5320,0.0005,7.015957156016612e-23,100288,-1640.1018810272217,5.971413880586624,47.753050681203604
-41.47795046,402432,152,,2638,86.48,,5324,0.0005,6.791546699421725e-23,100352,-1607.9269390106201,5.693658947944641,53.8960382565856
-46.88217279,402720,152,,2638,87.13,,5328,0.0005,6.375314241593832e-23,100480,-1589.9706478118896,5.613394871354103,54.85146305523813
-43.822347130000004,403008,152,,2642,84.8,,5332,0.0005,6.177019616911965e-23,100544,-1605.6654777526855,5.6728896126151085,56.33474585413933
-43.76710768,403264,152,,2643,85.36,,5336,0.0005,5.9826299917616e-23,100608,-1615.0596809387207,6.0108149535954,38.73780246078968
-44.74992037,403968,152,,2650,86.51,,5340,0.0005,5.608515596663601e-23,100736,-1627.5135040283203,5.74350868538022,45.61866811290383
-45.537236899999996,404192,152,16.473969391203998,2650,86.19,21.511626947238813,5344,0.0005,5.429595583168427e-23,100800,-1674.3191585540771,5.57220396026969,46.880881164222956
-44.720769600000004,404416,152,,2651,84.71,,5348,0.0005,5.255930398960441e-23,100864,-1617.3098850250244,5.926199831068516,43.64250811189413
-42.35682695,404864,152,,2655,85.62,,5352,0.0005,4.928384736003121e-23,100992,-1646.9850234985352,5.9529441595077515,29.999226614832878
-43.22231932,405184,152,,2658,85.39,,5356,0.0005,4.771845633300631e-23,101056,-1656.0027141571045,5.861177451908588,54.07953068241477
-39.98991819,405696,152,25.25998379741318,2662,85.83,23.804504926280586,5360,0.0005,4.4744101452157306e-23,101184,-1619.1652698516846,5.965827621519566,59.05721040442586
-45.20720810000001,405856,152,,2663,87.25,,5364,0.0005,4.3345675941862247e-23,101248,-1614.1092262268066,5.872849635779858,61.13504724949598
-46.969740650000006,406496,152,,2667,88.17,,5368,0.0005,4.067258344153927e-23,101376,-1621.5801239013672,5.85061052441597,50.94103466719389
-48.44963794,407072,152,,2675,89.25,,5372,0.0005,3.696303001715453e-23,101568,-1642.5309143066406,5.781441360712051,64.03139840066433
-51.26670167,407488,152,,2676,88.52,,5376,0.0005,3.579455667187049e-23,101632,-1646.3365840911865,5.760319210588932,53.0561248511076
-48.44914111999999,407648,152,,2679,87.42,,5380,0.0005,3.4656745856934325e-23,101696,-1659.4033851623535,5.919940732419491,47.05486963503063
-45.71373396,407968,152,,2679,88.44,,5384,0.0005,3.355918528918048e-23,101760,-1632.9568576812744,5.6644700318574905,27.54530679062009
-51.37473274999999,408448,152,,2683,89.26,,5388,0.0005,3.152532881915963e-23,101888,-1585.523603439331,5.674064930528402,40.31560119614005
-53.07837522,408640,152,,2686,90.52,,5392,0.0005,3.056342530861779e-23,101952,-1616.2812042236328,5.6874631606042385,41.892782524228096
-53.11997416,408960,152,,2687,91.5,,5396,0.0005,2.959422616590544e-23,102016,-1681.448003768921,6.123593084514141,54.9320000000298
-50.304617320000006,409408,152,,2691,91.61,,5400,0.0005,2.776789691194289e-23,102144,-1610.4993343353271,5.816860914230347,47.193951489403844
-45.799395829999995,410080,152,,2695,91.02,,5404,0.0005,2.6051572708839695e-23,102272,-1638.188648223877,5.819553956389427,37.40659203752875
-49.709250260000005,410272,151,,2699,92.37,,5408,0.0005,2.5235346958373665e-23,102336,-1638.7922286987305,5.885463215410709,51.48977455124259
-51.33814668,410656,151,9.339571388782872,2702,92.35,17.309648936943468,5412,0.0005,2.3654057573791586e-23,102464,-1684.9268264770508,5.8066262528300285,40.402998708188534
-51.114466930000006,410784,151,,2703,91.8,,5416,,,,,,
-49.79936961000001,411232,151,,2707,91.4,,5420,0.0005,2.2192880347853685e-23,102592,-1637.7911167144775,5.6208479925990105,29.859671400859952
-44.00142272000001,411488,151,,2707,91.09,,5424,0.0005,2.1498180518033505e-23,102656,-1636.945499420166,5.7864279970526695,59.87966275960207
-34.58400219000001,412160,151,,2714,90.67,,5428,0.0005,2.016373845572908e-23,102784,-1663.9581317901611,5.722002863883972,48.51675573736429
-39.20368144,412320,151,,2714,91.91,,5432,0.0005,1.952551704846249e-23,102848,-1643.5357971191406,5.730430744588375,49.769935477524996
-41.27156816000001,412672,151,,2717,91.23,,5436,0.0005,1.8918542816082154e-23,102912,-1627.814645767212,5.886630214750767,41.903567120432854
-40.022062580000004,413056,151,,2718,90.65,,5440,0.0005,1.7750165046227163e-23,103040,-1686.7350044250488,5.839255951344967,57.00855792686343
-40.53993637000001,413280,151,,2721,91.61,,5444,0.0005,1.7178807785109944e-23,103104,-1680.5522556304932,5.9650291576981544,50.009770192205906
-37.36694719,413728,151,13.22719720787727,2724,91.91,19.653150020254166,5448,0.0005,1.610767501910523e-23,103232,-1643.7338409423828,5.838517904281616,47.51883290708065
-37.995533480000006,414176,151,,2725,91.8,,5452,0.0005,1.5606194909061067e-23,103296,-1636.1010093688965,5.92875899374485,45.53884169459343
-41.120046650000006,414464,151,,2728,93.71,,5456,0.0005,1.5118376760559686e-23,103360,-1661.8940353393555,6.02570217102766,48.23471001163125
-40.69681019,414752,151,,2732,93.98,,5460,0.0005,1.4191399425647024e-23,103488,-1651.1912593841553,5.809938013553619,50.802360221743584
-42.80403521,414880,151,,2732,92.89,,5464,,,,,,
-43.87370383999999,415104,151,,2733,91.89,,5468,0.0005,1.374205784453828e-23,103552,-1690.77512550354,5.907247349619865,48.561609234660864
-41.132405439999985,415520,151,,2737,89.96,,5472,0.0005,1.2890759399855883e-23,103680,-1669.2965660095215,5.8006468787789345,37.62900285422802
-39.79549797,415808,151,15.183035110769588,2741,89.15,21.93766713378401,5476,0.0005,1.248127013490658e-23,103744,-1686.136489868164,5.986716516315937,65.10823833197355
-38.81838834999999,416256,151,,2745,88.76,,5480,0.0005,1.208638884828874e-23,103808,-1675.4473781585693,5.821399495005608,49.655319944024086
-36.569673689999995,416704,151,,2746,87.0,,5484,0.0005,1.1331784042987676e-23,103936,-1691.2196598052979,5.935903184115887,51.93519229069352
-33.17113182,417248,151,,2750,87.53,,5488,0.0005,1.062387593292688e-23,104064,-1670.4230422973633,5.823719643056393,67.03058079630136
-39.49282717999999,417440,151,,2753,85.84,,5492,0.0005,1.0293297151557982e-23,104128,-1654.2273807525635,5.83860470354557,43.18855859339237
-39.667401909999995,417632,151,,2754,85.24,,5496,0.0005,9.970096734147036e-24,104192,-1685.4848556518555,6.033441349864006,46.14214173145592
-42.65016076,418048,151,18.01069604642157,2757,85.34,22.746063496003405,5500,0.0005,9.655903518225952e-24,104256,-1676.8201389312744,5.849942676723003,43.267950439825654
-47.42736381,418400,151,,2760,86.09,,5504,0.0005,9.052323064067491e-24,104384,-1736.2666358947754,5.905496075749397,33.7325271461159
-45.363356369999984,418816,151,,2764,86.25,,5508,0.0005,8.75898979567078e-24,104448,-1725.8532104492188,5.769927226006985,50.59258371591568
-44.893922159999995,419648,151,,2768,84.18,,5512,0.0005,7.687767148826676e-24,104704,-1719.6096668243408,5.830934330821037,38.24693266674876
-47.425711140000004,419904,151,,2772,86.87,,5516,0.0005,7.441164435059398e-24,104768,-1738.6641330718994,5.604615144431591,29.0887528154999
-46.43013454000001,420096,151,,2772,86.7,,5520,,,,,,
-47.676852710000006,420320,151,,2773,87.33,,5524,0.0005,7.20094960875381e-24,104832,-1776.2116928100586,6.010334126651287,64.46054985374212
-48.257928480000004,420640,151,,2777,86.77,,5528,0.0005,6.73903431204699e-24,104960,-1755.7243938446045,5.977646864950657,61.37898823618889
-45.68136406000001,421024,151,,2782,87.35,,5532,0.0005,6.5220250557006656e-24,105024,-1773.097650527954,5.680276293307543,48.861327547580004
-44.143682519999984,421312,151,,2782,88.12,,5536,0.0005,6.3112639906430715e-24,105088,-1754.1666069030762,5.842829369008541,50.747691478580236
-45.137949309999996,421888,151,10.587266684611924,2790,88.41,17.22978605502298,5540,0.0005,5.914837528890106e-24,105216,-1730.2253608703613,6.043767064809799,40.82880128920078
-45.8274185,422240,151,,2791,88.6,,5544,0.0005,5.5451606994836994e-24,105344,-1733.2484130859375,5.677522402256727,32.784649442881346
-46.85895835,422848,151,,2795,89.48,,5548,0.0005,5.1959154538041786e-24,105472,-1740.3604793548584,5.76601891964674,45.71597130224109
-46.85153447,422880,151,,2795,89.23,,5552,,,,,,
-43.74651477,423296,151,,2799,88.76,,5556,0.0005,4.877571467503975e-24,105600,-1684.0870895385742,5.84911373257637,40.24302764981985
-46.980598230000005,423776,151,23.210998272028128,2803,88.57,22.11565272655683,5560,0.0005,4.582240649220848e-24,105728,-1685.3881034851074,6.053560435771942,41.51942753791809
-43.64481462,424128,151,,2806,88.46,,5564,0.0005,4.4409891691953096e-24,105792,-1718.7882499694824,6.0134700909256935,66.41434508003294
-42.39596923,424448,151,,2809,90.45,,5568,0.0005,4.3029550337198114e-24,105856,-1687.0861549377441,5.87549190223217,45.59286569431424
-47.3967235,425152,151,,2814,91.74,,5572,0.0005,3.915760863822656e-24,106048,-1713.0797424316406,5.9358083084225655,43.92919583618641
-47.43228249999999,425664,151,,2817,92.81,,5576,0.0005,3.6759752333162895e-24,106176,-1714.6107864379883,5.827650621533394,42.21692834049463
-50.43415726,425920,151,,2817,93.46,,5580,0.0005,3.5608116669232974e-24,106240,-1725.8509464263916,5.862412694841623,30.649340216070414
-52.57371521999998,426144,150,,2822,94.16,,5584,0.0005,3.449542022729065e-24,106304,-1688.0371398925781,6.212559886276722,58.41505965217948
-54.327838920000005,426368,151,,2822,94.65,,5588,0.0005,3.342975212880651e-24,106368,-1726.9405536651611,5.75762914121151,33.942745512351394
-45.33880008,426688,150,,2826,95.84,,5592,0.0005,3.2370226206101005e-24,106432,-1758.0405464172363,5.907591566443443,40.244748931378126
-48.39390142,426880,151,9.951676458921531,2826,95.67,17.959206997593995,5596,0.0005,3.1340939232415128e-24,106496,-1723.9642124176025,5.893244214355946,39.26885948330164
-48.83501979,427136,150,,2830,96.55,,5600,0.0005,3.0359055834970354e-24,106560,-1738.9096221923828,5.8217824175953865,34.970818316563964
-43.95083558,427712,150,,2833,95.88,,5604,0.0005,2.8465576423476484e-24,106688,-1761.884105682373,6.02654280513525,46.96648854017258
-42.21356648000001,428384,150,,2838,94.16,,5608,0.0005,2.5823074445291877e-24,106880,-1748.6075401306152,5.948322683572769,46.04301603138447
-42.93483443000001,428704,150,,2841,94.97,,5612,0.0005,2.5005978390195138e-24,106944,-1774.420753479004,5.746223174035549,34.48762394674122
-40.99563048,428832,150,,2841,92.79,,5616,0.0005,2.4205117955344462e-24,107008,-1776.4721240997314,6.036390393972397,57.65302283316851
-40.42757915,428992,150,,2841,92.24,,5620,,,,,,
-41.71196876999999,429280,150,9.776849386203281,2845,91.49,17.37734963536884,5624,0.0005,2.34410470348849e-24,107072,-1732.5193977355957,5.867793075740337,47.52915906533599
-45.289159059999996,429664,150,,2848,93.17,,5628,0.0005,2.1993785993242437e-24,107200,-1770.0022602081299,6.060999974608421,48.66606409475207
-43.89683125999999,430176,150,,2852,92.05,,5632,0.0005,2.0605287631838195e-24,107328,-1817.9105682373047,5.8669802993535995,35.28340556100011
-43.30235782999999,430400,150,,2852,91.31,,5636,0.0005,1.994106890668364e-24,107392,-1813.3222789764404,5.9901590421795845,42.383685417473316
-43.71357935,430816,150,,2856,92.11,,5640,0.0005,1.929805744355591e-24,107456,-1797.893159866333,5.89771044254303,43.5191232226789
-41.27807256,431136,150,,2860,90.04,,5644,0.0005,1.8078083190815e-24,107584,-1811.3242931365967,5.952359527349472,43.40755132213235
-38.42408521,431456,150,17.70702239073131,2861,90.16,18.780340133512663,5648,0.0005,1.7499993038849575e-24,107648,-1788.6999969482422,5.7870569452643394,41.921021830290556
-40.05215182,431968,150,,2865,89.41,,5652,0.0005,1.641539671598272e-24,107776,-1757.3999996185303,5.8872533440589905,41.04967141523957
-41.0576315,432224,150,,2868,90.15,,5656,0.0005,1.5907748638106103e-24,107840,-1755.6421813964844,6.002327688038349,46.878800462931395
-39.181890779999996,432672,150,,2872,90.53,,5660,0.0005,1.4913268349192675e-24,107968,-1812.0501861572266,6.066319242119789,48.419719349592924
-34.937531670000006,432928,150,22.861230061928435,2873,89.22,23.97483306383495,5664,0.0005,1.443755457794713e-24,108032,-1797.8464126586914,5.986865788698196,49.020940985530615
-34.18005419000001,433376,150,,2876,87.65,,5668,0.0005,1.3980081366242074e-24,108096,-1814.9757652282715,5.926645033061504,57.249672677367926
-31.58115125,433888,150,,2881,88.07,,5672,0.0005,1.3100234399770837e-24,108224,-1804.4290981292725,5.957575596868992,41.30391127616167
-32.219868059999996,434432,150,,2885,87.5,,5676,0.0005,1.227616392064045e-24,108352,-1788.5774574279785,5.936701841652393,38.61931348219514
-29.38491644,434784,150,,2888,87.77,,5680,0.0005,1.152715605264705e-24,108480,-1780.413324356079,5.857670344412327,35.75640685111284
-30.39512392,435168,150,,2889,89.45,,5684,0.0005,1.1168888154897281e-24,108544,-1771.1832103729248,5.941416285932064,54.38249168172479
-29.656716749999998,435712,150,,2896,87.85,,5688,0.0005,1.0480176007377834e-24,108672,-1792.5257377624512,5.97409550845623,46.04452712461352
-33.67906599,435936,150,,2896,89.84,,5692,0.0005,1.0149094798649508e-24,108736,-1800.2284622192383,5.964266933500767,52.71500200778246
-31.39805668,436448,150,,2900,91.23,,5696,0.0005,9.51622220112101e-25,108864,-1806.0091094970703,5.971553400158882,31.98867686651647
-27.71593337,436832,150,11.82571426227082,2905,91.21,18.434134510081574,5700,0.0005,8.92795377132597e-25,108992,-1820.062463760376,5.911435402929783,52.27405879274011
-28.81613328,437312,150,,2908,91.67,,5704,0.0005,8.37371901194974e-25,109120,-1758.1614627838135,5.845531612634659,39.17113662883639
-30.467615760000005,437696,150,,2909,92.76,,5708,0.0005,8.114673353227611e-25,109184,-1795.148515701294,5.872113883495331,31.832994673401117
-30.366174409999996,438048,150,,2913,94.32,,5712,0.0005,7.611639957572142e-25,109312,-1844.8054447174072,6.104331083595753,54.09678080677986
-26.984705109999997,438464,150,23.297242451813975,2916,94.11,24.1773017101976,5716,0.0005,7.365365325200518e-25,109376,-1874.9323062896729,6.023617334663868,39.472258906811476
-28.939732219999996,438720,150,,2916,95.5,,5720,0.0005,7.125905002750686e-25,109440,-1849.5204944610596,5.962189972400665,41.28434073552489
-25.145124749999994,439168,150,,2921,95.23,,5724,0.0005,6.684936186371013e-25,109568,-1841.0795612335205,6.205593690276146,51.05088256113231
-24.15511487,439392,150,,2925,95.7,,5728,0.0005,6.473140337643227e-25,109632,-1820.9630165100098,6.015376582741737,40.16022398322821
-25.473908369999993,439584,150,,2925,95.85,,5732,0.0005,6.268507137934414e-25,109696,-1831.0566883087158,6.2215229868888855,58.194763246923685
-28.6228078,439776,150,,2925,96.34,,5736,,,,,,
-30.873437229999993,440256,150,,2929,94.88,,5740,0.0005,5.875948627600094e-25,109824,-1823.890537261963,5.985793136060238,35.43255002424121
-32.930850199999995,440800,150,,2933,94.95,,5744,0.0005,5.514819760917938e-25,109952,-1769.0866775512695,5.962283931672573,37.97476867586374
-32.18793057,441056,150,,2937,95.81,,5748,0.0005,5.3461883625492645e-25,110016,-1806.5999011993408,5.904539883136749,49.19498558342457
-28.364305139999992,441600,150,,2941,94.45,,5752,0.0005,5.01318301113954e-25,110144,-1834.7292881011963,5.901222735643387,36.98662330210209
-29.274876550000002,441984,150,,2945,94.69,,5756,0.0005,4.702775466287645e-25,110272,-1804.8075408935547,6.094661898910999,37.051847551018
-29.95007961,442816,150,8.426011440097763,2950,95.75,14.353393114541053,5760,0.0005,4.272177851991975e-25,110464,-1819.524013519287,6.0319622084498405,42.762633595615625
-31.39012772,443136,149,,2954,96.54,,5764,0.0005,4.1374236730490095e-25,110528,-1838.7049236297607,5.967512793838978,33.510664124041796
-33.55791332999999,443424,149,,2958,99.06,,5768,0.0005,3.886472609290362e-25,110656,-1793.1721649169922,5.994475930929184,39.734242744743824
-32.50813232,443808,149,,2959,98.3,,5772,0.0005,3.765821044661452e-25,110720,-1807.5268096923828,6.223520509898663,46.632474675774574
-30.47440402,444064,149,,2962,98.81,,5776,0.0005,3.6489274932069866e-25,110784,-1822.1736907958984,5.83699344843626,38.09543877467513
-34.23755134999999,444608,149,,2965,98.97,,5780,0.0005,3.421555339386579e-25,110912,-1867.3564376831055,5.953052766621113,45.394484370946884
-32.51695709999999,444736,149,,2966,98.45,,5784,0.0005,3.3122600476377678e-25,110976,-1860.4544677734375,6.225528448820114,55.31643892079592
-32.50855843,445120,149,,2969,97.91,,5788,0.0005,3.2072343461308087e-25,111040,-1835.7258834838867,6.238268435001373,25.717933997511864
-30.448495300000005,445536,149,,2972,94.95,,5792,0.0005,3.00899457902118e-25,111168,-1831.1655311584473,5.913005419075489,35.15979150310159
-28.76761999,445792,149,,2973,93.53,,5796,0.0005,2.914307361900329e-25,111232,-1826.5263957977295,5.837725512683392,39.225294660776854
-28.194732979999994,445888,149,14.513464701432278,2973,93.72,22.77324343912149,5800,,,,,,
-31.308828369999997,446400,149,,2977,93.71,,5804,0.0005,2.7353972792703206e-25,111360,-1828.8347282409668,6.076366104185581,44.433802247047424
-32.93755297999999,446656,149,,2981,94.53,,5808,0.0005,2.6494732051745468e-25,111424,-1838.127492904663,5.987211275845766,37.93277084082365
-30.29796679,447104,149,,2986,93.08,,5812,0.0005,2.4874979863236505e-25,111552,-1825.010950088501,6.099918358027935,60.38917706348002
-30.96745246,447264,149,,2986,93.59,,5816,0.0005,2.407929508007374e-25,111616,-1909.8064441680908,5.913732022047043,51.18671436235309
-31.30855572,448000,149,,2994,92.24,,5820,0.0005,2.2550933621511195e-25,111744,-1893.379472732544,5.798833474516869,48.53205265849829
-31.052071789999996,448352,149,,2994,92.06,,5824,0.0005,2.1107184043195416e-25,111872,-1920.8149528503418,6.106159150600433,41.98423909023404
-30.34705782,448896,149,,2999,91.58,,5828,0.0005,1.9785774715698665e-25,112000,-1852.3857707977295,6.030398033559322,62.54172853380442
-35.067539339999996,449056,149,,3002,91.08,,5832,0.0005,1.9157832922532385e-25,112064,-1916.1557521820068,6.117691047489643,50.24694973602891
-31.621140699999998,449344,149,13.761286956208956,3003,91.72,21.025795470660054,5836,0.0005,1.8547688802056584e-25,112128,-1860.4048500061035,5.944356814026833,57.33846885710955
-27.115248330000004,449600,149,,3005,91.58,,5840,0.0005,1.797205632544133e-25,112192,-1855.63676071167,6.116210520267487,52.056304421275854
-26.201987839999997,450048,149,,3009,92.8,,5844,0.0005,1.7405326190363816e-25,112256,-1838.6380443572998,6.13343708217144,51.10899022966623
-28.443693919999998,450240,149,,3009,93.38,,5848,0.0005,1.6868614909031882e-25,112320,-1862.2464580535889,6.187577694654465,47.32949174195528
-31.839298720000006,450752,149,,3013,93.69,,5852,0.0005,1.5837339801716274e-25,112448,-1818.30131149292,5.964237868785858,38.02861141040921
-30.43155419,450976,149,,3013,92.48,,5856,0.0005,1.534869060288831e-25,112512,-1847.6777477264404,5.945722855627537,37.15019781142473
-31.81896498,451296,149,11.55439337581934,3017,91.01,15.854102042855446,5860,0.0005,1.486949583267594e-25,112576,-1865.5041389465332,6.025418907403946,51.069553051143885
-29.5648226,451552,149,,3017,90.35,,5864,0.0005,1.4398783840162926e-25,112640,-1886.4089832305908,6.06539798527956,48.393330397084355
-30.523061870000003,452192,149,,3025,89.72,,5868,0.0005,1.3087951469549856e-25,112832,-1841.3651676177979,6.025629989802837,46.794295221567154
-32.020574149999995,452640,149,,3028,89.41,,5872,0.0005,1.2274257373255023e-25,112960,-1905.9045333862305,6.214286215603352,32.43392011523247
-29.697025469999993,452992,149,,3029,88.3,,5876,0.0005,1.1881235796176734e-25,113024,-1900.8469314575195,6.065307550132275,48.67284985631704
-28.338152499999996,453280,149,,3033,87.86,,5880,0.0005,1.1504126849337256e-25,113088,-1869.9669952392578,5.970160473138094,33.21861397661269
-30.589283399999996,453600,149,,3033,88.18,,5884,0.0005,1.1143323923187029e-25,113152,-1880.0423622131348,5.887435257434845,37.126537669450045
-28.79096766,454144,149,,3040,89.23,,5888,0.0005,1.0447451605320447e-25,113280,-1922.4426021575928,6.180809818208218,51.3896140884608
-31.71871009,454592,149,11.516307836085241,3041,91.28,20.1167850351525,5892,0.0005,9.79028838970206e-26,113408,-1909.5288581848145,6.042290955781937,34.86815354786813
-31.868644279999998,454880,149,,3044,91.37,,5896,0.0005,9.477580787606641e-26,113472,-1937.7014198303223,6.100949481129646,38.31954886764288
-32.639109049999995,455104,149,,3045,90.57,,5900,0.0005,9.173729323989595e-26,113536,-1913.7986812591553,6.0151709988713264,46.26748442649841
-28.736854119999997,455392,149,,3048,90.68,,5904,0.0005,8.88173511770536e-26,113600,-1896.655511856079,6.164642080664635,44.21545763686299
-26.50563871,455552,149,,3049,90.32,,5908,0.0005,8.602096214237557e-26,113664,-1900.2717514038086,6.126352451741695,35.64147325232625
-29.803784880000002,455936,149,25.08713744369949,3052,89.75,22.533330744942486,5912,0.0005,8.334014787477072e-26,113728,-1856.138032913208,5.95965489000082,45.29027239046991
-31.821263139999992,456288,149,,3056,90.88,,5916,0.0005,7.818397167194192e-26,113856,-1911.9581489562988,5.939814411103725,45.47354167699814
-32.97152960999999,456512,149,,3057,90.87,,5920,0.0005,7.568423690067876e-26,113920,-1962.9544734954834,6.120688267052174,55.454351130872965
-32.55119584,456832,149,,3060,90.26,,5924,0.0005,7.325488052070486e-26,113984,-1903.3329124450684,6.081418417394161,54.088899752125144
-30.442352059999997,457248,149,,3064,89.16,,5928,0.0005,6.874494924404673e-26,114112,-1899.2930393218994,6.146375484764576,44.37026499211788
-23.09214582,457568,149,23.524368070168332,3065,88.55,24.0322671441728,5932,0.0005,6.65970789847282e-26,114176,-1888.6660633087158,6.225959956645966,44.80862667411566
-22.1773749,458048,149,,3069,87.2,,5936,0.0005,6.244115674300777e-26,114304,-1900.2057437896729,5.967140920460224,36.28989888355136
-22.82198492,458240,149,,3072,87.24,,5940,,,,,,
-25.80266554,458560,149,,3074,87.61,,5944,0.0005,5.862850118047774e-26,114432,-1891.1000537872314,6.453448109328747,46.54947751387954
-28.167677549999993,458912,149,,3077,87.08,,5948,0.0005,5.679563573397369e-26,114496,-1903.8252391815186,6.194193542003632,40.36854848265648
-25.655241219999997,459168,149,23.45039235205767,3078,86.64,24.036747027132346,5952,0.0005,5.499383110783374e-26,114560,-1957.9255847930908,6.058227859437466,36.89873090013862
-24.542992060000003,459680,149,,3082,86.21,,5956,0.0005,5.149449011385075e-26,114688,-1988.7939796447754,6.077239591628313,35.43844045698643
-22.05224071,460256,149,,3085,85.64,,5960,0.0005,4.824332252657156e-26,114816,-1941.9155158996582,6.392071545124054,56.80086374655366
-27.92150992,460768,149,,3089,87.35,,5964,0.0005,4.5199324141922194e-26,114944,-1985.3116836547852,6.278553560376167,43.498711101710796
-28.891027779999998,460896,149,,3092,85.6,,5968,0.0005,4.375661093539844e-26,115008,-1943.521842956543,5.945487096905708,28.787429682910442
-26.537621820000005,460960,149,20.85231301765169,3092,86.12,22.60609144666893,5972,,,,,,
-27.164862720000002,461472,149,,3096,87.01,,5976,0.0005,4.101618273229774e-26,115136,-1968.3033275604248,6.229329042136669,40.40830148011446
-26.47052019,461920,148,,3100,87.26,,5980,0.0005,3.844831602258069e-26,115264,-1947.306936264038,6.225631207227707,39.77820307388902
-24.038880709999997,462208,149,,3101,86.27,,5984,0.0005,3.7238762154396774e-26,115328,-1952.7417888641357,6.246027082204819,50.05593064799905
-22.567393800000005,462592,148,23.00272077722016,3104,84.65,22.983760250326657,5988,0.0005,3.606166107244426e-26,115392,-1941.8921737670898,6.008165642619133,36.193115117028356
-19.10907487,462944,148,,3108,84.54,,5992,0.0005,3.383414133212192e-26,115520,-1970.2043342590332,6.192230269312859,58.75933391228318
-19.65121373,463424,148,,3112,84.79,,5996,0.0005,3.174034381895974e-26,115648,-1937.8922500610352,6.059420704841614,43.95116780884564
-22.020495810000003,463680,148,,3112,85.98,,6000,0.0005,3.0737139285028323e-26,115712,-1965.4397869110107,6.266552701592445,48.734663370996714
-21.823474070000003,463776,148,,3112,85.58,,6004,,,,,,
-22.74236469,464384,148,25.714355423103736,3120,84.93,23.34557762696693,6008,0.0005,2.882352754041714e-26,115840,-1978.916301727295,6.114873148500919,31.914230654016137
-19.54006987,464832,148,,3120,85.7,,6012,0.0005,2.703064550696829e-26,115968,-1974.0974025726318,6.127062134444714,42.41479702666402
-17.12056043,464992,148,,3124,84.23,,6016,0.0005,2.617196778755567e-26,116032,-1951.7891521453857,6.053783684968948,50.12242582067847
-13.4130478,465120,148,,3124,83.67,,6020,,,,,,
-13.072172120000003,465664,148,,3128,83.53,,6024,0.0005,2.455375327595878e-26,116160,-1964.6992206573486,6.279701925814152,41.457120794802904
-18.26181237,466144,148,9.087083708025103,3132,84.35,13.374929829634683,6028,0.0005,2.3054307638099593e-26,116288,-1946.8481521606445,6.1771208718419075,52.77812855504453
-20.028071150000002,466432,148,,3136,85.21,,6032,0.0005,2.2328739290864708e-26,116352,-1980.1282005310059,6.1658633053302765,47.26607997529209
-19.906045199999998,466528,148,,3137,85.01,,6036,0.0005,2.1617045824431675e-26,116416,-2006.0589809417725,6.3434703424572945,38.230114886537194
-24.17510815,466720,148,,3137,85.93,,6040,0.0005,2.0926835360230428e-26,116480,-1978.518476486206,6.233912028372288,38.804998110979795
-21.089803879999998,467328,148,,3141,86.07,,6044,0.0005,1.9619447067544183e-26,116608,-1995.747797012329,6.009997934103012,39.65451465919614
-20.053688909999998,467584,148,,3145,86.29,,6048,0.0005,1.9003036770290273e-26,116672,-1939.1873798370361,6.212973803281784,46.3828341178596
-19.535567800000003,468448,148,18.698225816194586,3148,86.48,21.866680327912757,6052,0.0005,1.7261371136297258e-26,116864,-1986.701400756836,6.205105163156986,47.21987411007285
-19.3694724,468672,148,,3152,87.3,,6056,0.0005,1.6715586062329112e-26,116928,-1977.304973602295,6.187483616173267,43.365416748449206
-20.30452877,468992,148,,3154,88.14,,6060,0.0005,1.6189272043802225e-26,116992,-1985.0587005615234,6.105775140225887,44.620343167334795
-16.078647269999998,469056,148,,3155,88.34,,6064,0.0005,1.5680926686841103e-26,117056,-1964.3764476776123,6.168413080275059,49.398910991847515
-15.266508590000003,469312,148,,3155,87.98,,6068,0.0005,1.5190128116491428e-26,117120,-1974.7821159362793,6.201822966337204,46.72732992656529
-14.6905415,469792,148,25.20271835355616,3159,87.02,23.848105441783325,6072,0.0005,1.4253146755920138e-26,117248,-1941.708215713501,5.973863519728184,33.730227060616016
-15.491470220000002,469984,148,,3159,87.6,,6076,,,,,,
-15.438659210000003,470304,148,,3163,86.48,,6080,0.0005,1.3385398652767307e-26,117376,-1911.021276473999,6.156170353293419,51.046920124441385
-17.77541024,470432,148,,3163,86.4,,6084,,,,,,
-21.21373926,470784,148,23.937788945696933,3166,87.06,25.249545857621857,6088,0.0005,1.29771288286883e-26,117440,-1945.6560153961182,6.048714496195316,37.92634245753288
-23.93976648,471072,148,,3170,85.96,,6092,0.0005,1.2173392618355823e-26,117568,-1949.081455230713,6.005914747714996,38.9023924022913
-23.20406148,471264,148,,3170,85.04,,6096,,,,,,
-22.728517899999996,471584,148,,3174,84.14,,6100,0.0005,1.1426490227533288e-26,117696,-1981.6451301574707,6.074368417263031,47.38924515619874
-22.340296360000004,472000,148,,3174,82.15,,6104,0.0005,1.1063175580586789e-26,117760,-2008.3187503814697,6.19323456287384,49.73983314074576
-21.47602182,472576,148,,3182,81.69,,6108,0.0005,1.0373116446330922e-26,117888,-1960.5353660583496,6.200699523091316,42.521446188911796
-24.874624419999996,472800,148,,3183,81.37,,6112,0.0005,1.0050143989114134e-26,117952,-1965.5379905700684,6.229191966354847,35.980932304635644
-24.62635938,473152,148,18.604873656152822,3187,81.23,22.88718431207054,6116,0.0005,9.419882355551942e-27,118080,-2023.376070022583,6.338098585605621,47.23550639487803
-35.230853380000006,473664,148,,3192,81.39,,6120,0.0005,8.829385734589253e-27,118208,-1991.8012771606445,6.220670618116856,41.881552323699
-34.44314655000001,474048,148,,3193,81.7,,6124,0.0005,8.551445768555179e-27,118272,-1986.5642929077148,6.081281296908855,34.71153301000595
-34.54216926,474304,148,,3197,83.15,,6128,0.0005,8.282384772898967e-27,118336,-2007.5845375061035,6.415534652769566,43.53226228803396
-33.39500777,474784,148,,3201,82.55,,6132,0.0005,7.769925280501832e-27,118464,-1988.1980285644531,6.146018028259277,58.37903560325503
-36.18266191,475040,148,,3202,84.73,,6136,0.0005,7.526307685155609e-27,118528,-2005.914779663086,6.125764928758144,39.4646770786494
-35.12436725999999,475296,148,,3205,84.43,,6140,0.0005,7.288872950858102e-27,118592,-1996.3114109039307,6.242017485201359,45.765191508457065
-36.69725293,475488,148,,3205,84.98,,6144,0.0005,7.056982679980993e-27,118656,-2030.7953643798828,6.2742500230669975,66.5962298642844
-36.905888010000005,475904,148,,3209,83.76,,6148,0.0005,6.833692902048851e-27,118720,-2023.0595817565918,6.320002809166908,30.054467249661684
-40.541826650000004,476608,148,,3213,83.42,,6152,0.0005,6.205098383539176e-27,118912,-2049.664655685425,6.1801826022565365,47.023920238018036
-41.544238940000014,476800,148,,3217,84.55,,6156,0.0005,6.005287190243352e-27,118976,-2051.6777324676514,6.222818784415722,51.53338222950697
-39.747599130000005,477088,148,,3217,83.26,,6160,0.0005,5.813085207731588e-27,119040,-2029.115577697754,6.414236322045326,43.1282460577786
-40.36734490999999,477632,148,,3221,81.0,,6164,0.0005,5.451183621603816e-27,119168,-1974.4516773223877,6.051169455051422,38.633525379002094
-37.52952655,477920,148,,3225,81.05,,6168,0.0005,5.282336235969669e-27,119232,-2004.1203956604004,6.3583806455135345,38.212825391441584
-39.74434060000001,478272,148,,3229,82.44,,6172,0.0005,4.9525841743294295e-27,119360,-2047.0364837646484,6.408660739660263,45.89931033179164
-45.504398030000004,478752,148,6.565298910374153,3234,85.05,14.737548310706794,6176,0.0005,4.645751954955986e-27,119488,-1992.305341720581,6.116719111800194,32.67072091251612
-44.250205099999995,479008,148,,3234,85.84,,6180,0.0005,4.501422831127448e-27,119552,-2008.977647781372,6.2158228904008865,38.04818609729409
-41.87223301,479360,148,,3238,85.65,,6184,0.0005,4.3604574582988735e-27,119616,-2001.210018157959,6.227417752146721,64.29087853059173
-41.883756059999996,479712,148,,3239,86.89,,6188,0.0005,4.2253595213238405e-27,119680,-1992.2414321899414,6.457749202847481,45.811900079250336
-41.8860217,480384,147,,3247,87.28,,6192,0.0005,3.838865169994267e-27,119872,-2017.5371780395508,6.324890464544296,38.794040743261576
-39.61469202,480608,147,,3247,88.02,,6196,0.0005,3.718629459862669e-27,119936,-2019.5366554260254,6.30987798422575,56.470556665211916
-36.405258859999996,480992,147,21.55426114812696,3251,88.84,24.678309624036427,6200,0.0005,3.601718982132146e-27,120000,-2029.2109489440918,6.249799482524395,24.547710029408336
-39.81252219,481248,148,,3251,89.62,,6204,0.0005,3.487678278444975e-27,120064,-2040.6204166412354,6.11586382240057,41.90005920827389
-38.80693083,481472,147,,3254,89.86,,6208,0.0005,3.377411482632079e-27,120128,-2058.523386001587,6.399536795914173,47.128163727000356
-37.26939586,482048,147,,3258,89.42,,6212,0.0005,3.165880454929066e-27,120256,-2055.1633949279785,6.15445788949728,36.28397120349109
-39.713189220000004,482208,147,,3258,91.27,,6216,0.0005,3.0653416125154396e-27,120320,-2057.315643310547,6.224058039486408,30.85615036264062
-30.27566558,482656,147,,3262,92.32,,6220,0.0005,2.874873433389782e-27,120448,-2048.9714527130127,6.25135637819767,42.86335891112685
-31.007240780000004,483008,147,,3264,92.14,,6224,0.0005,2.7842287611574225e-27,120512,-2052.59867477417,6.325319789350033,48.384531673043966
-27.840201669999995,483520,147,,3269,90.96,,6228,0.0005,2.612528754293491e-27,120640,-2030.4137840270996,6.155830472707748,54.027453634887934
-28.116686900000005,483872,147,,3273,91.86,,6232,0.0005,2.4513221707130223e-27,120768,-2038.4807949066162,6.497012838721275,60.55853269994259
-26.679244130000008,484320,147,,3273,90.6,,6236,0.0005,2.3742634687259975e-27,120832,-2036.0889835357666,6.182765647768974,45.60901852697134
-25.592385340000007,484704,147,,3277,91.09,,6240,0.0005,2.2265671783811114e-27,120960,-2070.671733856201,6.293526887893677,48.136207804083824
-23.69643075,484960,147,,3280,89.51,,6244,0.0005,2.155459151541678e-27,121024,-2092.3965244293213,6.1812610030174255,34.014324985444546
-21.316021360000004,485408,147,,3285,91.58,,6248,0.0005,2.020364277998963e-27,121152,-2042.804874420166,6.249088905751705,42.21842543780804
-22.248244299999996,485728,147,,3285,91.25,,6252,0.0005,1.9574109816003364e-27,121216,-2032.9804592132568,6.404780894517899,57.69887365400791
-21.436111029999992,485856,147,,3285,90.63,,6256,,,,,,
-21.81399240999999,485952,147,,3288,90.39,,6260,0.0005,1.896295109637356e-27,121280,-2033.9822101593018,6.52681478112936,46.989374259486794
-24.9870285,486304,147,7.8068841803227444,3289,92.33,15.40045434021798,6264,0.0005,1.8370366195590703e-27,121344,-2052.125680923462,6.291763938963413,45.05091791599989
-25.098397690000002,486912,147,,3295,92.36,,6268,0.0005,1.7232734664510096e-27,121472,-2077.328603744507,6.21835133433342,50.01090995594859
-24.926683070000003,487040,147,,3295,92.33,,6272,0.0005,1.6690247474737816e-27,121536,-2038.0565700531006,6.143040210008621,49.43054009601474
-18.88582759,487296,147,,3296,89.47,,6276,0.0005,1.6163800257090415e-27,121600,-2095.1548805236816,6.262914057821035,45.57471064850688
-16.838859950000003,487616,147,,3299,87.36,,6280,0.0005,1.5652233767250977e-27,121664,-2037.8470058441162,6.431292809545994,32.528434820473194
-16.914637250000002,487904,147,23.92739200346618,3299,87.67,21.717108886381066,6284,0.0005,1.5162312051740123e-27,121728,-2071.5805797576904,6.510290756821632,57.409199081361294
-16.65593913,488544,147,,3307,86.33,,6288,0.0005,1.3767893226769846e-27,121920,-2078.6860008239746,6.363263428211212,34.84917736798525
-16.5846876,488864,147,,3307,86.08,,6292,0.0005,1.333063659220973e-27,121984,-2106.283432006836,6.301763877272606,40.10261573083699
-20.265712970000003,489184,147,,3311,84.89,,6296,0.0005,1.2906267347965137e-27,122048,-2078.6108074188232,6.2405789121985435,26.74045186676085
-25.403330690000004,489632,147,,3315,86.7,,6300,0.0005,1.2118075026315053e-27,122176,-2029.997407913208,6.292795240879059,51.615965750068426
-25.003818260000003,489952,147,,3315,86.07,,6304,0.0005,1.1739657823551449e-27,122240,-2092.3553504943848,6.102174289524555,43.2545395642519
-29.349274619999996,490400,147,,3319,86.59,,6308,0.0005,1.1001463305296077e-27,122368,-2116.428686141968,6.407341912388802,42.279931319877505
-26.30046433,490688,147,,3322,86.06,,6312,0.0005,1.0650568062734941e-27,122432,-2088.52370262146,6.416612394154072,48.88302689418197
-28.838120220000004,490912,147,,3322,86.71,,6316,0.0005,1.0316436625984894e-27,122496,-2077.5073776245117,6.4825693145394325,45.2685799729079
-31.57793932,491296,147,,3326,85.9,,6320,0.0005,9.68094682086595e-28,122624,-2028.191562652588,6.394842855632305,55.45202326402068
-30.77251527,491392,147,,3326,86.09,,6324,,,,,,
-37.00185406,491680,147,,3329,86.25,,6328,0.0005,9.382855958157312e-28,122688,-2061.7682189941406,6.380768455564976,50.0219576600939
-37.171284840000006,492320,147,,3333,85.99,,6332,0.0005,8.5247284859576e-28,122880,-2071.4862747192383,6.180575259029865,58.79360533878207
-36.006877929999995,492480,147,,3333,84.95,,6336,,,,,,
-33.73421768,492800,147,,3337,83.47,,6340,0.0005,8.257314933785082e-28,122944,-2082.3326301574707,6.379832960665226,53.7343595456332
-34.38975863,493088,147,,3340,83.17,,6344,0.0005,7.745035330767916e-28,123072,-2098.362741470337,6.5270257368683815,32.903876692056656
-34.005923509999995,493184,147,7.221193780824528,3340,82.55,15.27280273263178,6348,,,,,,
-33.131633480000005,493600,147,,3346,83.35,,6352,0.0005,7.2646900686874485e-28,123200,-2102.6449337005615,6.411348529160023,47.23923313245177
-35.55850245,494144,147,,3350,82.68,,6356,0.0005,6.815088862652737e-28,123328,-2089.1019554138184,6.298945799469948,52.07158467173576
-35.37395179,494400,147,,3351,83.68,,6360,0.0005,6.601189598642648e-28,123392,-2075.07110786438,6.353627346456051,42.639901680871844
-31.49601274,494464,147,,3351,81.09,,6364,,,,,,
-31.31009407,494912,147,,3355,81.68,,6368,0.0005,6.194370029904419e-28,123520,-2066.525136947632,6.25243216753006,46.3531153164804
-31.301415029999998,495200,147,,3359,81.29,,6372,0.0005,6.002122642089583e-28,123584,-2059.7862815856934,6.426887482404709,46.628474809229374
-31.978363829999992,495744,147,,3363,81.98,,6376,0.0005,5.632294808520883e-28,123712,-2063.8063163757324,6.387960389256477,45.43378131277859
-29.989197089999994,496032,147,,3363,82.71,,6380,0.0005,5.4562175661349415e-28,123776,-2085.5024700164795,6.274790711700916,46.95174301788211
-29.9236178,496224,147,,3367,82.33,,6384,0.0005,5.284933752731992e-28,123840,-2091.2268409729004,6.364384584128857,50.20471611991525
-33.38227806,496512,147,13.453188547335497,3368,83.54,21.891732063030965,6388,0.0005,5.1166813380151805e-28,123904,-2151.3414306640625,6.282892636954784,51.926784029230475
-35.77809972,496992,147,,3371,83.02,,6392,0.0005,4.79881149827373e-28,124032,-2066.552967071533,6.4304279088974,39.48449067398906
-32.32836703,497376,147,,3374,84.37,,6396,0.0005,4.649520616175796e-28,124096,-2089.2116832733154,6.470788359642029,46.38178367912769
-27.176570890000004,497792,147,,3378,82.56,,6400,0.0005,4.360205591801131e-28,124224,-2075.9560050964355,6.419278562068939,46.669744443148375
-24.38876553,497984,147,,3379,82.42,,6404,0.0005,4.2248019510632455e-28,124288,-2061.1428871154785,6.402141332626343,53.399684976786375
-20.351070340000003,498240,147,,3381,82.13,,6408,0.0005,4.093004377166564e-28,124352,-2109.6023902893066,6.291333235800266,42.316962242126465
-20.989405910000002,498560,147,23.032959244664063,3382,82.84,23.017839310189974,6412,0.0005,3.963217195774761e-28,124416,-2125.444164276123,6.444354929029942,69.52978399395943
-21.446498430000005,498912,147,,3385,81.74,,6416,0.0005,3.835871502984079e-28,124480,-2163.714900970459,6.451728790998459,38.04822824150324
-18.214008099999997,499168,147,,3385,81.71,,6420,0.0005,3.7115221095586144e-28,124544,-2164.9309616088867,6.42321539670229,44.78906499966979
-17.56943766,499712,147,,3392,80.93,,6424,0.0005,3.480649199889883e-28,124672,-2087.783416748047,6.4638573825359344,50.05450450628996
-15.625436469999997,499872,147,,3392,81.42,,6428,0.0005,3.372655777801873e-28,124736,-2095.686664581299,6.4403433203697205,53.53405466303229
-14.397565300000002,500032,147,,3393,80.18,,6432,0.0005,3.2665639143689733e-28,124800,-2123.6639652252197,6.442398972809315,41.90973665937781
-14.293014799999998,500160,147,,3393,80.48,,6436,,,,,,
-15.191823099999999,500512,615,,0,81.33,,6440,0.0005,3.064118862915556e-28,124928,-2124.0362300872803,6.462174296379089,37.556879084557295
-13.437147680000002,500960,207,,3,80.78,,6444,0.0005,2.966767588032433e-28,124992,-2152.3189392089844,6.408716894686222,40.558545995503664
-9.61344774,501472,158,,7,79.57,,6448,0.0005,2.780169430465389e-28,125120,-2149.5790424346924,6.394909180700779,29.085564134642482
-8.620266749999999,501664,173,,8,78.94,,6452,0.0005,2.6927471896094244e-28,125184,-2110.9124813079834,6.41290670633316,39.743161626160145
-9.15443938,501952,140,,12,79.08,,6456,0.0005,2.6078534013670503e-28,125248,-2125.159585952759,6.484610691666603,40.93220845609903
-10.116536509999998,502624,140,11.212060666780566,17,80.35,19.703208998396757,6460,0.0005,2.37118856207871e-28,125440,-2100.3564128875732,6.224844075739384,53.72947761788964
-7.843349800000002,503296,131,,23,81.66,,6464,0.0005,2.224163423712889e-28,125568,-2114.6092262268066,6.505795866250992,28.629848612472415
-9.78291871,503680,142,,24,80.87,,6468,0.0005,2.088065786156606e-28,125696,-2127.597999572754,6.517669260501862,50.34470013901591
-12.584568039999999,504096,138,,28,82.37,,6472,0.0005,1.9563552007226764e-28,125824,-2161.838212966919,6.435393422842026,47.65033026598394
-15.877314890000001,504480,134,,31,84.35,,6476,0.0005,1.8943162030778032e-28,125888,-2133.1994075775146,6.636323221027851,54.73845940455794
-18.98103942,504928,128,,36,85.79,,6480,0.0005,1.777079212513232e-28,126016,-2149.1015968322754,6.631428338587284,39.9296294990927
-20.767099860000002,505664,130,,41,86.35,,6484,0.0005,1.6144319761583164e-28,126208,-2147.0039558410645,6.624269105494022,56.4390917904675
-22.397456220000002,506208,130,,45,86.74,,6488,0.0005,1.5130956588168663e-28,126336,-2207.1222610473633,6.425250217318535,42.91481950506568
-26.6330643,506688,127,,50,89.14,,6492,0.0005,1.4189954157459706e-28,126464,-2145.1900215148926,6.50259068608284,44.126587737351656
-27.07174707,506816,130,,50,90.34,,6496,,,,,,
-32.0086905,507360,130,,54,91.74,,6500,0.0005,1.3305886240799494e-28,126592,-2163.830192565918,6.349972248077393,42.60155878961086
-39.1308885,507744,128,6.891377869574298,58,94.39,17.007221415592806,6504,0.0005,1.2480868126166398e-28,126720,-2149.592628479004,6.457946844398975,41.217023465782404
-40.71593152,508192,129,,61,94.59,,6508,0.0005,1.1705361570279202e-28,126848,-2157.280923843384,6.5347442626953125,48.63937496393919
-42.818516120000005,508608,129,,64,96.62,,6512,0.0005,1.1339176290896356e-28,126912,-2162.434986114502,6.459915742278099,44.68910411000252
-43.56037337000001,508864,132,,65,97.01,,6516,0.0005,1.0979899420025157e-28,126976,-2173.282688140869,6.525322176516056,45.49715130031109
-50.46141593,509536,128,,72,97.49,,6520,0.0005,9.973935889509534e-29,127168,-2191.627487182617,6.31293772906065,37.57524191774428
-53.01987289999999,509984,125,,77,98.53,,6524,0.0005,9.351182765045592e-29,127296,-2197.200954437256,6.4782857447862625,48.85083091259003
-48.64368107999999,510496,126,,81,99.63,,6528,0.0005,8.765826554547975e-29,127424,-2153.570930480957,6.583829388022423,49.4906659014523
-55.399289370000005,510880,129,,82,102.03,,6532,0.0005,8.492461233736002e-29,127488,-2164.485340118408,6.610235258936882,41.10182302817702
-60.29549817,511392,129,,86,105.5,,6536,0.0005,7.966469039607454e-29,127616,-2187.0674171447754,6.5250264927744865,44.47010995820165
-60.361466660000005,511552,126,11.830518452262524,89,105.38,18.72007013807866,6540,0.0005,7.71432128838432e-29,127680,-2176.3844413757324,6.407594598829746,34.576270589604974
-61.18811374999999,512736,127,,97,106.56,,6544,0.0005,6.778125548115424e-29,127936,-2214.3543395996094,6.487185120582581,33.97142070159316
-65.47416228,512864,128,,98,106.94,,6548,0.0005,6.562143667346751e-29,128000,-2183.562225341797,6.450987510383129,35.96126898005605
-70.29842808000001,513216,127,,101,109.0,,6552,0.0005,6.356944521026533e-29,128064,-2190.832546234131,6.398065708577633,47.45154948346317
-68.28028278,513664,127,,105,110.81,,6556,0.0005,5.962569467113792e-29,128192,-2194.0952014923096,6.515031397342682,36.304539658129215
-68.79628468000001,513856,128,16.254895276795953,106,110.81,20.922228599567877,6560,0.0005,5.774553405691295e-29,128256,-2183.472755432129,6.540480062365532,41.669691145420074
-75.41940432,514176,125,,110,111.81,,6564,0.0005,5.594455991433451e-29,128320,-2167.1546363830566,6.211018078029156,42.63941612839699
-76.53130347,514656,125,,115,114.46,,6568,0.0005,5.24985041853509e-29,128448,-2207.4448471069336,6.371945269405842,45.824602300301194
-76.19012874,515136,124,,119,113.22,,6572,0.0005,4.921300203572069e-29,128576,-2237.9698333740234,6.487141832709312,38.642502741888165
-75.74566842,515808,126,,122,110.99,,6576,0.0005,4.6126647154910744e-29,128704,-2191.0114364624023,6.387177467346191,29.54436966776848
-81.27613564,516064,128,,123,110.35,,6580,0.0005,4.46824606563662e-29,128768,-2199.492477416992,6.4461904764175415,49.21169851347804
-81.88947068,516352,126,,127,112.28,,6584,0.0005,4.327254442608598e-29,128832,-2212.9350204467773,6.592746660113335,54.46286098100245
-82.58383883,517024,127,,131,110.88,,6588,0.0005,3.9339972932274445e-29,129024,-2179.8708305358887,6.504850968718529,45.525288147851825
-82.58521227000001,517376,126,,135,110.06,,6592,0.0005,3.810332325275176e-29,129088,-2217.53826713562,6.370061367750168,37.59537473320961
-81.45991871999999,517664,124,,139,107.0,,6596,0.0005,3.575339080331106e-29,129216,-2187.920181274414,6.543297961354256,43.03686863556504
-80.05012988,517920,126,,140,107.99,,6600,0.0005,3.4627737883161375e-29,129280,-2227.619270324707,6.387562423944473,37.590269988402724
-79.58672915000001,518336,126,,143,105.64,,6604,0.0005,3.35300600358494e-29,129344,-2210.1463165283203,6.271682679653168,19.62141290307045
-79.42042594,518592,127,,143,107.15,,6608,0.0005,3.247799235676458e-29,129408,-2204.6062545776367,6.214756987988949,48.77954312041402
-79.54870925,518816,126,9.104144454091541,146,106.73,17.70273500548587,6612,0.0005,3.145234292579924e-29,129472,-2248.579372406006,6.51360984146595,37.09996094554663
-80.97267913,519392,127,,150,106.35,,6616,0.0005,2.948276729934394e-29,129600,-2235.611713409424,6.315241672098637,37.78505141288042
-72.93661083,519648,128,,151,105.29,,6620,0.0005,2.854402564519817e-29,129664,-2240.8518600463867,6.54156731069088,47.16760554537177
-70.25385075000001,520032,127,,155,104.13,,6624,0.0005,2.6753486271932426e-29,129792,-2277.905990600586,6.5818160623312,43.292402517050505
-68.68969403000001,520384,126,,158,103.82,,6628,0.0005,2.589752749088964e-29,129856,-2258.226764678955,6.367337815463543,35.18831610865891
-64.28638339000001,520512,127,22.143038505037957,159,100.88,22.55693906307904,6632,0.0005,2.507008570909018e-29,129920,-2249.5476150512695,6.5606363117694855,48.55150785855949
-66.59783838,520768,126,,162,101.42,,6636,0.0005,2.4278858980428815e-29,129984,-2235.5229110717773,6.754939399659634,51.403086222708225
-63.38921595,521504,127,,167,98.81,,6640,0.0005,2.2071049416865527e-29,130176,-2221.9432792663574,6.5987953171133995,57.77027948200703
-64.17088892,521888,126,,171,99.34,,6644,0.0005,2.1378568398433124e-29,130240,-2246.4125747680664,6.558947786688805,33.679380560293794
-60.22002012000001,522528,126,,176,100.25,,6648,0.0005,1.9406642841221094e-29,130432,-2277.997501373291,6.579301446676254,46.2673765681684
-58.15513226000001,522944,126,,180,98.27,,6652,0.0005,1.878256454435965e-29,130496,-2329.267593383789,6.424790218472481,42.37886216677725
-62.89238447000002,523072,126,,180,98.35,,6656,0.0005,1.8168194937460293e-29,130560,-2352.2563972473145,6.4729931727051735,48.36213683336973
-67.65172595000001,523584,126,,185,97.74,,6660,0.0005,1.701884698993391e-29,130688,-2269.329807281494,6.611123010516167,42.433762511238456
-62.25190030000002,523968,126,10.979716830359072,188,96.3,17.58210084859283,6664,0.0005,1.647872419232006e-29,130752,-2296.728542327881,6.371440775692463,39.65462890267372
-62.66161072000002,524288,125,,191,95.27,,6668,0.0005,1.5954279433060867e-29,130816,-2279.4524574279785,6.627181023359299,46.75080653093755
-62.68434931000001,525024,126,,196,97.13,,6672,0.0005,1.4511809273817958e-29,131008,-2244.145767211914,6.395687237381935,38.430477974936366
-59.92879934000001,525632,126,,200,97.03,,6676,0.0005,1.319934307687345e-29,131200,-2265.5905685424805,6.401052340865135,48.65739657357335
-55.90489466,526016,125,20.071091848606184,204,98.5,19.015907750877886,6680,0.0005,1.2784312191559275e-29,131264,-2254.6079711914062,6.600909315049648,49.04120313003659
-56.004354070000005,526400,125,,209,97.59,,6684,0.0005,1.1997998653126156e-29,131392,-2273.092903137207,6.358963653445244,28.42598857358098
-53.96404979000002,526592,126,,209,98.61,,6688,,,,,,
-52.60849888000001,526752,126,,209,99.63,,6692,0.0005,1.1618785480349615e-29,131456,-2267.413131713867,6.430598087608814,44.52703716047108
-49.41401671,527232,126,,213,98.63,,6696,0.0005,1.0893237923378017e-29,131584,-2306.4461708068848,6.550472110509872,29.664691507816315
-48.394526979999995,527712,125,,218,97.81,,6700,0.0005,1.0213594972458571e-29,131712,-2305.0425758361816,6.6279265359044075,47.91585463471711
-44.86667845,528096,125,,222,98.11,,6704,0.0005,9.889250231945928e-30,131776,-2267.095375061035,6.685657232999802,42.85355132445693
-44.2277294,528512,125,18.477185322030792,226,96.65,23.133068579155704,6708,0.0005,9.270142207318405e-30,131904,-2297.3528938293457,6.658080160617828,52.97257786989212
-45.62496707,528928,124,,229,95.78,,6712,0.0005,8.685499406693292e-30,132032,-2330.314624786377,6.601795345544815,37.678730476647615
-47.187010429999994,529248,126,,230,97.11,,6716,0.0005,8.407407970877029e-30,132096,-2321.981620788574,6.2177314683794975,44.75164048373699
-48.97067,529760,125,,234,98.51,,6720,0.0005,7.886791056157023e-30,132224,-2286.5387573242188,6.501643180847168,28.93519662320614
-50.51086551,530176,125,,238,99.18,,6724,0.0005,7.641050376859854e-30,132288,-2265.8416709899902,6.4575485326349735,46.31261150166392
-52.930980399999996,530528,124,21.74992157195426,243,97.78,21.752896025693243,6728,0.0005,7.164926875468896e-30,132416,-2309.0844764709473,6.519266240298748,38.75047952495515
-62.93372617000001,530944,124,,247,98.2,,6732,0.0005,6.939286056361042e-30,132480,-2293.812355041504,6.332849845290184,40.46284879185259
-63.10739832,531232,124,,248,97.72,,6736,0.0005,6.509714611555726e-30,132608,-2311.4918479919434,6.3886493146419525,52.90201367624104
-69.02890747,531936,125,,253,100.74,,6740,0.0005,6.105102250222324e-30,132736,-2254.0241928100586,6.338567271828651,50.787203235551715
-71.19152940000001,532416,125,,256,102.78,,6744,0.0005,5.729555485468301e-30,132864,-2321.165615081787,6.418375946581364,44.727534307166934
-75.05976095,533024,124,,264,102.53,,6748,0.0005,5.203321265281379e-30,133056,-2309.111759185791,6.357979543507099,33.09130249917507
-74.84027848000001,533280,124,,264,104.25,,6752,0.0005,5.0405052530932644e-30,133120,-2281.686836242676,6.404598243534565,40.28890070877969
-70.13477918,533536,124,,267,103.92,,6756,0.0005,4.883085406497317e-30,133184,-2289.953067779541,6.431182712316513,43.880327090620995
-64.53269187,534144,124,,271,104.22,,6760,0.0005,4.58399167172367e-30,133312,-2316.4925689697266,6.29346589744091,45.16987397707999
-64.39244889999999,534432,125,,272,104.15,,6764,0.0005,4.43996439683585e-30,133376,-2283.853172302246,6.535707041621208,46.47101531736553
-61.03614743999999,534720,125,,274,103.76,,6768,0.0005,4.3006761979530314e-30,133440,-2317.505268096924,6.390733957290649,42.24872362241149
-59.03872834,535328,125,,279,102.81,,6772,0.0005,3.9061688268696794e-30,133632,-2304.1777534484863,6.405847400426865,30.086150696501136
-60.88541081,535744,125,8.422800707596728,283,103.95,15.778706761169556,6776,0.0005,3.782783614817963e-30,133696,-2368.6301765441895,6.442312523722649,51.29131539724767
-56.82893313,536160,124,,287,103.61,,6780,0.0005,3.546039922428174e-30,133824,-2351.6647911071777,6.501565188169479,39.1724734082818
-62.28427236,536704,125,,291,103.47,,6784,0.0005,3.3239804878364414e-30,133952,-2300.0682220458984,6.76194055378437,52.2676540967077
-62.792710369999995,537408,125,,296,103.53,,6788,0.0005,3.0185411259897886e-30,134144,-2316.5087280273438,6.658595412969589,52.5502361766994
-63.420815649999994,537536,125,,296,103.78,,6792,,,,,,
-70.39941664,537888,125,,300,104.4,,6796,0.0005,2.8295377033853406e-30,134272,-2379.447063446045,6.565625116229057,33.081381503492594
-72.04154471999999,538560,126,,304,105.48,,6800,0.0005,2.651141577399464e-30,134400,-2387.208511352539,6.3899305164813995,33.8272004481405
-71.04338829,538848,125,,307,106.13,,6804,0.0005,2.5665150912827423e-30,134464,-2355.4514236450195,6.321521088480949,45.013558119535446
-76.52212682999998,539168,124,,311,107.01,,6808,0.0005,2.406498903865511e-30,134592,-2386.6774940490723,6.581471614539623,52.16915052011609
-75.1525017,539520,125,,312,107.59,,6812,0.0005,2.3300989298226587e-30,134656,-2348.589912414551,6.333845265209675,42.918628856539726
-71.98355114,540448,125,7.7945491658416195,320,107.72,17.14920899409745,6816,0.0005,2.049875787898426e-30,134912,-2349.122943878174,6.2874840050935745,32.57397098466754
-74.31539992000002,541024,125,,324,106.73,,6820,0.0005,1.9235204865965814e-30,135040,-2344.292106628418,6.386538200080395,42.73115550354123
-74.68441158,541376,125,,328,108.16,,6824,0.0005,1.8630235023235674e-30,135104,-2358.512321472168,6.667439684271812,50.76495671644807
-77.93294611,541696,124,,332,109.35,,6828,0.0005,1.8043931002239034e-30,135168,-2344.3222465515137,6.1305981278419495,36.09300667978823
-71.81876448000001,542016,125,,333,111.06,,6832,0.0005,1.6938727422626638e-30,135296,-2341.82462310791,6.539881780743599,50.20172121934593
-67.63254112000001,542208,124,,337,111.82,,6836,,,,,,
-61.60008191,542752,124,,340,110.01,,6840,0.0005,1.5383983652659503e-30,135488,-2364.2077980041504,6.431765168905258,28.004381988197565
-62.857396,543008,125,,341,107.92,,6844,0.0005,1.4900519606348154e-30,135552,-2371.0484161376953,6.498816058039665,40.96235395781696
-63.334381930000006,543584,125,,345,109.02,,6848,0.0005,1.3969993664421904e-30,135680,-2362.4044227600098,6.329759351909161,45.69438991881907
-67.45459446,544096,125,,348,110.14,,6852,0.0005,1.3105584327959455e-30,135808,-2384.726779937744,6.5742495357990265,50.5244734659791
-71.7585159,544704,126,,352,108.38,,6856,0.0005,1.2294360101156846e-30,135936,-2371.153537750244,6.438360996544361,52.10838518105447
-77.32021536,544992,125,10.464393869509506,356,108.47,19.367470172147485,6860,0.0005,1.1910025860792325e-30,136000,-2347.337776184082,6.538887865841389,62.42770501598716
-80.5940863,545376,125,,360,108.5,,6864,0.0005,1.1175589083296694e-30,136128,-2369.561138153076,6.569476701319218,60.83078894391656
-83.61640855,545600,125,,361,107.95,,6868,0.0005,1.082256376762434e-30,136192,-2400.0320777893066,6.4732323586940765,53.818329548463225
-85.87691741,545920,125,,365,108.07,,6872,0.0005,1.0480075465763323e-30,136256,-2366.656993865967,6.3853708654642105,39.150211764499545
-85.73299175,546400,124,,369,107.44,,6876,0.0005,9.834392376192452e-31,136384,-2369.133987426758,6.497467219829559,46.63163629733026
-87.22966162,546784,125,23.063384330987006,370,108.58,23.165876626025454,6880,0.0005,9.524043735575007e-31,136448,-2381.1304969787598,6.3949480429291725,52.53788095898926
-79.26578791000001,547584,125,,378,106.84,,6884,0.0005,8.653829822701877e-31,136640,-2378.083507537842,6.537466637790203,44.858624482527375
-75.80935072,548000,125,,381,107.05,,6888,0.0005,8.11672622061466e-31,136768,-2409.444969177246,6.689019784331322,55.35900508053601
-77.97008446000001,548512,125,,385,107.11,,6892,0.0005,7.611351415108045e-31,136896,-2369.691463470459,6.431682758033276,39.690620731562376
-76.80735182000001,548896,125,,389,108.49,,6896,0.0005,7.139725757710148e-31,137024,-2416.568817138672,6.394136108458042,33.497025962919
-77.59801241,549248,125,,389,107.16,,6900,0.0005,6.912297862458729e-31,137088,-2405.9428062438965,6.420059107244015,31.993771836161613
-81.91070738999998,549728,125,,393,108.12,,6904,0.0005,6.4789073775669145e-31,137216,-2433.6896934509277,6.548750706017017,35.4107287786901
-76.23829167999999,550080,125,,397,108.39,,6908,0.0005,6.272289927370515e-31,137280,-2423.730293273926,6.368024088442326,40.75909012928605
-75.59129336,550528,125,,401,108.1,,6912,0.0005,5.879284006405261e-31,137408,-2436.7767372131348,6.432108759880066,34.10221051052213
-75.58736299,550944,124,,406,107.43,,6916,0.0005,5.510387298251219e-31,137536,-2414.1642417907715,6.45710015296936,46.17759628780186
-78.36707004,551104,125,,406,108.64,,6920,,,,,,
-82.95428471000001,551424,124,9.591507723486298,409,106.75,16.690528010587887,6924,0.0005,5.337563202097968e-31,137600,-2402.2725410461426,6.29624430835247,45.822615813463926
-80.18809502,552096,125,,414,106.93,,6928,0.0005,4.85144566096063e-31,137792,-2403.52299118042,6.306957967579365,37.556127501651645
-80.42339693000001,552704,125,,419,106.37,,6932,0.0005,4.549021431838261e-31,137920,-2439.8498153686523,6.496036522090435,45.38805874437094
-79.90243732,552928,125,,420,104.8,,6936,0.0005,4.405055391389911e-31,137984,-2422.85791015625,6.5326817482709885,55.45344628766179
-80.19761817,553056,124,13.180253319931643,423,104.48,20.038753743006787,6940,0.0005,4.266001007149679e-31,138048,-2420.3197288513184,6.362232558429241,30.93695213086903
-80.29394917,553408,125,,423,104.62,,6944,0.0005,4.1317690664431754e-31,138112,-2437.4248085021973,6.606062509119511,33.22575347684324
-79.19782012,553856,125,,427,103.67,,6948,0.0005,3.877336664366591e-31,138240,-2382.0359230041504,6.493810288608074,35.992295844480395
-77.81310028,554592,125,,434,104.17,,6952,0.0005,3.527759198521474e-31,138432,-2409.6784744262695,6.516507968306541,50.70984794385731
-77.39730929000001,554720,125,,434,104.61,,6956,,,,,,
-73.38736798999999,555040,124,,439,104.28,,6960,0.0005,3.309908349619792e-31,138560,-2427.6448669433594,6.514523401856422,50.64464424923062
-71.38755515000001,555776,125,,444,103.34,,6964,0.0005,3.103552487324069e-31,138688,-2435.8055152893066,6.456953778862953,47.983218528330326
-67.68878211,556480,125,,448,104.0,,6968,0.0005,2.8222619935905535e-31,138880,-2384.0541954040527,6.461403481662273,47.8816156052053
-66.81303407,556896,125,,452,104.29,,6972,0.0005,2.6492505750656596e-31,139008,-2399.704917907715,6.4132382199168205,38.842752849683166
-72.51463923,557056,124,,456,105.83,,6976,,,,,,
-73.06079363000002,557280,124,,456,105.25,,6980,0.0005,2.566628566895215e-31,139072,-2390.0855560302734,6.483808193355799,30.482459442690015
-81.04451114,558304,124,7.072093807567293,466,106.66,13.533700570320576,6984,0.0005,2.257409954711154e-31,139328,-2429.5701293945312,6.446524806320667,40.61407187022269
-82.32893116000001,558624,124,,469,105.7,,6988,0.0005,2.116461176835915e-31,139456,-2438.6163902282715,6.430468149483204,41.31050160527229
-80.31927646,559008,125,,470,105.03,,6992,0.0005,2.049351807618127e-31,139520,-2458.548439025879,6.590095169842243,41.46420880779624
-78.98222871,559200,124,,473,104.86,,6996,0.0005,1.984541747594876e-31,139584,-2432.4263038635254,6.636244207620621,45.84511703811586
-81.83353224999999,559360,124,,473,104.55,,7000,,,,,,
-77.08622468,559424,124,,474,105.33,,7004,0.0005,1.9223975489655263e-31,139648,-2424.2440795898438,6.468220502138138,48.04727666452527
-79.77056697,560064,125,,478,104.24,,7008,0.0005,1.8037267712511398e-31,139776,-2450.6245880126953,6.6292970180511475,43.24311497621238
-85.38198945,560832,124,,486,103.86,,7012,0.0005,1.6382964868101033e-31,139968,-2426.0294342041016,6.3161431401968,45.28493534587324
-85.94678086999998,561536,124,,490,103.61,,7016,0.0005,1.4891773252468784e-31,140160,-2455.188591003418,6.639062784612179,55.55385915748775
-86.95486430999998,561984,124,,495,103.97,,7020,0.0005,1.3964874118364424e-31,140288,-2485.838897705078,6.52155177295208,48.59405333735049
-84.13833351,562272,124,,499,104.23,,7024,0.0005,1.352104495711056e-31,140352,-2427.6251106262207,6.6164825335145,48.57816271483898
-84.70964808000001,562816,124,10.689441723186482,503,104.8,18.976205441485668,7028,0.0005,1.269055228404866e-31,140480,-2419.6567764282227,6.6649875938892365,56.20234113186598
-84.09034984999998,563616,124,,508,105.85,,7032,0.0005,1.1528288360917168e-31,140672,-2506.223922729492,6.628682658076286,46.565632686018944
-86.46894707999999,563936,124,,511,107.24,,7036,0.0005,1.1163894497749966e-31,140736,-2419.4139137268066,6.616108410060406,43.53053288906813
-84.38577899000002,564416,124,19.87707966052796,516,108.32,21.834851030873942,7040,0.0005,1.0482192722106986e-31,140864,-2433.9231300354004,6.648325935006142,41.468812534585595
-89.33551856,564640,124,,516,110.24,,7044,0.0005,1.0154648935432032e-31,140928,-2406.498867034912,6.501391731202602,33.46445463038981
-92.98275933,564928,124,,520,110.42,,7048,0.0005,9.840143823931896e-32,140992,-2404.3775939941406,6.680112965404987,46.56469606421888
-93.28037979000001,565472,124,,524,109.71,,7052,0.0005,9.243258612576849e-32,141120,-2385.7758827209473,6.498013526201248,44.89256226271391
-89.00517734999998,565888,124,,528,108.92,,7056,0.0005,8.681523143502686e-32,141248,-2434.9874305725098,6.637481674551964,63.18449566885829
-91.05280087,566560,124,,533,110.38,,7060,0.0005,7.888417564180369e-32,141440,-2438.8283882141113,6.555833347141743,40.24731615930796
-92.60576508999999,566752,124,,533,111.1,,7064,,,,,,
-94.40640073999997,567264,124,,537,112.05,,7068,0.0005,7.403671565974342e-32,141568,-2404.3076972961426,6.701368443667889,41.83339665830135
-94.30743801,567872,124,12.52555136894057,545,112.28,19.872365682065446,7072,0.0005,6.729662050875699e-32,141760,-2483.4074630737305,6.532408162951469,61.47298279032111
-92.33789574000001,568416,124,,549,111.7,,7076,0.0005,6.307793419982599e-32,141888,-2453.51261138916,6.563698388636112,46.47059692069888
-89.03617278,568832,124,,553,110.4,,7080,0.0005,6.108777561145181e-32,141952,-2464.368064880371,6.687185198068619,43.15638789907098
-84.75571872999998,568960,124,,553,109.23,,7084,0.0005,5.916458089548214e-32,142016,-2448.267532348633,6.502601109445095,45.59911407530308
-84.03298066999997,569312,124,,554,110.47,,7088,0.0005,5.729802755847784e-32,142080,-2464.0828742980957,6.650391079485416,42.34670609422028
-85.82465553,569664,124,,558,112.04,,7092,0.0005,5.372334740091734e-32,142208,-2462.423801422119,6.647750847041607,43.5698676854372
-88.22823455,570400,124,,565,112.06,,7096,0.0005,4.8793821015438377e-32,142400,-2476.5693016052246,6.675890535116196,43.07552767917514
-88.08093673999998,570464,124,,565,112.0,,7100,,,,,,
-88.74805604,571040,124,,569,111.0,,7104,0.0005,4.57591279733216e-32,142528,-2452.8560066223145,6.552427597343922,47.0210907869041
-86.14000902000002,571360,124,,570,110.57,,7108,0.0005,4.4320167134913636e-32,142592,-2480.5190811157227,6.68289390951395,52.226424703374505
-82.28175837,571808,124,,575,110.09,,7112,0.0005,4.15528209056017e-32,142720,-2503.459159851074,6.784529030323029,57.77154390886426
-84.08471943,572320,124,9.801791068196666,579,110.53,16.530721557037776,7116,0.0005,3.8968712756076856e-32,142848,-2437.37553024292,6.504699096083641,47.229291720315814
-77.19210963,573120,124,,586,109.12,,7120,0.0005,3.541619966690798e-32,143040,-2468.5216484069824,6.534748159348965,52.447367925196886
-78.15323027000001,573696,124,,590,110.09,,7124,0.0005,3.3250275561233585e-32,143168,-2420.3835983276367,6.784710071980953,39.3126435149461
-76.53130784,573984,124,19.057923855359903,593,110.49,21.874954463277163,7128,0.0005,3.1216454291306316e-32,143296,-2408.119396209717,6.571667939424515,42.31993211247027
-74.25863574,574368,124,,594,110.42,,7132,0.0005,3.025656369601758e-32,143360,-2453.828109741211,6.705974668264389,40.847262769937515
-73.69910319000002,574848,124,,598,111.94,,7136,0.0005,2.83608362422648e-32,143488,-2523.8033447265625,6.489085078239441,31.52363110333681
-72.34485092,575264,124,,602,110.79,,7140,0.0005,2.6578686751645147e-32,143616,-2509.169490814209,6.8433762192726135,43.60640630312264
-72.17923312,575392,124,,602,109.97,,7144,,,,,,
-69.81933331,576160,124,,610,109.35,,7148,0.0005,2.411137732793919e-32,143808,-2482.0422134399414,6.669533856213093,33.5664191134274
-66.52339957000001,576480,124,,611,109.38,,7152,0.0005,2.3354395677249225e-32,143872,-2502.8367195129395,6.694771580398083,35.18938245251775
-68.96739065000001,576960,124,,615,110.51,,7156,0.0005,2.187587938505947e-32,144000,-2577.308738708496,6.844285577535629,50.74064671434462
-68.15642543999999,577248,124,,618,109.52,,7160,0.0005,2.1177921647529444e-32,144064,-2491.645595550537,6.594808489084244,52.617997316643596
-71.21398751000001,577536,124,,622,109.78,,7164,0.0005,2.0513987721546757e-32,144128,-2503.165470123291,6.784093700349331,48.79829058237374
-67.07068738999999,578208,124,,627,108.69,,7168,0.0005,1.8629040262716112e-32,144320,-2548.751495361328,6.651957660913467,60.934387501329184
-65.9405787,578464,124,,627,107.58,,7172,0.0005,1.8034660291553832e-32,144384,-2532.188564300537,6.983847193419933,45.262894878163934
-64.18840066000001,578752,124,,630,106.24,,7176,0.0005,1.7463521198280876e-32,144448,-2521.8150901794434,6.699184365570545,57.52871706709266
-65.35530661,579296,124,8.844219738820106,633,107.49,13.182736880141746,7180,0.0005,1.6393452872063134e-32,144576,-2472.3247604370117,6.615429200232029,41.41566472314298
-66.6182339,579680,124,,637,109.22,,7184,0.0005,1.5391218903959115e-32,144704,-2462.236343383789,6.687412768602371,49.95009092986584
-68.12281858,580032,125,,637,107.9,,7188,0.0005,1.4916162583747088e-32,144768,-2456.615951538086,6.758634842932224,56.52231990173459
-65.21243697000001,580384,124,,641,106.62,,7192,0.0005,1.4005204971382702e-32,144896,-2509.8713989257812,6.9459421038627625,68.20427853986621
-62.97216492999999,580800,124,,644,106.56,,7196,0.0005,1.3565821988941128e-32,144960,-2491.708564758301,6.792360723018646,49.1698407009244
-65.27352322,581120,124,,648,106.54,,7200,0.0005,1.3142253790663055e-32,145024,-2480.5251655578613,6.73329521715641,40.96573009341955
-60.391049599999995,581344,124,,649,104.9,,7204,0.0005,1.2730222702096318e-32,145088,-2536.2279739379883,6.9115321934223175,55.38757682219148
-66.21752435,581792,124,8.745955203592105,653,105.24,16.52295421453893,7208,0.0005,1.193725891678007e-32,145216,-2510.7842903137207,6.7688630521297455,46.85819404758513
-67.59143411,582432,124,,658,104.74,,7212,0.0005,1.0837975446305941e-32,145408,-2544.0229568481445,6.6677063181996346,28.785997366532683
-63.209895769999996,582752,124,,661,103.85,,7216,0.0005,1.0492689064732138e-32,145472,-2520.0944786071777,6.951785564422607,54.962903548032045
-66.14943792,582944,124,,662,104.31,,7220,0.0005,1.0163502582099096e-32,145536,-2545.103786468506,6.612267829477787,37.15802291966975
-69.71752704,583392,124,,666,104.1,,7224,0.0005,9.839291976236634e-33,145600,-2558.4354972839355,6.699796378612518,39.25690017640591
-70.32201008999999,583840,124,,670,102.79,,7228,0.0005,9.224548413635717e-33,145728,-2525.8522033691406,6.70306283980608,46.4933623727411
-73.58365166,584128,125,,670,101.45,,7232,0.0005,8.935263432413428e-33,145792,-2508.56795501709,6.708091557025909,51.541086776182055
-71.67453017,584544,125,,674,98.53,,7236,0.0005,8.381931356639877e-33,145920,-2553.1365852355957,6.719529069960117,38.97793832980096
-74.02761613,584864,124,,678,98.93,,7240,0.0005,8.116693821510793e-33,145984,-2524.7876472473145,6.852899566292763,47.913795134052634
-72.25475180000001,585120,125,,678,97.95,,7244,0.0005,7.86114735338759e-33,146048,-2551.1764221191406,6.736464343965054,41.14438400603831
-69.07424294,585440,124,,682,98.69,,7248,0.0005,7.612053958949541e-33,146112,-2568.1270866394043,6.741639666259289,37.70946289412677
-72.24592659999998,586272,124,,690,95.66,,7252,0.0005,6.692785796675271e-33,146368,-2544.7737617492676,6.6962068527936935,41.13079310208559
-68.27470387,586720,125,,691,94.74,,7256,0.0005,6.481610348766459e-33,146432,-2535.9960899353027,6.874182507395744,50.93832251057029
-70.62930019000001,587040,124,7.157354443786435,694,95.7,14.424688398927685,7260,0.0005,6.077777087777791e-33,146560,-2582.162940979004,6.599331133067608,40.423774821683764
-66.26168779000001,587264,124,,698,95.51,,7264,,,,,,
-67.43575937,588000,124,,702,97.79,,7268,0.0005,5.521441308253371e-33,146752,-2540.1991004943848,6.71491613984108,25.812857504934072
-71.38551013,588704,125,,707,98.44,,7272,0.0005,5.015482102516002e-33,146944,-2555.1148414611816,6.961723767220974,58.81322163157165
-71.40636359,589024,125,,709,99.44,,7276,0.0005,4.857451701261419e-33,147008,-2561.077625274658,6.683155998587608,44.13625510968268
-72.1605649,589376,124,,713,99.67,,7280,0.0005,4.553485404007521e-33,147136,-2598.0280990600586,6.57710175961256,46.28091633692384
-71.04352512999999,589760,125,,714,99.11,,7284,0.0005,4.4078603941215744e-33,147200,-2608.96524810791,6.763763926923275,36.839572228491306
-68.38073404000001,589984,125,,717,99.75,,7288,0.0005,4.267744159431539e-33,147264,-2574.1380920410156,6.91958749294281,50.17772893421352
-67.22246573000001,590496,125,,720,99.15,,7292,0.0005,4.003903832499877e-33,147392,-2592.01029586792,6.612309254705906,43.49272629059851
-64.11164869999999,590688,125,,721,99.61,,7296,0.0005,3.8761530694362415e-33,147456,-2630.2989654541016,6.757674798369408,47.40757168456912
-58.76599838000001,591264,125,11.0209637586052,725,99.55,16.964014337938227,7300,0.0005,3.63574018420435e-33,147584,-2572.9947547912598,6.761430077254772,35.878038899973035
-63.79651894,591424,125,,728,101.33,,7304,0.0005,3.521630499288185e-33,147648,-2602.620044708252,6.882616497576237,44.57298503443599
-61.490193999999995,592096,125,,732,102.64,,7308,0.0005,3.301300567698108e-33,147776,-2601.7408180236816,6.930962547659874,58.965820046141744
-58.88354482999999,592864,125,,736,103.15,,7312,0.0005,2.9992585110746452e-33,147968,-2569.3251304626465,6.8743594735860825,55.252391720190644
-58.27460879999999,593120,125,,740,102.16,,7316,0.0005,2.9057736264467824e-33,148032,-2566.159049987793,6.866970099508762,49.03454658947885
-56.03881105000001,593632,125,,744,102.84,,7320,0.0005,2.72745306484232e-33,148160,-2585.057586669922,6.724449954926968,36.411239210516214
-52.32072983,594240,125,,748,103.71,,7324,0.0005,2.4770211823970653e-33,148352,-2540.6402587890625,6.879074268043041,47.27607158944011
-51.754973789999994,594560,125,,752,105.31,,7328,0.0005,2.4004928209989695e-33,148416,-2564.068920135498,6.869733728468418,51.741355458274484
-49.45248876999999,595104,125,,756,107.91,,7332,0.0005,2.253477005571599e-33,148544,-2574.326934814453,6.831700801849365,43.28896663710475
-48.743422900000006,595424,125,,756,108.16,,7336,0.0005,2.1826247895611622e-33,148608,-2592.516742706299,6.900634273886681,47.71452584117651
-45.70331528999999,595648,125,,759,107.56,,7340,0.0005,2.113614873959714e-33,148672,-2603.5483589172363,6.860415600240231,50.37549948133528
-43.75886779,596032,125,8.156442935088634,763,108.51,18.10475130716492,7344,0.0005,1.9827135535772748e-33,148800,-2661.3118286132812,6.866945594549179,43.20749153010547
-43.412943289999994,596736,125,,768,108.01,,7348,0.0005,1.857529099015463e-33,148928,-2607.511405944824,6.731073938310146,40.664960442110896
-42.892494740000004,597344,125,,771,109.66,,7352,0.0005,1.6882875179651275e-33,149120,-2590.4455909729004,6.876219689846039,58.894721092656255
-46.37687974000001,597440,125,,772,110.69,,7356,,,,,,
-46.402786129999996,597568,125,,776,109.34,,7360,0.0005,1.6351400835879976e-33,149184,-2624.671772003174,6.934470102190971,62.106179777532816
-46.800658229999996,597888,125,,776,108.0,,7364,0.0005,1.583814774509294e-33,149248,-2544.8292121887207,6.805784374475479,25.014115246012807
-45.436013749999994,598400,125,,781,107.79,,7368,0.0005,1.4862492786197952e-33,149376,-2618.0864868164062,7.0761812925338745,38.87553522735834
-43.78205104,598752,125,,785,106.98,,7372,0.0005,1.4391629338966965e-33,149440,-2626.86039352417,6.879954822361469,30.975080873817205
-49.69153428,599136,125,,789,105.94,,7376,0.0005,1.3490867375132521e-33,149568,-2645.7450523376465,6.81000966578722,31.274534724652767
-50.409100559999985,599904,125,,792,106.08,,7380,0.0005,1.2250308034459778e-33,149760,-2620.769386291504,6.911532923579216,46.234676180407405
-45.93817939,600256,125,,795,104.99,,7384,0.0005,1.1864547996245143e-33,149824,-2613.1947631835938,7.025234803557396,35.28435462899506
-49.583997849999996,600736,125,,799,105.37,,7388,0.0005,1.1129097458875627e-33,149952,-2652.07462310791,6.967371262609959,53.50414687395096
-52.42552952999999,600992,125,,800,105.2,,7392,0.0005,1.0777910672502406e-33,150016,-2598.900718688965,6.88437457382679,50.27116665802896
-52.34656749,601536,125,7.577749691513185,804,105.69,14.978768695228569,7396,0.0005,1.0111664251240261e-33,150144,-2619.6572036743164,6.943478912115097,30.646261651068926
-57.933627369999996,601984,125,,809,104.7,,7400,0.0005,9.483452949990871e-34,150272,-2649.392734527588,7.050127934664488,51.65418931283057
-53.82795932999999,602368,125,,812,103.53,,7404,0.0005,9.182223669076859e-34,150336,-2631.675682067871,6.988663457334042,49.92877496033907
-53.96801496999999,602624,125,,816,103.48,,7408,0.0005,8.892788419154121e-34,150400,-2648.34610748291,6.9861952513456345,52.58768211491406
-56.898232179999994,602752,125,,816,102.91,,7412,0.0005,8.613769538636622e-34,150464,-2581.745376586914,7.117244131863117,31.547597067430615
-59.69514847000001,603136,125,,820,105.65,,7416,0.0005,8.347461365204315e-34,150528,-2597.12313079834,7.035592116415501,50.70817644894123
-59.09706327,603168,125,,820,105.5,,7420,0.0005,8.086544968545813e-34,150592,-2614.1215286254883,6.782489605247974,38.5527403447777
-61.140388290000004,603552,125,,820,103.7,,7424,0.0005,7.833797310571971e-34,150656,-2615.0443267822266,6.8762489557266235,40.58211990632117
-64.36283418,603904,125,,824,101.41,,7428,0.0005,7.5894142663515885e-34,150720,-2587.1231727600098,7.129793711006641,38.48046656884253
-64.13930208999999,604416,125,,828,98.05,,7432,0.0005,7.127610441039125e-34,150848,-2551.1165657043457,6.757595553994179,33.129963802173734
-71.73467964,605024,125,,832,97.22,,7436,0.0005,6.484445860110903e-34,151040,-2617.026699066162,6.889905706048012,39.18826898559928
-71.18070841000001,605536,125,11.795536431119904,837,97.17,19.84346886793464,7440,0.0005,6.085020606797534e-34,151168,-2564.1223335266113,6.973075233399868,52.085753144696355
-71.33249158000001,605760,125,,840,95.44,,7444,0.0005,5.8972478753160804e-34,151232,-2598.9772300720215,6.872592568397522,40.93410609290004
-71.30127008000001,606176,125,,841,96.61,,7448,0.0005,5.712979213286313e-34,151296,-2600.074245452881,6.95105055719614,46.018382953479886
-67.11176295,606912,125,,849,96.39,,7452,0.0005,5.188445107548414e-34,151488,-2640.4024696350098,6.868991009891033,48.23215392790735
-63.15465631,607360,125,,853,96.37,,7456,0.0005,4.863721027902989e-34,151616,-2690.397819519043,6.8365198746323586,38.04301565699279
-62.98083993,607744,125,,857,97.34,,7460,0.0005,4.705994574877026e-34,151680,-2699.661003112793,6.911758176982403,42.078969337046146
-66.99739518,607936,125,10.960575959052074,858,99.27,15.938824604531383,7464,0.0005,4.555255375353707e-34,151744,-2681.6931495666504,7.008403792977333,44.86123029701412
-68.38863169,608192,125,,858,98.41,,7468,0.0005,4.4102517402189915e-34,151808,-2669.928981781006,6.823028475046158,44.81429788284004
-68.08711081,608768,125,,865,98.48,,7472,0.0005,4.13547609010288e-34,151936,-2675.4589614868164,6.970395885407925,52.472631549462676
-65.75689517999999,609248,125,,866,97.83,,7476,0.0005,3.878662178773255e-34,152064,-2657.0165214538574,7.117710717022419,56.743179611861706
-64.95203033,609728,125,,870,98.11,,7480,0.0005,3.6371115349698847e-34,152192,-2705.518138885498,7.114290550351143,41.62456073611975
-67.30239284,609984,125,,874,99.9,,7484,0.0005,3.5212346251628408e-34,152256,-2673.99112701416,7.048104703426361,48.07726546190679
-65.54635510000001,610208,125,,874,99.08,,7488,0.0005,3.4100811377823686e-34,152320,-2660.174835205078,7.005962885916233,46.90822225064039
-65.90058972,610656,125,,878,99.36,,7492,0.0005,3.1991675437240897e-34,152448,-2663.9429244995117,6.98290192335844,42.85456572845578
-68.78918201,611296,126,,880,99.15,,7496,0.0005,3.0001097615521966e-34,152576,-2691.6107025146484,6.919359631836414,32.32682287879288
-61.549051680000005,611520,125,,884,98.61,,7500,0.0005,2.9048402061590437e-34,152640,-2689.6288261413574,6.960126757621765,41.221824415028095
-63.98881422,611840,125,,887,98.92,,7504,0.0005,2.8127060114624746e-34,152704,-2689.500961303711,7.213658362627029,30.417062832042575
-61.15492128999999,611904,125,,887,98.55,,7508,0.0005,2.72368234959261e-34,152768,-2667.4716148376465,7.019030623137951,52.989572605118155
-58.80663376,612352,125,,891,98.54,,7512,0.0005,2.638195473569937e-34,152832,-2689.112892150879,7.004137329757214,43.23122573643923
-56.845616639999996,612768,126,,892,96.71,,7516,0.0005,2.4738477458428167e-34,152960,-2703.454032897949,7.037121169269085,39.645058427006006
-58.98413431000001,613408,125,,901,93.1,,7520,0.0005,2.2474181393410254e-34,153152,-2667.3261795043945,6.929319716989994,37.98920057527721
-55.929974869999995,613824,125,,901,93.25,,7524,0.0005,2.1767357587314367e-34,153216,-2694.545063018799,7.053184986114502,46.99649336747825
-54.341499970000015,614368,125,7.281517664958125,906,95.69,16.20339992911934,7528,0.0005,2.0403824999981656e-34,153344,-2703.6128845214844,7.156965389847755,38.5896564386785
-60.40483716000001,614656,125,,909,97.94,,7532,0.0005,1.9762982235635752e-34,153408,-2656.3010215759277,7.040944717824459,47.669933810830116
-57.08970457999999,615040,125,,913,99.89,,7536,0.0005,1.855394871859541e-34,153536,-2686.959083557129,7.23189876973629,45.00408751517534
-60.79769788000001,615680,125,,917,100.01,,7540,0.0005,1.7406022486888734e-34,153664,-2693.1417083740234,7.330315411090851,49.38482997752726
-64.09760420999999,615904,126,,917,99.63,,7544,0.0005,1.6854682543288548e-34,153728,-2701.4295654296875,7.303984358906746,47.680899046361446
-63.541988610000004,616352,125,,922,99.35,,7548,0.0005,1.581129296178106e-34,153856,-2685.8606147766113,6.997923582792282,32.56855772808194
-63.91992055,616608,125,,926,99.51,,7552,0.0005,1.5313973670373221e-34,153920,-2704.386692047119,7.136872448027134,43.81892332434654
-63.844619370000004,616864,125,,926,99.11,,7556,0.0005,1.4829972678302733e-34,153984,-2675.7131156921387,7.0659154728055,25.45196478627622
-63.323555799999994,617248,125,,930,98.86,,7560,0.0005,1.391878011414847e-34,154112,-2689.554328918457,6.985011875629425,45.90208201855421
-62.20404210000001,617888,125,,935,98.66,,7564,0.0005,1.3054610875477925e-34,154240,-2686.151798248291,7.17524016648531,48.55770446173847
-58.60313260000001,618368,125,10.378543956401069,939,98.59,19.59308506296353,7568,0.0005,1.2247041628814965e-34,154368,-2725.515567779541,7.183135069906712,44.39312161877751
-58.84722135000001,618624,125,,942,98.71,,7572,0.0005,1.1859670017548397e-34,154432,-2692.1818237304688,6.999819867312908,40.57665159367025
-57.51109126,619392,125,,947,99.6,,7576,0.0005,1.07816550639681e-34,154624,-2727.411144256592,7.280347362160683,38.4291180446744
-61.12851090000001,620000,125,,951,99.94,,7580,0.0005,1.0106661369094092e-34,154752,-2696.5587882995605,6.934757024049759,26.96876465715468
-66.29562681,620288,125,,954,98.19,,7584,0.0005,9.791393518741573e-35,154816,-2655.633743286133,6.980560801923275,44.48502301052213
-70.76607474000001,620576,125,,958,99.06,,7588,0.0005,9.189506941387001e-35,154944,-2728.6431045532227,7.154785096645355,53.57904250174761
-66.61509448000001,621376,125,,962,100.42,,7592,0.0005,8.340683781825175e-35,155136,-2747.354217529297,7.0494829043745995,45.99265627935529
-68.56619788,621600,125,,965,100.84,,7596,0.0005,8.07621638634152e-35,155200,-2695.363826751709,7.098889268934727,48.578111100941896
-65.45014861000001,621696,125,,965,101.08,,7600,,,,,,
-66.38623878,622496,126,9.091145201056802,970,102.64,17.683968112747422,7604,0.0005,7.340056923783216e-35,155392,-2730.005546569824,7.092322662472725,42.27357169240713
-69.28928672,622944,125,,974,104.52,,7608,0.0005,6.886740717979201e-35,155520,-2706.793224334717,7.202116332948208,28.722479248419404
-69.17733565,623232,125,,978,104.88,,7612,0.0005,6.670544893262201e-35,155584,-2703.8281211853027,6.873525969684124,51.451047817245126
-70.36923618,623520,125,,978,106.26,,7616,0.0005,6.46166193627891e-35,155648,-2713.5799140930176,7.104859866201878,43.746362652629614
-66.04059819999999,623776,125,,981,107.23,,7620,0.0005,6.25917200332826e-35,155712,-2686.881290435791,7.129810594022274,36.044632045552135
-68.39910624999999,624224,125,,985,107.33,,7624,0.0005,5.87428163650027e-35,155840,-2677.2295722961426,6.966915629804134,37.57018302567303
-66.94903315999998,624704,125,,988,106.18,,7628,0.0005,5.514526205523523e-35,155968,-2720.835796356201,7.258886933326721,54.297355238348246
-60.753300919999994,625344,125,18.672521467885012,993,104.26,22.035756671776685,7632,0.0005,5.168609953338897e-35,156096,-2764.4260635375977,7.226826056838036,43.1258372887969
-63.22468825,625696,125,,996,103.63,,7636,0.0005,4.845462805750537e-35,156224,-2749.590789794922,7.339442007243633,47.890743646770716
-60.8519874,626080,126,,997,104.93,,7640,0.0005,4.692432255891384e-35,156288,-2720.814365386963,7.226937361061573,41.95571729540825
-56.55529424999999,626304,125,,1000,106.4,,7644,0.0005,4.5441740084397316e-35,156352,-2767.2903213500977,7.233657188713551,27.929460836574435
-55.44670899999999,626560,126,,1001,104.97,,7648,0.0005,4.399087157251764e-35,156416,-2767.5187606811523,7.2050599828362465,37.82077688910067
-55.39782927999999,626848,126,22.898496149752916,1004,105.18,25.244154063980027,7652,0.0005,4.259304958394777e-35,156480,-2773.2723503112793,7.033301413059235,38.37283892184496
-58.18070302000001,627744,126,,1011,104.41,,7656,0.0005,3.7414953741320567e-35,156736,-2782.0293502807617,7.032366208732128,36.34200330078602
-55.65720996,627936,126,,1011,104.39,,7660,,,,,,
-55.10513295999999,628352,126,,1015,104.91,,7664,0.0005,3.5051482183272684e-35,156864,-2811.4008255004883,7.175089605152607,45.09040680807084
-54.905388320000014,628800,126,,1019,104.1,,7668,0.0005,3.284500291264983e-35,156992,-2841.1327209472656,7.3524564653635025,49.28265623562038
-51.91336874,629312,126,,1023,104.0,,7672,0.0005,3.0782890611441615e-35,157120,-2837.3989334106445,7.010837346315384,29.033767193555832
-52.065605569999995,629824,126,17.567040051650196,1027,104.28,22.172057800289817,7676,0.0005,2.8859259601890126e-35,157248,-2755.3169746398926,7.308401197195053,40.592811988666654
-48.41449324,630272,126,,1030,103.77,,7680,0.0005,2.79552645191909e-35,157312,-2783.3177642822266,7.19967570155859,35.2987989410758
-40.018442050000004,630912,126,,1035,104.31,,7684,0.0005,2.540571276682407e-35,157504,-2756.04891204834,7.202267713844776,38.82504091411829
-39.52350743,631168,126,,1035,104.28,,7688,0.0005,2.46100142893952e-35,157568,-2782.510425567627,7.179506435990334,28.802185347303748
-42.03357430999999,631360,126,,1038,104.66,,7692,0.0005,2.3837241054842683e-35,157632,-2781.004814147949,7.261063516139984,39.536903290078044
-39.379652699999994,631648,126,20.541116537391915,1039,103.76,22.637042239809713,7696,0.0005,2.308502610190446e-35,157696,-2816.3120613098145,7.39009141176939,46.55684607848525
-41.37083949,632160,126,,1043,104.81,,7700,0.0005,2.1641856547995537e-35,157824,-2807.0409507751465,7.342546612024307,53.288130508735776
-38.48319965999999,632672,126,,1047,104.27,,7704,0.0005,2.0294607802156335e-35,157952,-2768.0242500305176,7.230853155255318,45.99476558435708
-34.236218990000005,633280,126,,1050,101.61,,7708,0.0005,1.90512553153602e-35,158080,-2762.589122772217,7.014841645956039,32.304756408557296
-32.55971309,633568,126,,1054,102.73,,7712,0.0005,1.8455486053762816e-35,158144,-2791.790168762207,7.21526001393795,36.485619777813554
-37.00931497,633696,126,20.89368437225908,1054,101.6,24.380117812753024,7716,0.0005,1.7871080851874822e-35,158208,-2825.737621307373,7.267237521708012,33.31489678192884
-40.60353416,634048,126,,1057,103.21,,7720,0.0005,1.7308883786781855e-35,158272,-2780.5602951049805,7.128466099500656,33.735922895371914
-36.87877058000001,634848,126,,1063,103.65,,7724,0.0005,1.5727607906264486e-35,158464,-2796.129524230957,7.274843864142895,41.290735913440585
-35.49331385,635328,126,,1067,104.86,,7728,0.0005,1.4755227485477974e-35,158592,-2791.177604675293,7.160882905125618,35.52310701832175
-33.11185373,635648,126,21.707368581546607,1070,105.07,22.595912269256033,7732,0.0005,1.4295123847296588e-35,158656,-2762.8885040283203,7.265966415405273,54.2166474442929
-29.155982290000008,636288,126,,1075,104.73,,7736,0.0005,1.2987957035583017e-35,158848,-2825.033679962158,7.230257712304592,50.21358887664974
-29.911758629999998,636608,126,,1079,105.55,,7740,0.0005,1.2577630097243624e-35,158912,-2814.055751800537,7.338900752365589,39.863961739465594
-27.9045475,636768,126,,1079,104.22,,7744,0.0005,1.2179436497839372e-35,158976,-2805.6563453674316,7.191440656781197,32.49346472509205
-33.19987902,637536,126,,1086,106.71,,7748,0.0005,1.1077817772487598e-35,159168,-2803.0015869140625,7.264025844633579,56.924377996474504
-34.553606099999996,638016,126,,1089,107.22,,7752,0.0005,1.0387985241644027e-35,159296,-2794.088092803955,7.029706887900829,45.39447696134448
-33.023896019999995,638176,126,,1089,108.85,,7756,,,,,,
-34.84669406,638528,126,,1092,108.75,,7760,0.0005,9.748648904536358e-36,159424,-2788.46529006958,7.39979363232851,43.208190228790045
-31.758917170000004,638688,126,,1092,107.1,,7764,,,,,,
-37.80660458,639296,126,8.472632721217634,1097,107.12,16.570691214075232,7768,0.0005,8.85592220088738e-36,159616,-2788.7345428466797,7.241865329444408,30.123485727235675
-39.860855470000004,639840,126,,1100,106.97,,7772,0.0005,8.308694041408473e-36,159744,-2823.321186065674,7.530735559761524,30.77834145911038
-39.20801685000001,640416,126,,1104,106.71,,7776,0.0005,7.790171021345363e-36,159872,-2831.7445945739746,7.358166590332985,31.38230982515961
-39.24867108,640608,126,,1108,107.31,,7780,0.0005,7.545491316634889e-36,159936,-2787.6172943115234,7.3883634358644485,54.66003528051078
-43.54675813000001,641280,126,,1112,108.01,,7784,0.0005,7.078186517749215e-36,160064,-2841.9910850524902,7.5627536326646805,44.76415058411658
-41.94544522,641696,126,,1115,105.77,,7788,0.0005,6.637914100276505e-36,160192,-2836.013614654541,7.357602760195732,59.35316907800734
-46.96433556,642112,126,,1119,104.63,,7792,0.0005,6.224125932309454e-36,160320,-2854.5523376464844,7.390782184898853,41.99879487045109
-50.47625985000001,642688,126,,1122,106.0,,7796,0.0005,5.833897537584179e-36,160448,-2875.986801147461,7.329364567995071,53.01187709160149
-52.002104100000004,643040,127,,1123,105.17,,7800,0.0005,5.648124614387291e-36,160512,-2844.868091583252,7.494538642466068,43.15030601248145
-52.27995661,643424,127,10.409441928865984,1127,105.13,19.294474430376763,7804,0.0005,5.30314860320418e-36,160640,-2790.5307121276855,7.292728438973427,28.011310875415802
-53.227535399999994,643616,126,,1130,107.32,,7808,0.0005,5.1376152559040535e-36,160704,-2831.9484901428223,7.4476142674684525,31.635596469044685
-54.156634740000015,643776,126,,1130,105.56,,7812,,,,,,
-50.69539961999999,644320,127,,1134,106.2,,7816,0.0005,4.821852797640373e-36,160832,-2762.776584625244,7.082100361585617,49.58811777830124
-50.30051489000002,644512,127,,1134,107.65,,7820,0.0005,4.6742796237081924e-36,160896,-2752.002311706543,7.3707869201898575,27.517746904864907
-48.72550670000001,645440,127,,1142,107.41,,7824,0.0005,4.1137666895563953e-36,161152,-2770.3811569213867,7.233167268335819,40.250766679644585
-49.65026728,645728,126,,1146,104.98,,7828,0.0005,3.985578697426502e-36,161216,-2852.208324432373,7.6111908331513405,43.91445763967931
-52.69846333,645856,126,,1146,104.97,,7832,,,,,,
-55.90658827000002,646240,126,14.417996895522672,1150,104.95,20.302829266818126,7836,0.0005,3.7369394109077114e-36,161344,-2823.536891937256,7.29274320602417,52.798755057156086
-52.11653251,646880,127,,1154,103.87,,7840,0.0005,3.507073448834939e-36,161472,-2843.127769470215,7.223921313881874,53.416967529803514
-55.88044325999999,647072,127,,1155,104.27,,7844,0.0005,3.3960700730301204e-36,161536,-2858.697238922119,7.3119760155677795,39.71918272972107
-56.68517965,647488,127,,1158,102.91,,7848,0.0005,3.185527248868829e-36,161664,-2857.2026176452637,7.279603540897369,23.33298189379275
-57.169436409999996,647584,127,,1158,100.72,,7852,,,,,,
-57.99321322,648096,127,,1162,99.85,,7856,0.0005,2.988288475642102e-36,161792,-2816.7909965515137,7.34797028452158,37.83199530094862
-55.865059609999996,648992,127,,1169,100.21,,7860,0.0005,2.628240868890869e-36,162048,-2885.2190284729004,7.498608447611332,48.16386699490249
-57.044596059999996,649312,127,,1173,100.09,,7864,0.0005,2.544803648702254e-36,162112,-2856.0413856506348,7.356573432683945,32.75702020525932
-63.0450992,649568,127,,1173,99.94,,7868,0.0005,2.4648563987728e-36,162176,-2832.8350105285645,7.249032720923424,38.03980294987559
-64.16232956,649984,127,,1177,100.82,,7872,0.0005,2.387681287148575e-36,162240,-2851.0146560668945,7.33506017178297,32.33038401417434
-63.23985101,650624,127,,1182,101.68,,7876,0.0005,2.167978729840184e-36,162432,-2871.8260803222656,7.294458404183388,39.16806903295219
-59.86681428,651040,127,,1186,101.01,,7880,0.0005,2.032393274709329e-36,162560,-2858.1431312561035,7.358557417988777,41.43213100172579
-57.843068810000005,651456,127,8.793070551861948,1189,102.18,17.01255018888346,7884,0.0005,1.9688125378381045e-36,162624,-2840.987991333008,7.381803892552853,42.44050758704543
-56.6254835,651840,127,,1193,103.53,,7888,0.0005,1.8466180197517964e-36,162752,-2872.174644470215,7.389955334365368,55.219826409593225
-56.95049526,651968,127,,1193,102.21,,7892,,,,,,
-55.069528170000005,652288,126,,1197,101.98,,7896,0.0005,1.7884647640666254e-36,162816,-2883.591453552246,7.6208424642682076,39.4535973444581
-51.59585274,652768,127,,1198,102.31,,7900,0.0005,1.676402953900539e-36,162944,-2874.6066818237305,7.512444503605366,31.561874862760305
-50.90053791999999,653472,127,,1205,102.03,,7904,0.0005,1.5238520553335192e-36,163136,-2852.723388671875,7.5645134299993515,35.36409589275718
-51.18238389000001,654144,127,,1209,102.67,,7908,0.0005,1.3850703210821489e-36,163328,-2846.475387573242,7.351560458540916,29.225421516224742
-53.11522966000001,654304,127,,1209,102.34,,7912,,,,,,
-50.596498919999995,654976,127,,1217,101.75,,7916,0.0005,1.2575834784479697e-36,163520,-2885.3418197631836,7.687948353588581,31.622225422412157
-52.398411290000006,655200,127,,1218,100.47,,7920,0.0005,1.2183752300927707e-36,163584,-2820.2773056030273,7.527657635509968,48.76289405860007
-54.95350795,655744,127,,1222,102.19,,7924,0.0005,1.1437476412416297e-36,163712,-2872.103256225586,7.6785144582390785,57.19892395660281
-54.38952696999999,656096,127,7.800822608775161,1225,103.77,17.300823432426803,7928,0.0005,1.107812178699203e-36,163776,-2877.0012969970703,7.681259237229824,46.78519715182483
-55.50802542000001,656736,127,,1231,105.19,,7932,0.0005,1.0069956569872677e-36,163968,-2845.471050262451,7.535107955336571,44.08999679610133
-54.920826160000004,657056,126,,1235,104.61,,7936,0.0005,9.754677545566204e-37,164032,-2897.334758758545,7.438443519175053,35.03977836109698
-56.04243697,657376,127,,1235,105.92,,7940,0.0005,9.446383924039467e-37,164096,-2884.2844619750977,7.409283846616745,28.83547195419669
-53.49406410999999,657888,127,,1238,106.0,,7944,0.0005,8.860705079174651e-37,164224,-2899.527660369873,7.542034327983856,40.11267148144543
-52.23412813000001,658624,127,,1245,106.29,,7948,0.0005,8.05100741708981e-37,164416,-2900.663803100586,7.448342300951481,38.740779964253306
-50.14362729999999,658752,127,,1246,106.43,,7952,0.0005,7.795469095420833e-37,164480,-2928.288528442383,7.584432661533356,33.542475804686546
-48.33216601,659136,127,,1250,108.06,,7956,0.0005,7.547513480002011e-37,164544,-2934.839370727539,7.509005859494209,19.568235252052546
-52.71591688,659808,127,,1254,107.09,,7960,0.0005,6.853207911974616e-37,164736,-2864.059600830078,7.648058637976646,39.67812371626496
-51.69126851,660096,127,,1257,110.15,,7964,0.0005,6.639474478346396e-37,164800,-2899.1018104553223,7.572577215731144,36.5623974930495
-42.35571353,660320,127,10.3902095227258,1257,111.43,16.977842429820754,7968,0.0005,6.42890963978623e-37,164864,-2929.207675933838,7.445375129580498,53.92538836970925
-40.94317634000001,660544,127,,1261,109.73,,7972,0.0005,6.225857547650387e-37,164928,-2893.688488006592,7.476042494177818,43.24961098842323
-41.99950284,661120,127,,1265,109.63,,7976,0.0005,5.839422577169319e-37,165056,-2922.7714080810547,7.61591524630785,39.69304187782109
-43.64258382999999,661696,127,,1270,108.51,,7980,0.0005,5.474511424983418e-37,165184,-2913.628578186035,7.535543322563171,46.10621874034405
-46.055093299999996,661824,127,,1271,107.06,,7984,0.0005,5.301532662248881e-37,165248,-2926.965663909912,7.411267422139645,33.6173951048404
-44.34282588999999,662336,127,,1275,105.27,,7988,0.0005,4.973209307869116e-37,165376,-2876.93741607666,7.509066723287106,25.248632844537497
-43.714269290000004,662784,127,,1278,105.87,,7992,0.0005,4.8182109700679315e-37,165440,-2870.9710121154785,7.63862981647253,28.453935837373137
-40.99849198,663040,126,15.568672420111277,1283,106.75,21.06703262164504,7996,0.0005,4.668693495917799e-37,165504,-2875.696147918701,7.510320298373699,43.85346091352403
-44.01086127000001,663264,127,,1283,106.21,,8000,0.0005,4.5234586280953816e-37,165568,-2879.324115753174,7.587249346077442,23.042406668886542
-43.57070253,663904,127,,1287,105.6,,8004,0.0005,4.108886642431012e-37,165760,-2941.7963371276855,7.336839362978935,38.618454637005925
-40.18489607,664352,127,,1291,103.26,,8008,0.0005,3.85344092557105e-37,165888,-2899.390312194824,7.552339509129524,38.60036128945649
-43.38140794000001,664896,127,,1295,103.5,,8012,0.0005,3.615119601432062e-37,166016,-2952.6700477600098,7.483562536537647,50.754911329597235
-44.967547710000005,664992,127,,1295,102.9,,8016,,,,,,
-43.44456064,665568,127,,1298,104.37,,8020,0.0005,3.388761754331616e-37,166144,-2949.4646072387695,7.751613967120647,34.684517877176404
-50.63248575999999,665984,127,15.094113229423165,1302,101.76,20.659985877345502,8024,0.0005,3.1777246081240494e-37,166272,-2959.5083045959473,7.575266696512699,39.00217148475349
-49.99622871,666080,127,,1302,102.37,,8028,,,,,,
-47.8052311,666336,127,,1306,102.49,,8032,0.0005,3.076414498646234e-37,166336,-2966.4320030212402,7.632642708718777,20.044002678245306
-46.99868799999999,666816,127,,1310,102.06,,8036,0.0005,2.8862303061005316e-37,166464,-2895.182289123535,7.538876749575138,45.118542194366455
-45.21217274999999,667360,127,,1313,99.76,,8040,0.0005,2.7073436830533855e-37,166592,-2969.3113441467285,7.813125044107437,40.60651629976928
-49.013305120000005,667616,127,,1314,100.68,,8044,0.0005,2.6217673562362555e-37,166656,-2907.175724029541,7.540678016841412,34.542352344840765
-46.96535021999999,668032,127,,1318,99.22,,8048,0.0005,2.4591927511513598e-37,166784,-2970.787483215332,7.615228094160557,42.07121500466019
-51.273633470000014,668480,127,11.563256955775836,1322,98.33,17.90256613835153,8052,0.0005,2.306630686337527e-37,166912,-2923.9067993164062,7.567772828042507,43.09957414865494
-51.201578100000006,669024,127,,1326,97.98,,8056,0.0005,2.163916533747922e-37,167040,-2936.9990844726562,7.629445515573025,36.31752875447273
-46.551402669999995,669248,127,,1330,99.44,,8060,0.0005,2.0961414968749574e-37,167104,-2911.3348693847656,7.562237128615379,50.47393040172756
-48.05566424,669856,127,,1334,97.59,,8064,0.0005,1.9678414295945366e-37,167232,-2973.224063873291,7.518524371087551,34.91311822645366
-49.65085761,669984,127,,1334,95.42,,8068,0.0005,1.904849425501998e-37,167296,-3037.748477935791,7.718020483851433,52.71417358331382
-51.888111439999996,670080,127,,1334,96.36,,8072,,,,,,
-53.27130190999999,670304,127,,1337,96.39,,8076,0.0005,1.8428729651776558e-37,167360,-3050.205219268799,7.657089039683342,38.08676765114069
-49.64390722,670976,127,,1341,94.71,,8080,0.0005,1.7256814690170388e-37,167488,-3031.4085845947266,7.593149416148663,44.48984904959798
-51.35258025,671424,127,,1344,94.01,,8084,0.0005,1.6180674660062504e-37,167616,-2957.785514831543,7.693072758615017,34.119140109047294
-54.17290105,671584,127,,1345,95.19,,8088,0.0005,1.5674466957858955e-37,167680,-2954.988639831543,7.716130867600441,35.310232577845454
-51.2163957,671936,127,,1348,94.76,,8092,0.0005,1.5183323967344823e-37,167744,-2961.576457977295,7.573536716401577,38.09375049546361
-51.72017194,672608,127,,1352,92.01,,8096,0.0005,1.3798252889561504e-37,167936,-3009.322441101074,7.666757971048355,52.891416035592556
-51.89019958999998,673152,127,,1356,92.54,,8100,0.0005,1.294326594073944e-37,168064,-2950.600109100342,7.500177063047886,34.62665072642267
-51.781297,673312,127,,1359,92.21,,8104,0.0005,1.2539232830055825e-37,168128,-2967.766716003418,7.759331084787846,49.195800852030516
-52.55657606,673568,127,7.5599906827081,1360,93.66,15.362989271501187,8108,0.0005,1.214275420697454e-37,168192,-2985.0048446655273,7.643499672412872,37.73706406541169
-50.35868088,673984,127,,1363,94.04,,8112,0.0005,1.175988089578077e-37,168256,-2974.7852058410645,7.542064286768436,41.15325841214508
-54.561952470000016,674560,127,,1366,95.46,,8116,0.0005,1.103072086257944e-37,168384,-3043.3745498657227,7.512743949890137,30.095128318294883
-54.54990035,674784,127,,1366,94.55,,8120,0.0005,1.0676082717016658e-37,168448,-3043.054916381836,7.501923657953739,33.89220453053713
-49.07536872,675456,127,,1374,96.55,,8124,0.0005,9.690273521324465e-38,168640,-3049.3302001953125,7.713833339512348,42.039524825289845
-45.22743644,675680,127,17.939463394046797,1374,94.43,21.277152697140252,8128,0.0005,9.382543062382686e-38,168704,-2984.9085540771484,7.743728198111057,49.864462189376354
-49.37908058999999,675936,127,,1378,93.27,,8132,0.0005,9.087423816681599e-38,168768,-2999.950019836426,7.553191989660263,41.262499053031206
-52.94871042999999,676320,127,,1379,94.2,,8136,0.0005,8.801554244367596e-38,168832,-2980.0336723327637,7.650034539401531,45.484223728999496
-53.045732290000004,676544,127,,1382,94.4,,8140,0.0005,8.527821790991342e-38,168896,-2969.7432975769043,7.664947345852852,36.905674785375595
-51.63559853000001,676992,127,,1386,92.93,,8144,0.0005,7.999421199521358e-38,169024,-3007.395435333252,7.7601173594594,56.98611391708255
-53.6190746,677632,127,,1389,94.6,,8148,0.0005,7.501001178500833e-38,169152,-2973.0422172546387,7.52609134465456,38.63886725716293
-51.682282679999986,677952,127,9.449545928647547,1393,94.55,18.481854934774844,8152,0.0005,7.03581880098286e-38,169280,-3013.0695037841797,7.808854818344116,49.56652720551938
-54.51620561,678368,127,,1394,94.94,,8156,0.0005,6.813775106941808e-38,169344,-3011.2529067993164,7.649582162499428,45.07404013350606
-62.208685560000006,679136,127,,1402,93.01,,8160,0.0005,6.195010058651103e-38,169536,-3001.198341369629,7.669267430901527,42.938265753909945
-61.81857840000001,679424,127,,1405,93.99,,8164,0.0005,6.000658737280884e-38,169600,-3012.0906105041504,7.749915733933449,37.924938229843974
-62.01082061000001,679904,127,10.76190049136822,1406,94.7,18.24520362979496,8168,0.0005,5.624401761883808e-38,169728,-3085.341953277588,7.4891824796795845,38.14602924697101
-58.206149249999996,680352,127,,1409,95.47,,8172,0.0005,5.272527992834061e-38,169856,-3029.213150024414,7.652482099831104,34.192249519750476
-54.5646729,680448,127,,1412,95.77,,8176,,,,,,
-52.76235314999999,680704,127,,1412,97.49,,8180,0.0005,5.10504449384392e-38,169920,-3030.3383712768555,7.857763983309269,43.37000639364123
-51.4037712,681120,127,,1417,99.38,,8184,0.0005,4.787812224130748e-38,170048,-3014.6349143981934,7.68319346010685,24.84325845912099
-51.508861079999996,681440,127,,1417,98.88,,8188,0.0005,4.6379806191522444e-38,170112,-3003.68550491333,7.675643607974052,45.592854803428054
-48.02764092999999,681696,127,,1421,99.58,,8192,0.0005,4.4928937844995984e-38,170176,-3015.4206619262695,7.699074886739254,27.29976735264063
-46.26011317,682560,127,,1429,100.67,,8196,0.0005,3.9558870966156745e-38,170432,-3010.542682647705,7.604377515614033,41.57802465558052
-48.234208349999996,682880,127,9.6721758487527,1429,99.71,19.33448581582866,8200,0.0005,3.831734671353001e-38,170496,-3027.8362045288086,7.6661180555820465,31.312694566324353
-51.86330998000001,683584,127,,1436,99.67,,8204,0.0005,3.479334889892209e-38,170688,-3033.1053428649902,8.13152077794075,42.22265980858356
-52.54472875,683744,127,,1436,99.99,,8208,,,,,,
-49.76559953000002,684416,127,,1441,100.21,,8212,0.0005,3.160904111497788e-38,170880,-3014.1331825256348,7.7887007892131805,33.09698748216033
-48.56819426999999,684672,127,,1444,99.69,,8216,0.0005,3.062431119936291e-38,170944,-2978.8120498657227,7.666485600173473,27.401848915964365
-48.45508006,684928,127,,1445,100.26,,8220,0.0005,2.968048067549215e-38,171008,-2971.818374633789,7.770023323595524,38.08345447015017
-47.00449946,685600,127,,1452,99.77,,8224,0.0005,2.6979948634208924e-38,171200,-3053.010898590088,7.783207438886166,30.08686899021268
-48.72026973,686144,127,,1456,101.73,,8228,0.0005,2.5297907729698183e-38,171328,-3058.114715576172,7.9426098093390465,55.35051858983934
-47.09738868,686784,127,,1460,103.43,,8232,0.0005,2.373575688587872e-38,171456,-3051.0595054626465,7.852766901254654,37.5844511911273
-47.849388659999995,686976,127,9.37937262366013,1460,104.14,17.483345675436013,8236,0.0005,2.2984133955092165e-38,171520,-3072.6107444763184,7.709663093090057,37.68168441206217
-44.721930059999984,687200,127,,1464,104.37,,8240,0.0005,2.22557017256598e-38,171584,-3043.0653686523438,7.744189083576202,33.31247179955244
-42.842727350000004,687648,127,,1468,106.39,,8244,0.0005,2.0871815204879894e-38,171712,-3041.9096603393555,8.032545045018196,43.99999461136758
-39.01544832,688224,127,,1472,105.93,,8248,0.0005,1.9573573812920093e-38,171840,-3070.8914337158203,7.702423140406609,43.70806537754834
-39.27181301,688608,127,,1473,105.74,,8252,0.0005,1.8953809870914383e-38,171904,-3053.5750160217285,7.452714242041111,28.267325991764665
-39.2323028,688960,127,,1478,106.01,,8256,0.0005,1.7787184495718884e-38,172032,-3018.740951538086,7.8607800379395485,46.936887891963124
-34.48014048,689312,127,,1481,107.62,,8260,0.0005,1.7232963377308596e-38,172096,-3010.2356452941895,7.704870939254761,40.23486195132136
-33.76430738,689632,127,,1481,106.68,,8264,0.0005,1.6693303961366782e-38,172160,-3054.802516937256,7.735125184059143,40.42063679359853
-37.777133989999996,690464,127,,1489,107.35,,8268,0.0005,1.4684332199034623e-38,172416,-3095.0739936828613,7.6246005445718765,29.833132464438677
-39.69238040999999,691136,127,,1493,105.31,,8272,0.0005,1.376968748167305e-38,172544,-3063.6411743164062,7.913244627416134,34.55217773094773
-39.65781531,691328,127,,1496,104.52,,8276,0.0005,1.3335033337076856e-38,172608,-3069.626636505127,7.797643177211285,43.623138293623924
-40.709942659999996,691904,127,,1500,105.46,,8280,0.0005,1.250721175884754e-38,172736,-3069.5304985046387,7.749788425862789,42.72263220511377
-43.17424519,692416,127,8.122159771887445,1505,106.68,16.323414525363546,8284,0.0005,1.1730480953350003e-38,172864,-3052.485897064209,7.6972100511193275,39.74617752246559
-43.82027714000001,692736,127,,1508,107.22,,8288,0.0005,1.1361543677997558e-38,172928,-3096.3184204101562,7.840528443455696,34.25860333070159
-43.932925239999996,692960,127,,1509,107.71,,8292,0.0005,1.0998745316055012e-38,172992,-3141.4841957092285,7.852642334997654,35.74133764207363
-44.497001440000005,693280,127,,1513,108.4,,8296,0.0005,1.030996926388554e-38,173120,-3083.8491744995117,7.906621441245079,32.913358798250556
-39.33759289,693568,127,,1514,109.21,,8300,0.0005,9.985265463439126e-39,173184,-3077.658203125,7.943144358694553,37.611614778637886
-39.14092538999999,693920,127,,1517,109.15,,8304,0.0005,9.668854043712951e-39,173248,-3130.129093170166,7.897966638207436,54.11137703247368
-39.27983095,694432,127,,1521,108.91,,8308,0.0005,9.062183155803949e-39,173376,-3135.2964973449707,7.9747810289263725,43.614375203847885
-40.620524120000006,694944,127,,1525,108.93,,8312,0.0005,8.49527825002969e-39,173504,-3114.4317207336426,7.619672775268555,32.75942481867969
-37.9566064,695232,127,14.629783090273607,1525,108.29,21.36910346961556,8316,0.0005,8.226232710868948e-39,173568,-3100.0066871643066,7.849128752946854,36.70144042931497
-39.2197253,695488,127,,1529,106.55,,8320,0.0005,7.967980235223898e-39,173632,-3083.2622566223145,7.81613826751709,35.96063172072172
-45.23212817,696032,127,,1533,105.7,,8324,0.0005,7.475479154407777e-39,173760,-3089.782371520996,7.866769544780254,42.30475556105375
-47.140410470000006,696416,127,,1537,104.94,,8328,0.0005,7.012790895477763e-39,173888,-3111.005702972412,8.041871026158333,33.674738988280296
-49.104147579999996,696768,127,,1537,103.29,,8332,0.0005,6.792078439356877e-39,173952,-3096.9347381591797,7.661157570779324,27.97112386394292
-46.24770143,697216,127,,1541,103.07,,8336,0.0005,6.37225574718354e-39,174080,-3098.1211891174316,7.719137832522392,44.037287482991815
-49.03436126,697440,127,20.16908626826514,1544,102.95,22.559415642775964,8340,0.0005,6.171496730220791e-39,174144,-3125.917942047119,8.204608291387558,35.015542486682534
-53.62960599,698016,127,,1548,101.68,,8344,0.0005,5.7888430419078997e-39,174272,-3071.738609313965,7.808911927044392,36.509091874584556
-55.22417664999999,698368,127,,1551,100.49,,8348,0.0005,5.607983886332316e-39,174336,-3099.4509773254395,7.949995212256908,38.248360546305776
-55.99247564999998,698560,127,,1552,101.95,,8352,0.0005,5.431581363464921e-39,174400,-3110.1651191711426,7.830387130379677,43.58712918497622
-55.517150279999996,698912,127,,1556,100.73,,8356,0.0005,5.0934478688610345e-39,174528,-3123.5655784606934,7.949261575937271,33.952079148963094
-53.04803628,699072,127,,1557,100.41,,8360,,,,,,
-50.94089150999999,699680,127,,1561,100.16,,8364,0.0005,4.624423770296307e-39,174720,-3116.6235542297363,7.765274554491043,45.92253181152046
-44.781340840000006,700000,127,,1565,99.63,,8368,0.0005,4.478888393142404e-39,174784,-3116.4966583251953,7.880892999470234,43.83226319029927
-41.87809559,700160,127,,1565,99.02,,8372,,,,,,
-43.85622403,700352,127,,1565,98.82,,8376,0.0005,4.3375241122392945e-39,174848,-3136.9945068359375,8.123536325991154,45.19009200669825
-44.640800430000006,700768,127,11.041346994326293,1569,96.2,17.54390047178757,8380,0.0005,4.068607251689097e-39,174976,-3121.6905517578125,7.926594987511635,45.60705064423382
-43.18792929999999,701664,127,,1576,93.28,,8384,0.0005,3.695028000011268e-39,175168,-3137.7400856018066,8.11621405184269,39.49088757671416
-41.8661819,701984,127,,1580,92.2,,8388,0.0005,3.462035023950098e-39,175296,-3216.941047668457,8.031114414334297,56.20080265775323
-45.72008395000001,702784,127,,1584,91.37,,8392,0.0005,3.141407316097655e-39,175488,-3152.852249145508,8.030932888388634,48.243921330198646
-47.19422361000001,703072,127,,1587,93.52,,8396,0.0005,3.041956529121156e-39,175552,-3215.478458404541,8.0229472219944,50.98997924104333
-50.81128113,703392,127,,1588,94.31,,8400,0.0005,2.944523217818092e-39,175616,-3176.137275695801,7.751082934439182,38.86964387446642
-48.91212770999999,703744,127,,1591,95.95,,8404,0.0005,2.8514606002158336e-39,175680,-3146.255626678467,8.23508669435978,39.87863354571164
-48.12333883000001,704096,127,14.047457252065406,1595,95.9,22.231903312548834,8408,0.0005,2.6763336749614557e-39,175808,-3118.053176879883,8.078769356012344,35.42844304069877
-45.10094537,704544,127,,1599,96.92,,8412,0.0005,2.5126645103912066e-39,175936,-3110.64986038208,8.058569379150867,33.13007954508066
-48.31879618999999,705056,127,,1602,97.77,,8416,0.0005,2.358593780500524e-39,176064,-3183.7864112854004,8.040679469704628,45.47237985767424
-48.84723447999999,705312,127,,1603,98.35,,8420,0.0005,2.283996116553251e-39,176128,-3139.5534858703613,7.96099441498518,32.7965734442696
-49.53969634,705728,127,,1607,97.57,,8424,0.0005,2.212201465545109e-39,176192,-3162.527545928955,8.130528032779694,40.44146311469376
-49.828746770000016,706016,127,,1607,97.19,,8428,0.0005,2.1421794789896267e-39,176256,-3171.339630126953,8.093648813664913,35.4794529248029
-44.513193060000006,706400,127,17.907526110974942,1612,98.71,22.23844616008344,8432,0.0005,2.00814554362042e-39,176384,-3215.58984375,8.083082407712936,42.80829249881208
-45.54315429000001,706784,127,,1616,97.44,,8436,0.0005,1.944080454941494e-39,176448,-3201.3045959472656,7.928533375263214,30.010412357747555
-49.17046811,707424,127,,1621,97.04,,8440,0.0005,1.7657464391986236e-39,176640,-3125.6161613464355,8.108793415129185,41.281735111027956
-44.04245444000001,707968,127,,1625,97.46,,8444,0.0005,1.6565654516963347e-39,176768,-3222.127296447754,7.8250891119241714,38.63238970935345
-44.07744217000001,708064,127,22.416314324230374,1625,97.53,22.14065977333327,8448,,,,,,
-41.133401729999996,708672,127,,1633,96.29,,8452,0.0005,1.5055927737573892e-39,176960,-3129.9687004089355,7.891448736190796,19.82019342109561
-40.318836430000005,708864,127,,1633,97.89,,8456,,,,,,
-42.594560789999996,709152,127,,1636,98.44,,8460,0.0005,1.4126266267962844e-39,177088,-3201.230556488037,8.086929388344288,45.12965266779065
-44.16091059,709792,127,22.14258695476945,1641,97.81,23.16220519993064,8464,0.0005,1.3243528153241253e-39,177216,-3205.152690887451,8.01356702297926,33.638526909053326
-46.4463767,710176,127,,1644,98.67,,8468,0.0005,1.2424668885874564e-39,177344,-3166.5740356445312,7.941311910748482,31.51044030301273
-50.043499929999996,710368,127,,1644,100.77,,8472,,,,,,
-51.30668429,710624,127,,1645,101.56,,8476,0.0005,1.2037062724149998e-39,177408,-3148.597526550293,7.983238406479359,28.451535625383258
-49.188566709999996,710816,127,,1648,102.83,,8480,0.0005,1.1661440510682914e-39,177472,-3179.5357666015625,8.047584250569344,43.19597732834518
-51.92175082999999,711456,127,,1653,102.76,,8484,0.0005,1.0592358383034064e-39,177664,-3169.7071952819824,8.162729196250439,34.48081641457975
-50.80700785,711936,127,22.49935054446567,1657,101.12,22.191872100476942,8488,0.0005,1.0261077632035919e-39,177728,-3179.5724334716797,7.999667152762413,36.300555953755975
-46.70288124,712320,127,,1660,100.91,,8492,0.0005,9.623018052641234e-40,177856,-3185.4924278259277,8.00412219017744,32.8518743943423
-45.057384920000004,712544,127,,1661,98.59,,8496,0.0005,9.320726663623808e-40,177920,-3168.8592414855957,8.054651275277138,41.754977041855454
-43.31456528000002,713312,127,,1668,100.12,,8500,0.0005,8.478031309378954e-40,178112,-3149.9663848876953,8.202595666050911,46.30360181443393
-41.94944326000001,713664,127,,1669,99.39,,8504,0.0005,8.213358872400754e-40,178176,-3146.8318939208984,8.128695026040077,41.172165025025606
-43.95482596,713856,127,,1672,98.77,,8508,0.0005,7.956098866393061e-40,178240,-3181.0335960388184,8.014064900577068,32.786349860951304
-44.32413605,714048,127,,1672,96.77,,8512,0.0005,7.705714199928848e-40,178304,-3201.0018310546875,8.172735579311848,33.666478434577584
-43.615452930000004,714368,127,,1676,95.15,,8516,0.0005,7.461451018224884e-40,178368,-3212.750026702881,8.074237920343876,48.024372389540076
-41.53809452999999,714752,127,,1679,95.17,,8520,0.0005,7.223857141399565e-40,178432,-3237.9162368774414,8.108992785215378,36.29929183423519
-33.96731364,715168,127,,1680,95.31,,8524,0.0005,6.7763434997491475e-40,178560,-3148.2603034973145,8.091707587242126,37.52632621116936
-33.275219400000005,715584,127,,1684,95.32,,8528,0.0005,6.359663241277347e-40,178688,-3157.1436157226562,7.99368916451931,29.811408407986164
-35.47229957,715904,127,,1688,94.77,,8532,0.0005,6.1608273093992876e-40,178752,-3172.1319007873535,8.147467210888863,32.39432939887047
-34.11227761999999,716192,127,,1689,95.14,,8536,0.0005,5.968898903138809e-40,178816,-3142.403190612793,8.02785088866949,39.69568764604628
-28.86978697,716672,127,9.465821835275259,1693,96.08,17.757054626288877,8540,0.0005,5.6040042862747875e-40,178944,-3159.932605743408,8.188923612236977,25.13387098349631
-25.430381819999997,716960,127,,1697,94.97,,8544,0.0005,5.427853187005296e-40,179008,-3183.7355003356934,8.06278831511736,29.36019929125905
-25.26449749,717440,127,,1701,94.29,,8548,0.0005,5.092894246491184e-40,179136,-3150.401077270508,8.225880965590477,39.76878439448774
-24.72963556,717728,127,,1701,95.5,,8552,0.0005,4.9337719889036296e-40,179200,-3196.146644592285,7.975287161767483,44.48878231085837
-23.375329169999997,718112,127,,1705,93.61,,8556,0.0005,4.628697051858554e-40,179328,-3163.2995986938477,8.010313995182514,41.15736676193774
-23.97918644,718464,127,,1708,93.85,,8560,0.0005,4.483380430532105e-40,179392,-3179.694538116455,8.163396686315536,27.171956149861217
-23.70834931,719200,127,9.171205455762111,1713,93.29,16.802401574619424,8564,0.0005,4.072744366452131e-40,179584,-3159.1536293029785,8.013926051557064,38.777647234499454
-23.450936900000006,719424,127,,1717,93.28,,8568,0.0005,3.9457617649554066e-40,179648,-3166.1223793029785,7.824711248278618,24.198678689077497
-21.520708200000005,719680,127,,1718,92.93,,8572,0.0005,3.822993568590139e-40,179712,-3151.8789596557617,8.148397102952003,52.87287297286093
-20.51311165,720064,127,,1721,91.7,,8576,0.0005,3.70351864256892e-40,179776,-3177.787139892578,8.11429539322853,47.30870181880891
-20.952290220000005,720416,127,,1725,92.01,,8580,0.0005,3.473847575889163e-40,179904,-3175.526111602783,8.130478106439114,35.72132043354213
-18.970443089999996,720864,127,,1725,93.28,,8584,0.0005,3.365243222704944e-40,179968,-3176.010787963867,8.124841578304768,40.27476814202964
-17.285220959999997,721216,127,20.192689006103297,1729,94.36,22.407963219882017,8588,0.0005,3.1577498937519776e-40,180096,-3149.9567832946777,8.02143780887127,46.992322785779834
-14.870695959999999,721536,127,,1733,95.27,,8592,0.0005,3.0593962577871795e-40,180160,-3182.5144996643066,8.083117209374905,40.921434208750725
-16.83257931,721888,127,,1733,94.99,,8596,0.0005,2.9630066292012867e-40,180224,-3181.992790222168,8.091783285140991,34.04466775804758
-16.483895859999997,722176,127,,1737,90.81,,8600,0.0005,2.8696022042501758e-40,180288,-3225.165142059326,8.127155132591724,36.060735853388906
-23.93877297,722400,127,,1737,89.02,,8604,0.0005,2.7788103251234905e-40,180352,-3196.5356216430664,8.391179487109184,47.04826013557613
-25.177446970000002,722816,127,,1741,89.48,,8608,0.0005,2.6057405498053184e-40,180480,-3205.1150398254395,8.045500464737415,24.493331408128142
-24.072747309999997,723264,127,,1745,92.2,,8612,0.0005,2.4435216415644915e-40,180608,-3209.2349548339844,7.963251866400242,29.466752579435706
-24.592737730000003,723424,127,8.374739018659257,1745,93.04,16.335509858572017,8616,,,,,,
-26.99813678,724224,127,,1752,93.12,,8620,0.0005,2.219682166025176e-40,180800,-3194.0050086975098,8.336738497018814,28.34892901405692
-27.22004341,724576,127,,1756,93.59,,8624,0.0005,2.0827969823962615e-40,180928,-3170.3228492736816,8.243789114058018,28.94068149663508
-29.322767840000004,724992,127,,1759,92.69,,8628,0.0005,2.0175936890396876e-40,180992,-3211.3262481689453,8.19914186000824,35.3363400734961
-27.30268173,725280,127,,1760,93.34,,8632,0.0005,1.891989833860128e-40,181120,-3222.111640930176,8.178356267511845,33.00557563453913
-26.22662346,725440,127,,1760,92.65,,8636,,,,,,
-30.479606829999998,726208,127,,1768,91.38,,8640,0.0005,1.7190748582316868e-40,181312,-3202.8591918945312,8.258806109428406,34.61310507170856
-31.20262413,726464,127,,1769,93.7,,8644,0.0005,1.6651007825378257e-40,181376,-3187.2871055603027,8.358703657984734,48.386496944352984
-35.52918788,726720,127,7.601766814501007,1772,93.96,13.815552320889099,8648,0.0005,1.6131242140142827e-40,181440,-3190.336643218994,8.364470727741718,54.55554358288646
-38.190152999999995,726944,127,,1772,93.25,,8652,0.0005,1.562650538093728e-40,181504,-3206.4817504882812,8.00428056716919,44.67520851455629
-40.10702019,727232,127,,1777,93.73,,8656,0.0005,1.5134614587497661e-40,181568,-3222.83097076416,8.095057189464569,40.8890080768615
-36.82454763,727808,127,,1780,92.82,,8660,0.0005,1.4198501233222823e-40,181696,-3184.6145248413086,8.260387912392616,45.81161205470562
-36.78479784,728032,127,,1781,92.5,,8664,0.0005,1.3757017772979588e-40,181760,-3195.723243713379,8.088638462126255,39.19126992672682
-34.64865875,728192,127,24.87258565329907,1784,92.72,23.580439789028674,8668,0.0005,1.3324283670022982e-40,181824,-3203.9656524658203,8.241018496453762,43.13132295012474
-33.51643947,728704,127,,1787,91.56,,8672,0.0005,1.250420439718079e-40,181952,-3168.30460357666,8.122916579246521,33.71084298379719
-38.70836727,729056,127,,1788,91.9,,8676,0.0005,1.211636877283269e-40,182016,-3173.0129890441895,8.177316628396511,49.325863191857934
-35.7032645,729248,127,,1791,90.86,,8680,0.0005,1.1739708503737582e-40,182080,-3184.1170196533203,8.36980739980936,45.96747609600425
-39.02773189,729600,127,,1795,90.21,,8684,0.0005,1.1370426946868683e-40,182144,-3213.8110580444336,8.429913766682148,59.80662368051708
-38.46706135,730112,127,,1799,89.78,,8688,0.0005,1.0668965399502736e-40,182272,-3224.432315826416,8.491425231099129,53.730091935023665
-39.62593109,730528,127,,1799,89.33,,8692,0.0005,1.0013262815583546e-40,182400,-3122.2211265563965,8.125785894691944,46.71473466977477
-37.435860049999995,730880,127,,1803,89.65,,8696,0.0005,9.707300243542475e-41,182464,-3111.276508331299,8.057543307542801,39.74926037527621
-35.85945366,731168,127,,1806,90.99,,8700,0.0005,9.119267238277071e-41,182592,-3136.2227058410645,8.118383266031742,36.203653912991285
-30.724554759999997,731264,127,14.330997843853634,1807,91.71,19.248075898111715,8704,,,,,,
-33.31909520999999,731904,127,,1810,91.87,,8708,0.0005,8.555093528895647e-41,182720,-3206.85258102417,8.330841407179832,37.00023581087589
-39.522956119999996,732480,127,,1815,89.43,,8712,0.0005,7.775305965960494e-41,182912,-3190.0947875976562,8.397345654666424,33.60894103348255
-38.24993128,732800,127,,1820,87.54,,8716,0.0005,7.531081538917184e-41,182976,-3202.3343505859375,8.301135562360287,28.473830968141556
-37.18621709,733184,127,,1823,87.44,,8720,0.0005,7.292171098394055e-41,183040,-3240.51220703125,8.164415620267391,48.703667759895325
-40.37571581,733344,127,10.111008103652813,1823,87.67,18.394448844466687,8724,0.0005,7.061294039223438e-41,183104,-3195.9343299865723,8.292567744851112,57.27180742844939
-38.98329862999999,733792,127,,1826,89.51,,8728,0.0005,6.623795521488127e-41,183232,-3228.5013313293457,8.429151758551598,35.25975137762725
-43.196094890000005,734272,127,,1831,88.43,,8732,0.0005,6.211848805438239e-41,183360,-3215.026741027832,8.52186293900013,44.71897013671696
-43.67518847,734528,127,,1831,88.71,,8736,0.0005,6.016387375424582e-41,183424,-3203.7372093200684,8.32862377166748,46.26488797739148
-41.43000026000001,735136,127,21.549218287543983,1836,89.71,22.866545383137797,8740,0.0005,5.642512187027319e-41,183552,-3199.0691833496094,8.319744296371937,40.06783425249159
-38.17580007,735392,127,,1839,88.39,,8744,0.0005,5.467441839198438e-41,183616,-3127.546215057373,8.281107388436794,44.82115916348994
-37.64903844,735648,127,,1840,89.57,,8748,0.0005,5.297998580515361e-41,183680,-3207.0026893615723,8.201722905039787,36.475625002756715
-34.80709548000001,735872,127,,1842,89.09,,8752,0.0005,5.131859320867701e-41,183744,-3199.266242980957,8.00862618535757,32.471892803907394
-32.26003044000001,736096,127,,1843,88.61,,8756,0.0005,4.970694670768393e-41,183808,-3219.5188369750977,8.101733952760696,34.22456925921142
-33.16756804,736704,128,,1846,89.99,,8760,0.0005,4.663970142687345e-41,183936,-3209.1821670532227,8.343450538814068,39.31746266037226
-31.0569271,737056,127,,1850,90.83,,8764,0.0005,4.3773235941654514e-41,184064,-3168.1170692443848,8.27772431820631,38.39335788041353
-32.28199001,737280,127,,1853,89.35,,8768,,,,,,
-35.40132532,737504,127,,1854,89.09,,8772,0.0005,4.2412750295103157e-41,184128,-3168.3196449279785,8.190647713840008,33.85572106298059
-29.863230159999997,737696,128,17.44413438316425,1854,88.76,21.283320444072768,8776,0.0005,4.109095362334027e-41,184192,-3173.441925048828,8.244878493249416,41.051580077037215
-35.89222072,738048,128,,1857,89.1,,8780,0.0005,3.9806159989150957e-41,184256,-3198.6297492980957,8.1212909668684,32.97425030358136
-40.40310591,738720,128,,1861,88.73,,8784,0.0005,3.618297143790811e-41,184448,-3211.1332664489746,8.280115768313408,48.354499438777566
-40.346286559999996,739232,128,,1865,88.53,,8788,0.0005,3.393793803104022e-41,184576,-3187.7510299682617,8.055363856256008,31.481865206733346
-39.52155235,739488,128,,1868,88.71,,8792,0.0005,3.28765858160452e-41,184640,-3182.489589691162,8.168181352317333,52.347130075097084
-44.931574229999995,739808,128,,1869,88.07,,8796,0.0005,3.1848076533807795e-41,184704,-3194.5940170288086,8.22240174561739,51.82605114579201
-44.74493094,739840,128,,1871,87.94,,8800,,,,,,
-42.72607137999999,740256,128,,1871,88.55,,8804,0.0005,2.9857838599273464e-41,184832,-3200.0523719787598,8.350522555410862,22.873324886895716
-38.63586749,740704,128,,1875,87.38,,8808,0.0005,2.8017999401480494e-41,184960,-3240.704933166504,8.383135229349136,38.40206288173795
-37.67215113,740928,128,,1879,88.23,,8812,0.0005,2.7127605599133103e-41,185024,-3227.3649978637695,8.223893098533154,31.364512473344803
-35.86058843,741280,128,,1880,89.34,,8816,0.0005,2.6275791295131655e-41,185088,-3201.3446197509766,8.166524313390255,39.392621140927076
-34.01241746,741728,128,,1884,90.13,,8820,0.0005,2.464689130679658e-41,185216,-3239.8071784973145,8.156880162656307,34.4906346257776
-30.524341790000005,742080,128,8.905282828869725,1887,89.08,18.993822156347886,8824,0.0005,2.3871097444484754e-41,185280,-3209.72550201416,8.184559762477875,31.19745433703065
-28.512234580000005,742720,128,,1892,89.23,,8828,0.0005,2.1681656175131247e-41,185472,-3222.023483276367,8.240598902106285,41.50164842419326
-29.387663200000006,742944,128,,1896,89.51,,8832,0.0005,2.0998720231369445e-41,185536,-3239.677146911621,8.30435860157013,47.48670202679932
-28.86830205,743456,128,,1899,89.07,,8836,0.0005,1.968717055462693e-41,185664,-3276.502372741699,8.484301216900349,48.23057457432151
-31.174658559999997,743904,128,13.091909325660279,1900,88.65,20.117673781927707,8840,0.0005,1.906394306261847e-41,185728,-3253.5930709838867,8.406473100185394,42.6085969414562
-31.30166372,744224,128,,1904,88.56,,8844,0.0005,1.7876868101027308e-41,185856,-3280.926902770996,8.48800028115511,37.19079654850066
-31.233775379999997,744512,127,,1908,88.21,,8848,0.0005,1.7308247458550503e-41,185920,-3277.470226287842,8.505729965865612,46.672645477578044
-31.965742770000002,744672,128,,1908,88.6,,8852,,,,,,
-38.487037130000004,744960,127,,1912,88.63,,8856,0.0005,1.6757734219667396e-41,185984,-3285.8613052368164,8.475771717727184,42.25184523127973
-42.50000994000001,745472,128,,1915,86.26,,8860,0.0005,1.571054825633516e-41,186112,-3265.2740936279297,8.494917519390583,32.33479359559715
-45.607372999999995,745600,128,,1915,86.71,,8864,0.0005,1.5214707552849227e-41,186176,-3273.4505577087402,8.393496796488762,41.8850675355643
-44.11159853,746112,128,,1919,87.77,,8868,0.0005,1.4261539958357785e-41,186304,-3275.4231338500977,8.230065166950226,25.4051668997854
-42.64767465,746432,128,,1920,87.07,,8872,0.0005,1.3812664648715237e-41,186368,-3256.7548332214355,8.25525263696909,30.329372574575245
-45.31628423000001,746688,128,,1924,86.72,,8876,0.0005,1.3378130753043513e-41,186432,-3274.619281768799,8.364948809146881,44.891984667629
-42.22162147,746848,128,,1924,86.83,,8880,0.0005,1.2955442208453035e-41,186496,-3273.830741882324,8.352961748838425,48.90993520617485
-39.289918289999996,747232,128,,1928,87.71,,8884,0.0005,1.2547970889373585e-41,186560,-3235.806221008301,8.271486528217793,38.68348954804242
-41.76409087,747776,128,,1932,87.69,,8888,0.0005,1.1775789749665095e-41,186688,-3250.5140953063965,8.52238204330206,33.70915740914643
-47.04059588999999,748224,128,,1935,87.63,,8892,0.0005,1.1049588715817264e-41,186816,-3272.310287475586,8.489943571388721,42.76240464113653
-41.60151973,748512,128,8.537094243469612,1935,88.09,18.757912679354963,8896,0.0005,1.0702679764742851e-41,186880,-3261.378688812256,8.456817165017128,46.94428211264312
-43.94526810999999,749056,128,,1942,88.26,,8900,0.0005,1.0038267235056342e-41,187008,-3277.544677734375,8.22447793930769,21.982870736159384
-46.48879803999999,749376,128,,1943,88.06,,8904,0.0005,9.416703784974266e-42,187136,-3258.2533111572266,8.427163437008858,39.59581832587719
-50.444059020000005,750080,128,,1950,89.48,,8908,0.0005,8.836960335936883e-42,187264,-3270.849842071533,8.557900577783585,42.48121210001409
-48.35283364,750304,128,,1951,90.92,,8912,0.0005,8.557072862976506e-42,187328,-3319.069721221924,8.263854041695595,45.6846352443099
-53.31416501999999,750432,128,,1951,90.3,,8916,0.0005,8.283907243587187e-42,187392,-3316.75496673584,8.260384015738964,37.180072182789445
-53.80313496999998,750848,128,,1954,90.49,,8920,0.0005,8.02162358258489e-42,187456,-3249.407325744629,8.47158557921648,36.41782355122268
-56.33060984000001,751424,128,,1960,90.77,,8924,0.0005,7.292685637673924e-42,187648,-3290.253089904785,8.560825996100903,32.72515940107405
-57.91850942,751744,128,,1964,90.46,,8928,0.0005,7.064076930392433e-42,187712,-3246.7383575439453,8.579562731087208,33.953371707350016
-52.429382309999994,751968,128,,1965,90.9,,8932,0.0005,6.841620799180869e-42,187776,-3292.1500930786133,8.696745686233044,44.65339879319072
-53.32014429,752352,128,9.391821546346572,1967,91.7,14.31620383446741,8936,0.0005,6.625098291154179e-42,187840,-3290.3813438415527,8.395275481045246,37.43320074304938
-50.10435643000001,752608,128,,1968,91.2,,8940,0.0005,6.416239134104266e-42,187904,-3266.1359214782715,8.376955106854439,47.12821622379124
-49.44915509000001,753280,128,,1976,91.14,,8944,0.0005,5.831021862940615e-42,188096,-3286.5964698791504,8.344188190996647,50.069020230323076
-54.632168420000006,753568,128,,1976,90.7,,8948,0.0005,5.646926277189942e-42,188160,-3308.3548622131348,8.220123991370201,41.45347717218101
-56.12892776,753920,128,,1980,89.78,,8952,0.0005,5.4670564821207484e-42,188224,-3330.9347534179688,8.127809457480907,43.984563214704394
-50.85200618,754176,128,,1982,89.95,,8956,0.0005,5.293339263121481e-42,188288,-3327.206871032715,8.554144114255905,47.32663818728179
-51.51675988,754400,128,,1983,91.19,,8960,0.0005,5.1250082850944626e-42,188352,-3324.28763961792,8.570697158575058,28.826401062309742
-46.00474663,754848,128,,1986,91.66,,8964,0.0005,4.8044174708031506e-42,188480,-3322.965076446533,8.504819177091122,39.79705657064915
-45.77991156,755136,128,,1987,91.27,,8968,0.0005,4.6525298544434434e-42,188544,-3287.389762878418,8.196748420596123,22.920555563643575
-46.11508117,755456,128,9.61696767834257,1989,90.7,16.22046563535991,8972,0.0005,4.5059627931904696e-42,188608,-3334.516288757324,8.336859345436096,42.30973253771663
-43.45202689,756160,128,,1994,91.55,,8976,0.0005,4.092426479195113e-42,188800,-3258.405891418457,8.33102048188448,31.744004379026592
-41.11228419999998,756512,128,,1997,91.42,,8980,0.0005,3.842207122159113e-42,188928,-3255.378360748291,8.48382181674242,42.73511085473001
-36.51706793,756832,128,,2001,91.26,,8984,0.0005,3.7228340092294425e-42,188992,-3258.684295654297,8.38607319444418,38.84876572433859
-34.9589113,757248,128,,2004,92.94,,8988,0.0005,3.606876561306564e-42,189056,-3291.346260070801,8.381201334297657,44.77057717740536
-32.01375221999999,757376,128,,2004,92.55,,8992,0.0005,3.492889689349142e-42,189120,-3356.545612335205,8.48190875351429,39.1667616693303
-32.088422300000005,757888,128,,2009,92.19,,8996,0.0005,3.2751191498776635e-42,189248,-3316.914894104004,8.319591507315636,30.246778921224177
-32.25121184,758112,128,15.461495843449386,2009,93.53,19.65188400540319,9000,0.0005,3.1718171787107184e-42,189312,-3324.1288452148438,8.152363441884518,33.257427375763655
-24.862844470000006,758784,128,,2016,94.44,,9004,0.0005,2.974562524568495e-42,189440,-3316.656181335449,8.413091138005257,34.77396532893181
-21.14497824,759200,128,,2017,93.22,,9008,0.0005,2.7893283838155585e-42,189568,-3312.138328552246,8.416587591171265,28.336544817313552
-17.62020309,759360,128,,2020,92.65,,9012,0.0005,2.7015282769102067e-42,189632,-3358.4691314697266,8.550345309078693,45.484326587989926
-13.227963080000002,759776,128,,2021,94.16,,9016,0.0005,2.6156330601047964e-42,189696,-3339.944061279297,8.388812348246574,43.996241487562656
-11.96961594,760224,128,,2025,92.52,,9020,0.0005,2.4536298204557445e-42,189824,-3324.10897064209,8.253663443028927,35.20284823235124
-9.533414640000002,760704,128,,2029,93.01,,9024,0.0005,2.3011729265949055e-42,189952,-3347.882583618164,8.413170620799065,53.612610060721636
-11.52645573,760992,128,,2032,92.33,,9028,0.0005,2.22828351116151e-42,190016,-3322.6471519470215,8.265965081751347,38.949072759598494
-11.513717489999998,761248,128,,2032,92.64,,9032,0.0005,2.1579996350602183e-42,190080,-3385.995719909668,8.58179983496666,40.573609897866845
-13.366793219999998,761600,128,,2036,92.28,,9036,0.0005,2.0890513715577363e-42,190144,-3354.057056427002,8.445881307125092,43.19755486398935
-11.17687099,762240,128,,2040,92.55,,9040,0.0005,1.896723157329155e-42,190336,-3313.591609954834,8.60614237934351,38.14575261995196
-11.555871200000002,762496,128,,2045,92.61,,9044,0.0005,1.8372555537493707e-42,190400,-3359.10391998291,8.518444269895554,41.05068379640579
-8.595857429999999,762720,128,,2045,92.68,,9048,0.0005,1.7791016674798908e-42,190464,-3355.9452896118164,8.507814809679985,47.06257824227214
-5.74659359,763232,128,,2049,91.94,,9052,0.0005,1.6680925547591592e-42,190592,-3373.0152893066406,8.599128007888794,39.946999844163656
-5.263838230000001,763584,128,8.548487156154081,2053,92.94,16.43845901725913,9056,0.0005,1.6154343859044532e-42,190656,-3344.030372619629,8.505976304411888,45.71804556250572
-3.161225130000001,764160,128,,2056,94.18,,9060,0.0005,1.514737954069612e-42,190784,-3373.869918823242,8.686825223267078,34.62765805236995
-3.7353720500000027,764416,128,,2059,94.64,,9064,0.0005,1.4667872722434972e-42,190848,-3383.9287719726562,8.426195494830608,59.09143394976854
-5.334101950000002,764736,128,,2060,94.0,,9068,0.0005,1.375659081485374e-42,190976,-3355.9073600769043,8.80877136439085,52.57041129656136
-8.109494730000002,765248,128,,2063,94.62,,9072,0.0005,1.2908586291052174e-42,191104,-3359.651191711426,8.249068073928356,37.77942533791065
-8.39575061,765472,128,,2067,95.34,,9076,0.0005,1.250023916043252e-42,191168,-3374.319667816162,8.476384676992893,42.29338173568249
-10.10142255,765984,128,,2071,95.05,,9080,0.0005,1.1722737465617298e-42,191296,-3344.937026977539,8.560004234313965,47.535441007465124
-11.654196489999999,766080,128,,2071,96.21,,9084,,,,,,
-9.28332325,766720,128,,2076,94.94,,9088,0.0005,1.0997784463214256e-42,191424,-3349.515453338623,8.64412696659565,43.77929410524666
-11.014175970000002,766880,128,,2076,96.64,,9092,0.0005,1.0654247386569625e-42,191488,-3330.557243347168,8.69909019768238,37.607314717024565
-13.25759919,767200,128,,2079,94.99,,9096,0.0005,1.0320344236867227e-42,191552,-3396.692241668701,8.57314845919609,41.726436737924814
-13.20184805,767456,128,,2080,94.57,,9100,0.0005,9.99257176794625e-43,191616,-3395.481876373291,8.450245790183544,40.589250871911645
-13.648639619999999,767776,128,8.949609669587653,2083,94.04,17.97394787099608,9104,0.0005,9.368337092666554e-43,191744,-3393.7306785583496,8.652737118303776,40.55028896313161
-16.01712826,768224,128,,2087,93.19,,9108,0.0005,9.072093839192886e-43,191808,-3404.3010482788086,8.532225087285042,29.278552582487464
-17.840770169999995,768576,128,,2090,92.01,,9112,0.0005,8.506976442876893e-43,191936,-3383.7186431884766,8.746037229895592,45.765693463385105
-17.600940400000002,769280,128,,2094,91.89,,9116,0.0005,7.98214637741024e-43,192064,-3353.074119567871,8.693128660321236,29.05536886677146
-20.45930421,769600,128,,2097,91.96,,9120,0.0005,7.491254009126452e-43,192192,-3374.670612335205,8.41726329922676,42.952475065365434
-23.834999550000003,769856,128,,2098,92.25,,9124,0.0005,7.255441751926791e-43,192256,-3362.8395385742188,8.644664280116558,51.11908173188567
-21.642355109999997,770304,128,16.03595696664432,2102,91.77,20.7459485535999,9128,0.0005,7.027511798588958e-43,192320,-3351.4495697021484,8.784414231777191,36.726476138457656
-24.991142009999997,770592,128,,2106,91.22,,9132,0.0005,6.598583096774533e-43,192448,-3366.6250953674316,8.554169125854969,32.284696623682976
-24.978814559999996,770720,128,,2106,90.45,,9136,,,,,,
-27.8327493,770944,128,,2107,91.31,,9140,0.0005,6.391453667516521e-43,192512,-3364.2679443359375,8.561894424259663,47.006392197683454
-30.556738349999996,771360,128,,2111,92.15,,9144,0.0005,5.99843323885042e-43,192640,-3333.6385498046875,8.678453631699085,41.28117330558598
-29.081306289999997,771776,128,,2114,93.04,,9148,0.0005,5.8103527105918235e-43,192704,-3375.931163787842,8.720277771353722,43.979291908442974
-28.89970855,772576,128,,2118,92.89,,9152,0.0005,5.283333116274662e-43,192896,-3378.8380813598633,8.67400062829256,52.72328106313944
-31.640411580000006,772896,128,,2122,92.94,,9156,0.0005,4.956436458893888e-43,193024,-3335.8338775634766,8.788702324032784,31.804093200713396
-37.40534864,773024,128,,2122,90.43,,9160,,,,,,
-39.0601421,773152,128,,2126,89.25,,9164,0.0005,4.802512580703209e-43,193088,-3349.3218421936035,8.657145641744137,39.92629728093743
-39.39948922,773376,128,13.026130511930383,2126,88.74,18.515767717168426,9168,,,,,,
-34.30384089,773856,128,,2130,89.17,,9172,0.0005,4.506926185884693e-43,193216,-3343.5822830200195,8.545279681682587,36.68394685070962
-35.97047731999999,774400,128,,2134,89.59,,9176,0.0005,4.229950786295491e-43,193344,-3351.863079071045,8.718295708298683,40.8441043831408
-34.90384408,774784,128,,2137,88.28,,9180,0.0005,3.969177900200044e-43,193472,-3339.0692825317383,8.438712395727634,25.227406381629407
-36.20365936,775008,128,,2138,87.89,,9184,0.0005,3.845250567261318e-43,193536,-3356.963088989258,8.720020316541195,44.98112337104976
-36.37146229000001,775424,128,,2142,88.78,,9188,0.0005,3.725045433368455e-43,193600,-3317.2478637695312,8.658424191176891,29.127391332760453
-37.433560920000005,775520,128,,2142,87.5,,9192,0.0005,3.609438310061658e-43,193664,-3361.9621925354004,8.813213542103767,42.18617411330342
-35.03301508,775968,128,16.124073912014733,2147,88.86,22.740798661200632,9196,0.0005,3.3845736971145347e-43,193792,-3390.844944000244,8.824145935475826,32.747240064665675
-34.79423146999999,776544,128,,2152,88.33,,9200,0.0005,3.174378927465812e-43,193920,-3335.4055938720703,8.6556351557374,39.29369260370731
-36.23783615,777088,128,,2155,87.59,,9204,0.0005,2.9777592366902363e-43,194048,-3394.083179473877,8.545202106237411,37.70337316952646
-34.55958006,777632,128,,2160,88.88,,9208,0.0005,2.7923061430522488e-43,194176,-3382.1288566589355,8.626026421785355,29.001556254923344
-37.08827868000001,777760,128,,2163,90.38,,9212,0.0005,2.704506036146897e-43,194240,-3373.2823066711426,8.573819734156132,37.09399511665106
-39.5176528,778304,128,,2167,90.02,,9216,0.0005,2.536350220427919e-43,194368,-3437.342155456543,8.554321803152561,33.87729725986719
-37.55704191000001,778464,128,,2167,91.16,,9220,,,,,,
-40.07766494,778848,128,,2171,90.62,,9224,0.0005,2.3773904258810725e-43,194496,-3416.2606468200684,8.92621748894453,43.84451134316623
-37.48410951999999,779456,128,,2175,91.64,,9228,0.0005,2.2304730400120174e-43,194624,-3382.0390968322754,8.698231391608715,41.946367993950844
-33.064191609999995,779904,128,9.795339915598802,2179,92.58,18.1287944583849,9232,0.0005,2.0923137695449925e-43,194752,-3388.9487075805664,8.83393593877554,35.886046519503
-37.17979326,780192,128,,2180,93.95,,9236,0.0005,2.027065809799868e-43,194816,-3391.7691230773926,8.932805173099041,34.5604394916445
-34.935904369999996,780416,128,,2183,93.43,,9240,0.0005,1.9631315673650484e-43,194880,-3379.799587249756,8.728170916438103,26.395188314840198
-33.87848552,780704,128,,2183,91.66,,9244,0.0005,1.9018247595508377e-43,194944,-3356.634006500244,8.95763061195612,42.575193701311946
-39.07586773999999,781568,128,,2191,91.68,,9248,0.0005,1.729727791900946e-43,195136,-3445.5162467956543,8.927322447299957,37.97002048790455
-43.432780720000004,782144,128,,2196,91.77,,9252,0.0005,1.5696732329288459e-43,195328,-3409.695869445801,8.762172251939774,39.30760211497545
-45.29272986000001,782432,128,,2198,91.86,,9256,0.0005,1.5204088337924265e-43,195392,-3362.8846168518066,9.053597584366798,46.724272241815925
-43.753711540000005,782688,128,,2199,95.34,,9260,0.0005,1.4735529163915655e-43,195456,-3365.4548149108887,8.503836937248707,27.33334911800921
-42.14163531,782976,128,12.903222290664326,2202,95.87,19.761571017780216,9264,0.0005,1.4269159518757551e-43,195520,-3382.5289344787598,8.89159980416298,40.36011937633157
-42.05677494999999,783328,128,,2202,97.12,,9268,0.0005,1.3824685162104523e-43,195584,-3395.5492820739746,8.670756056904793,37.12287748046219
-42.84026634000001,784096,128,,2208,97.31,,9272,0.0005,1.2559137486511173e-43,195776,-3396.8788871765137,8.756859235465527,31.732056928798556
-43.96932943000001,784320,128,,2209,96.51,,9276,0.0005,1.2167211822270326e-43,195840,-3426.957691192627,8.864036701619625,37.33866438269615
-43.68694357,784544,128,,2212,98.39,,9280,0.0005,1.1775286158029478e-43,195904,-3420.0439109802246,8.983511358499527,34.67080934531987
-44.29419183,784768,128,,2213,98.38,,9284,0.0005,1.1405255782293706e-43,195968,-3427.526657104492,9.042472533881664,55.76027430500835
-46.88864521000001,785376,128,11.334251209282124,2217,98.53,18.197060810392593,9288,0.0005,1.0700227492430283e-43,196096,-3354.8037872314453,8.719031132757664,41.4388167783618
-43.23141082000001,785664,128,,2221,98.8,,9292,0.0005,1.0371798164854154e-43,196160,-3378.005958557129,8.886280827224255,37.509628526866436
-45.04078447999999,786144,128,,2225,97.96,,9296,0.0005,9.725887153954433e-44,196288,-3435.555950164795,8.92046394944191,47.32224377989769
-48.99001077,786464,128,,2228,99.29,,9300,0.0005,9.125956248915371e-44,196416,-3415.0604133605957,8.766445741057396,44.520872097462416
-57.57424761,786784,128,10.79562349464318,2229,99.42,21.450927998220127,9304,0.0005,8.841317498349393e-44,196480,-3382.085437774658,8.819387070834637,47.7267348524183
-60.04115024,787168,128,,2232,99.07,,9308,0.0005,8.563247334334937e-44,196544,-3423.3763732910156,9.155638411641121,57.30617955327034
-55.75740779999999,787456,128,,2235,99.15,,9312,0.0005,8.293935285722511e-44,196608,-3444.226791381836,8.858451820909977,46.86945589259267
-52.646907500000005,787776,128,,2236,98.64,,9316,0.0005,7.77282741930172e-44,196736,-3480.2496452331543,8.715917989611626,25.902402833104134
-52.60951446999999,788064,128,,2239,98.59,,9320,0.0005,7.516652543792339e-44,196800,-3414.9419441223145,9.1178647428751,40.02227350324392
-47.77213448,788416,128,,2239,96.4,,9324,0.0005,7.288941543339556e-44,196864,-3474.587490081787,8.87531490623951,33.35724404267967
-47.95724253,788768,128,22.482556644181884,2242,96.21,22.396676973774614,9328,0.0005,6.824761427031961e-44,196992,-3426.765422821045,8.847256377339363,47.66218107379973
-49.535996700000005,789056,128,,2246,95.52,,9332,0.0005,6.627703830486283e-44,197056,-3420.5047302246094,8.869902037084103,36.29688223730773
-48.08425976,789568,128,,2250,94.71,,9336,0.0005,6.213882877740361e-44,197184,-3456.795478820801,8.91489477455616,34.243695894256234
-50.133610829999995,789856,128,,2250,94.25,,9340,0.0005,6.001498579241131e-44,197248,-3442.560520172119,8.988287575542927,36.567093232646585
-48.63158037,790112,128,,2254,95.58,,9344,0.0005,5.819767684649006e-44,197312,-3395.7927780151367,8.882474832236767,35.07417852245271
-49.12869916999999,790560,128,,2257,94.8,,9348,0.0005,5.458495424315264e-44,197440,-3448.996536254883,8.966682717204094,30.42063737474382
-48.87541929999998,790944,128,,2258,95.15,,9352,0.0005,5.283333116274662e-44,197504,-3482.3701095581055,8.798335582017899,41.300376737490296
-46.232185179999995,791136,128,,2261,94.16,,9356,0.0005,5.119118452486597e-44,197568,-3448.035026550293,9.04461757838726,44.17252626828849
-41.49901217000001,791392,128,,2262,91.85,,9360,0.0005,4.959282846399548e-44,197632,-3501.1724014282227,8.852874912321568,36.71948264725506
-41.07744008,792000,128,,2265,91.73,,9364,0.0005,4.652748807328494e-44,197760,-3426.958953857422,9.00965866446495,36.11953464522958
-39.44412793,792672,128,,2273,91.02,,9368,0.0005,4.2214116237785114e-44,197952,-3462.9188385009766,8.86676461994648,35.59539514221251
-43.66099336,793056,128,,2274,90.01,,9372,0.0005,4.085660835047045e-44,198016,-3408.3633575439453,9.017752148211002,44.8138592261821
-40.478651570000004,793280,128,,2278,89.51,,9376,0.0005,3.958668161717608e-44,198080,-3471.425392150879,8.78507336974144,39.55440989881754
-39.11167163,793952,128,,2282,88.34,,9380,0.0005,3.608343545636404e-44,198272,-3426.7046432495117,8.87738461047411,32.09139062650502
-39.50431998,794176,128,6.921810560635766,2285,90.47,13.442926512525027,9384,0.0005,3.5032461608120427e-44,198336,-3433.1259727478027,9.17171861231327,49.85655356198549
-37.281136509999996,794400,128,,2285,90.87,,9388,0.0005,3.363116314379561e-44,198400,-3444.967670440674,8.85657262057066,32.17386654950678
-40.108211770000004,794816,128,,2288,90.63,,9392,0.0005,3.26677704495723e-44,198464,-3455.0356521606445,8.863268032670021,40.00656710937619
-39.05660703,795296,128,,2292,91.61,,9396,0.0005,3.0828566215145976e-44,198592,-3462.5782928466797,9.249065607786179,40.724895702674985
-36.83637391,795808,128,,2296,91.3,,9400,0.0005,2.8879885538194277e-44,198720,-3385.6689414978027,8.871995404362679,44.37812895141542
-28.58289075,796032,128,,2296,92.28,,9404,0.0005,2.802596928649634e-44,198784,-3409.856819152832,8.869525738060474,55.40917651541531
-26.51252872,796512,128,,2300,93.43,,9408,0.0005,2.6383822648615696e-44,198912,-3470.255699157715,9.051626428961754,39.716867819428444
-28.566244540000003,797120,128,,2305,92.3,,9412,0.0005,2.46103042797046e-44,199040,-3474.1220092773438,9.259280301630497,57.06575956195593
-29.326769660000004,797184,128,,2308,93.43,,9416,,,,,,
-32.04375971,797472,128,,2309,93.24,,9420,0.0005,2.2968157641823955e-44,199168,-3465.628116607666,8.916907645761967,41.09035368077457
-36.824140050000004,798080,128,8.252209661957759,2314,95.1,17.5225874351124,9424,0.0005,2.1501173311983912e-44,199296,-3447.0512466430664,8.959123030304909,52.24770236387849
-40.0190336,798784,128,,2321,94.41,,9428,0.0005,1.961817850054744e-44,199488,-3496.7344970703125,9.183129616081715,38.455529475584626
-36.96155943,799200,128,,2322,94.8,,9432,0.0005,1.9136482153435783e-44,199552,-3483.039749145508,9.138000465929508,47.04613648355007
-34.66789481000001,799616,128,29.716988424546493,2326,95.31,22.815674186820544,9436,0.0005,1.8216880036222622e-44,199680,-3471.210121154785,8.806421421468258,42.565711772069335
-32.78540664,800128,128,,2330,96.55,,9440,0.0005,1.6815581571897805e-44,199808,-3445.512451171875,8.96715983748436,30.570032808929682
-33.00714236,800640,128,,2334,96.53,,9444,0.0005,1.5414283107572988e-44,199936,-3418.381980895996,8.928536675870419,33.65525808557868
-26.879949850000003,800864,128,,2338,98.29,,9448,0.0005,1.5414283107572988e-44,200000,-3412.3524322509766,8.837481379508972,36.31744870170951
-28.77294402,801088,128,,2338,99.6,,9452,0.0005,1.4823110317935956e-44,200064,-3407.3028984069824,9.159752309322357,23.97839611209929
-28.00888579,801280,128,,2341,99.98,,9456,,,,,,
-29.602215490000003,801472,128,,2341,101.57,,9460,0.0005,1.401298464324817e-44,200128,-3386.6952362060547,9.106237582862377,41.712628884240985
-29.306160969999997,801792,128,,2345,101.74,,9464,0.0005,1.401298464324817e-44,200192,-3433.3476333618164,8.936542466282845,36.6894809063524
-30.35236404000001,802688,128,,2349,101.67,,9468,0.0005,1.2611686178923354e-44,200448,-3398.8686141967773,8.989022977650166,40.343324759975076
-24.792773600000004,803040,128,,2353,101.92,,9472,0.0005,1.1604502907689891e-44,200512,-3454.539936065674,9.307683371007442,34.28928121551871
-30.853882079999998,803104,128,,2354,101.72,,9476,0.0005,1.1210387714598537e-44,200576,-3429.5742797851562,9.16430764645338,46.512848963961005
-38.47184361,803360,128,,2356,100.13,,9480,0.0005,1.1210387714598537e-44,200640,-3453.1145935058594,9.030751809477806,41.18280132301152
-35.1246894,803872,128,8.734530477234012,2360,99.73,16.804304851282634,9484,0.0005,1.0093728000839698e-44,200768,-3471.4109497070312,9.003345310688019,29.07799879834056
-37.54865799,804800,128,,2365,98.88,,9488,0.0005,9.80908925027372e-45,200960,-3464.857551574707,9.275819398462772,36.01100060157478
-37.484509929999994,805024,128,,2368,99.13,,9492,0.0005,9.349288191667139e-45,201024,-3418.603317260742,9.069729641079903,40.13782591186464
-38.698333809999994,805184,128,,2368,97.88,,9496,0.0005,8.407790785948902e-45,201088,-3421.2314529418945,9.11476394534111,36.61340260691941
-41.70613341999999,805344,128,,2369,99.54,,9500,,,,,,
-41.41401809999999,805664,128,22.66565483219693,2372,97.69,23.77620103469659,9504,0.0005,8.407790785948902e-45,201216,-3478.701389312744,9.073856748640537,34.705020658671856
-38.648467159999996,806016,128,,2376,97.41,,9508,0.0005,8.407790785948902e-45,201280,-3481.7740936279297,8.996370509266853,30.015644436702132
-36.382871099999996,806432,128,,2380,98.05,,9512,0.0005,7.006492321624085e-45,201408,-3520.476306915283,8.746112197637558,38.33909131959081
-41.99851206,806816,128,,2381,97.43,,9516,0.0005,7.006492321624085e-45,201472,-3473.066864013672,9.125574208796024,47.18515688739717
-40.981902680000005,807296,128,,2385,96.0,,9520,0.0005,7.006492321624085e-45,201600,-3486.14070892334,9.059935577213764,47.958763144910336
-39.757111800000004,807552,128,,2389,95.56,,9524,0.0005,7.006492321624085e-45,201664,-3513.3915481567383,9.051699697971344,39.89214398898184
-37.768766740000004,808384,128,,2393,97.0,,9528,0.0005,5.605193857299268e-45,201856,-3486.1104583740234,9.232004053890705,33.3468386605382
-38.134823149999995,808576,128,14.56519783607686,2397,97.21,20.715251905383738,9532,0.0005,5.605193857299268e-45,201920,-3510.380531311035,9.180364727973938,42.39685580134392
-38.8215751,808992,128,,2400,95.37,,9536,0.0005,5.605193857299268e-45,202048,-3456.1017456054688,9.162320464849472,42.62827283702791
-39.63303399,809280,128,,2401,96.43,,9540,0.0005,5.605193857299268e-45,202112,-3490.3466567993164,8.979726828634739,24.851502869278193
-38.84120119,809472,128,,2403,95.58,,9544,,,,,,
-41.945800379999994,809664,128,,2404,94.21,,9548,0.0005,5.605193857299268e-45,202176,-3493.72509765625,9.164687782526016,39.42663032747805
-40.67028679,809792,128,,2404,93.21,,9552,0.0005,5.583298568794193e-45,202240,-3450.59920501709,8.907728135585785,38.08754067309201
-43.41138239000001,810528,128,,2412,92.9,,9556,0.0005,4.203895392974451e-45,202432,-3447.322067260742,9.236527025699615,41.63477145880461
-45.25388691000001,810752,128,,2412,91.94,,9560,,,,,,
-48.02556428,810944,128,,2413,91.61,,9564,0.0005,4.203895392974451e-45,202496,-3452.0731353759766,9.15304446220398,36.45986320078373
-48.82325318,811264,128,,2417,91.25,,9568,0.0005,4.203895392974451e-45,202560,-3484.973960876465,9.047991290688515,37.68222659174353
-51.66270294,812000,128,,2421,90.71,,9572,0.0005,4.203895392974451e-45,202752,-3523.41609954834,9.336959168314934,34.919162631966174
-45.779743079999996,812224,128,10.654493626987211,2425,91.18,16.1081586298271,9576,0.0005,4.203895392974451e-45,202816,-3500.4125213623047,9.019559808075428,39.758148800581694
-43.23397222999999,812384,128,,2425,91.79,,9580,0.0005,4.203895392974451e-45,202880,-3512.143825531006,9.02167122811079,40.11738107725978
-42.559565719999995,812544,128,,2428,90.36,,9584,,,,,,
-45.285505949999994,813216,128,,2433,89.74,,9588,0.0005,2.802596928649634e-45,203072,-3522.1330184936523,9.13979434221983,30.047174083068967
-45.34729877999999,813536,128,,2434,90.23,,9592,0.0005,2.802596928649634e-45,203136,-3498.190216064453,8.892392046749592,27.384961923584342
-45.11124062,814144,128,,2441,89.45,,9596,0.0005,2.802596928649634e-45,203328,-3496.986129760742,9.246900878846645,54.30088031664491
-42.31724361,814560,128,16.120087163556043,2442,87.95,21.043260620856135,9600,0.0005,2.802596928649634e-45,203392,-3471.0039291381836,9.221123859286308,39.00226739235222
-45.81219700999999,814784,128,,2445,88.92,,9604,0.0005,2.802596928649634e-45,203456,-3473.919292449951,9.104341335594654,35.89643638767302
-47.7686558,814976,128,,2446,88.78,,9608,0.0005,2.802596928649634e-45,203520,-3509.360153198242,9.12996881455183,35.95794849842787
-48.78598016,815136,128,,2449,88.66,,9612,0.0005,2.802596928649634e-45,203584,-3528.7271766662598,9.302938811480999,35.048066940158606
-43.00796886999999,815424,128,,2450,88.53,,9616,0.0005,2.802596928649634e-45,203648,-3525.5838356018066,9.085498496890068,33.85947539657354
-41.19891486,816064,128,,2453,89.62,,9620,0.0005,2.802596928649634e-45,203776,-3518.1692810058594,9.085130520164967,31.11557697504759
-37.98800357000001,816352,128,,2457,88.9,,9624,0.0005,2.802596928649634e-45,203840,-3494.9448204040527,9.20943783223629,36.80467267520726
-38.75563527,816608,128,,2458,87.71,,9628,0.0005,2.802596928649634e-45,203904,-3492.3538093566895,9.26217170059681,25.7752050999552
-41.077209270000004,816992,128,,2462,86.68,,9632,0.0005,1.401298464324817e-45,204032,-3503.2574310302734,8.996366985142231,28.802630888298154
-46.64088453,817632,128,8.527698172663728,2467,85.87,13.75781918932219,9636,0.0005,1.401298464324817e-45,204160,-3569.243995666504,9.239260599017143,34.47004792280495
-46.36818647999999,818176,128,,2474,85.26,,9640,0.0005,1.401298464324817e-45,204288,-3530.1835594177246,9.323642253875732,40.625077314674854
-47.85879830000001,818336,128,,2474,84.61,,9644,0.0005,1.401298464324817e-45,204352,-3556.917137145996,9.110151968896389,29.225371993146837
-47.9352603,818560,128,,2475,84.33,,9648,0.0005,1.401298464324817e-45,204416,-3531.21577835083,9.368905313313007,30.425803691148758
-48.046160140000005,818848,128,,2479,85.92,,9652,0.0005,1.401298464324817e-45,204480,-3507.7789993286133,9.183929927647114,33.961317816749215
-42.98764985,819200,128,,2482,86.41,,9656,0.0005,1.401298464324817e-45,204544,-3504.0556030273438,9.259937234222889,30.929301911965013
-42.065207120000004,819456,128,19.015862136442863,2483,86.66,22.52872647843616,9660,0.0005,1.401298464324817e-45,204608,-3494.363986968994,9.204185284674168,41.06838651932776
-38.84695943000001,819744,128,,2486,86.07,,9664,0.0005,1.401298464324817e-45,204736,-3512.1257286071777,9.300109304487705,41.08937385492027
-39.39382567000001,820128,128,,2487,86.83,,9668,0.0005,1.401298464324817e-45,204800,-3587.3782386779785,9.276588320732117,36.993689083494246
-39.20174205000001,820672,128,,2490,86.92,,9672,0.0005,1.401298464324817e-45,204928,-3532.129119873047,9.12383221834898,32.70901191420853
-44.619772860000005,821248,128,21.202449538715467,2498,85.88,22.175892851362114,9676,0.0005,1.401298464324817e-45,205056,-3521.2093658447266,9.356400460004807,36.889267928898335
-47.62240133,821280,128,,2498,85.82,,9680,0.0005,1.401298464324817e-45,205120,-3510.6435928344727,9.44140999764204,40.194188848137856
-48.92447151999999,821504,128,,2498,86.81,,9684,,,,,,
-48.02061893999999,821728,128,,2499,89.26,,9688,0.0005,1.401298464324817e-45,205184,-3507.5289039611816,9.293338797986507,32.257215928286314
-44.789828449999995,822048,128,,2503,87.93,,9692,0.0005,1.401298464324817e-45,205312,-3525.1706886291504,9.33042886853218,36.86615983583033
-51.208603630000006,822240,128,,2503,87.88,,9696,,,,,,
-47.63588181,823232,128,,2512,88.55,,9700,0.0005,1.401298464324817e-45,205568,-3571.085647583008,9.370104692876339,45.89290580712259
-53.646557539999996,823456,128,,2516,89.14,,9704,0.0005,1.401298464324817e-45,205632,-3603.1347465515137,9.100420445203781,31.158978599123657
-49.78115886,824000,128,,2521,87.03,,9708,0.0005,1.401298464324817e-45,205760,-3515.314033508301,9.272081956267357,43.084571881219745
-50.47742974999999,824224,128,,2521,85.33,,9712,0.0005,1.401298464324817e-45,205824,-3557.079906463623,9.31741078197956,35.9618249386549
-50.04412601,824416,128,,2525,84.94,,9716,0.0005,1.401298464324817e-45,205888,-3573.2926712036133,9.22134205698967,39.471548207104206
-52.74245262,824736,128,,2525,85.14,,9720,0.0005,1.401298464324817e-45,205952,-3604.826717376709,9.400003246963024,42.11771006882191
-53.20068453999999,825056,128,9.970705117462229,2529,86.26,15.23800623556131,9724,0.0005,1.401298464324817e-45,206016,-3570.5319175720215,9.098270945250988,37.61484746821225
-51.50090338999999,825344,128,,2532,87.46,,9728,0.0005,1.401298464324817e-45,206080,-3571.3144035339355,9.254710458219051,35.612031953409314
-48.84681564,825760,128,,2533,88.18,,9732,0.0005,0.0,206208,-3543.4199028015137,9.457575500011444,44.16606258042157
-46.812094640000005,826144,128,,2537,88.53,,9736,0.0005,0.0,206336,-3519.3978538513184,9.281683824956417,24.608521454036236
-46.49635126000001,826368,128,,2539,88.39,,9740,,,,,,
-47.456923180000004,826496,128,,2540,88.67,,9744,0.0005,0.0,206400,-3584.2462005615234,9.169890530407429,31.805258112959564
-43.39942800000001,826912,128,,2544,88.5,,9748,0.0005,0.0,206528,-3534.0579261779785,9.516011103987694,47.59928881376982
-42.085760830000005,827040,128,10.558932570022886,2544,85.77,20.321426839404616,9752,,,,,,
-41.70555713000001,827520,128,,2547,85.34,,9756,0.0005,0.0,206656,-3541.1235694885254,9.561633631587029,44.04900466836989
-42.123444340000006,827872,128,,2548,85.25,,9760,0.0005,0.0,206720,-3578.741035461426,9.572384975850582,38.08197119832039
-45.29211381999998,828128,128,,2552,85.67,,9764,0.0005,0.0,206784,-3565.082347869873,9.619172476232052,38.97976082004607
-41.432260889999995,828608,128,,2556,84.29,,9768,0.0005,0.0,206912,-3560.812301635742,9.19008582830429,36.19243848323822
-38.93427373,829024,128,,2560,84.26,,9772,0.0005,0.0,207040,-3547.0297775268555,9.397964976727962,31.45742467045784
-34.015297190000005,829376,128,,2560,84.65,,9776,0.0005,0.0,207104,-3551.393096923828,9.558465473353863,39.634937927126884
-33.21804407,829792,128,,2565,84.11,,9780,0.0005,0.0,207232,-3554.4283714294434,9.075052216649055,31.345555510371923
-32.80401827,829984,128,9.909220065881089,2568,83.98,16.99868090920559,9784,0.0005,0.0,207296,-3561.359386444092,9.34334596991539,39.29199885763228
-30.535113680000006,830176,128,,2568,81.21,,9788,,,,,,
-33.236721700000004,830752,128,,2572,82.03,,9792,0.0005,0.0,207488,-3521.9632263183594,9.272896140813828,30.544705543667078
-31.839957220000006,830944,128,,2573,83.12,,9796,,,,,,
-32.05454887999999,831168,128,,2576,83.16,,9800,0.0005,0.0,207552,-3574.7835578918457,9.461328983306885,36.32259814441204
-23.438553349999992,831488,128,25.399681849084107,2579,83.53,22.597105230351296,9804,0.0005,0.0,207616,-3589.2010498046875,9.480604954063892,33.21385898068547
-26.745793680000002,831840,128,,2580,83.8,,9808,0.0005,0.0,207744,-3558.9899826049805,9.268539912998676,32.39520545862615
-26.77179912,831968,128,,2580,83.64,,9812,,,,,,
-30.01862102,832640,128,,2587,83.56,,9816,0.0005,0.0,207936,-3599.353446960449,9.26617482304573,43.71913204342127
-28.31161565,832768,128,,2587,83.11,,9820,,,,,,
-27.688921940000004,833184,128,,2591,81.26,,9824,0.0005,0.0,208064,-3576.096725463867,9.412692598998547,36.543314162641764
-29.332648749999997,833536,128,,2595,79.91,,9828,0.0005,0.0,208128,-3525.4727630615234,9.484357170760632,32.02937462553382
-31.766386419999993,834112,128,,2599,79.95,,9832,0.0005,0.0,208320,-3494.459800720215,9.365212492644787,41.63474463112652
-28.917677490000003,834720,128,,2603,81.17,,9836,0.0005,0.0,208448,-3620.1653213500977,9.835924863815308,42.73898696526885
-29.914378369999998,835008,128,,2604,82.84,,9840,0.0005,0.0,208512,-3637.4610443115234,9.237417176365852,43.0168826058507
-29.761828530000006,835296,128,,2608,83.17,,9844,0.0005,0.0,208576,-3619.026424407959,9.20620509982109,51.58369486499578
-34.286555039999996,835616,128,,2611,82.44,,9848,0.0005,0.0,208704,-3608.6542015075684,9.307377196848392,38.88620273210108
-32.488955229999995,836000,128,10.570333614211375,2612,83.56,16.616379785602078,9852,0.0005,0.0,208768,-3626.8912391662598,9.53650875389576,42.242439053952694
-33.919701159999995,836096,128,,2615,84.14,,9856,,,,,,
-31.56933426,836640,128,,2619,84.79,,9860,0.0005,0.0,208960,-3546.8790016174316,9.356568455696106,34.63158525992185
-29.098198860000004,836832,128,,2620,86.35,,9864,,,,,,
-28.729135629999995,837216,128,,2623,85.8,,9868,0.0005,0.0,209088,-3614.5504035949707,9.3461499735713,40.268155971542
-28.525216250000003,837728,128,,2628,86.3,,9872,0.0005,0.0,209216,-3616.0747451782227,9.54447241872549,39.58226042240858
-28.900681080000005,838080,128,,2628,87.35,,9876,0.0005,0.0,209280,-3573.1644554138184,9.242297865450382,24.717398959212005
-23.963575279999997,838496,128,,2631,87.76,,9880,0.0005,0.0,209408,-3573.087657928467,9.242275521159172,35.73536980897188
-22.156502760000002,838784,128,,2634,88.12,,9884,0.0005,0.0,209472,-3571.023105621338,9.569858454167843,32.114841017872095
-21.960360989999998,839136,128,,2635,88.66,,9888,0.0005,0.0,209536,-3605.5228271484375,9.455496944487095,36.176068330183625
-19.28294035,839360,128,,2638,87.78,,9892,0.0005,0.0,209600,-3558.0612449645996,9.2035758420825,33.02704848442227
-15.125213919999998,839584,128,11.941767255964727,2639,87.55,17.553783856311245,9896,0.0005,0.0,209664,-3600.0273628234863,9.35597062855959,38.50828090682626
-18.226610530000002,839904,128,,2643,87.77,,9900,0.0005,0.0,209728,-3581.3869132995605,9.351833440363407,47.17663613520563
-18.16037408,840512,128,,2647,87.85,,9904,0.0005,0.0,209920,-3613.394844055176,9.649112917482853,46.57343578711152
-16.85254089,840832,128,,2650,87.62,,9908,0.0005,0.0,209984,-3605.5162048339844,9.28478091955185,32.087372194975615
-14.10233281,841248,128,,2653,87.66,,9912,0.0005,0.0,210112,-3692.2803649902344,9.499843582510948,44.486562844365835
-13.59235327,841600,128,,2654,87.61,,9916,0.0005,0.0,210176,-3667.2428131103516,9.641374737024307,33.84053588099778
-13.285612410000004,842176,128,,2657,88.53,,9920,0.0005,0.0,210304,-3629.5177459716797,9.265154302120209,22.954432271420956
-15.38326655,842464,128,,2661,90.91,,9924,0.0005,0.0,210368,-3608.6263008117676,9.633292630314827,41.57151626423001
-16.49814761,843008,128,,2665,91.21,,9928,0.0005,0.0,210496,-3619.49080657959,9.21213611215353,39.98948473855853
-14.59236132,843328,128,,2669,91.71,,9932,0.0005,0.0,210624,-3613.6121711730957,9.683004066348076,47.324795020744205
-13.942633179999998,843520,128,,2669,91.3,,9936,,,,,,
-11.31752305,843808,128,,2673,90.34,,9940,0.0005,0.0,210752,-3635.0514335632324,9.402372762560844,29.286681227385998
-10.341756149999998,843968,128,9.698090020253858,2673,90.19,16.165689081878472,9944,,,,,,
-6.155866480000001,844256,128,,2674,91.67,,9948,0.0005,0.0,210816,-3644.4107360839844,9.463233090937138,28.10681444220245
-8.595364530000001,844864,128,,2680,91.05,,9952,0.0005,0.0,211008,-3593.2191886901855,9.29309944063425,30.912979183718562
-11.237396949999997,845600,128,,2685,91.56,,9956,0.0005,0.0,211200,-3582.091667175293,9.505526684224606,40.191117042675614
-14.229219229999998,845792,128,,2686,91.22,,9960,,,,,,
-17.01860201,846016,128,,2689,89.78,,9964,0.0005,0.0,211264,-3608.8988189697266,9.322019673883915,42.947754537686706
-19.87888291,846688,128,,2693,90.53,,9968,0.0005,0.0,211456,-3629.065715789795,9.34790664166212,31.149595709517598
-23.599723390000005,847264,128,,2696,91.18,,9972,0.0005,0.0,211584,-3549.8676528930664,9.588881202042103,40.77719302289188
-25.10911999,847648,128,,2700,91.56,,9976,0.0005,0.0,211712,-3645.814670562744,9.5188467502594,39.59057184681296
-26.250778979999996,847712,128,,2700,92.73,,9980,,,,,,
-24.477682739999995,848000,128,,2703,92.68,,9984,0.0005,0.0,211776,-3622.764305114746,9.593499444425106,40.37235016934574
-25.789176979999997,848128,128,,2704,93.68,,9988,,,,,,
-27.403525079999998,848768,128,,2708,94.32,,9992,0.0005,0.0,211968,-3571.0804176330566,9.636502742767334,36.60403908230364
-31.409000330000005,848992,128,8.953115864021898,2710,94.33,14.261029145869543,9996,0.0005,0.0,212032,-3617.7167320251465,9.396934509277344,39.77648371923715
-29.932645270000002,849440,128,,2714,93.06,,10000,0.0005,0.0,212160,-3602.0564155578613,9.311352297663689,40.543275895528495
-32.36581706,849888,128,,2715,92.65,,10004,0.0005,0.0,212224,-3674.226760864258,9.622377216815948,40.63161078095436
-33.45832512,849984,128,,2718,93.04,,10008,0.0005,0.0,212288,-3645.307815551758,9.715309500694275,43.76942494697869
-36.14617729,850272,128,,2719,93.67,,10012,0.0005,0.0,212352,-3605.097499847412,9.64107844978571,42.84274050220847
-33.845450590000006,850496,128,,2722,93.79,,10016,0.0005,0.0,212416,-3607.987258911133,9.705462343990803,40.84271197207272
-35.20724552000001,850848,128,,2723,92.62,,10020,0.0005,0.0,212480,-3595.342918395996,9.391022153198719,44.80800887197256
-35.65738395,851360,128,,2726,90.78,,10024,0.0005,0.0,212608,-3602.499183654785,9.565020084381104,49.14825611747801
-31.983733700000002,851648,128,16.315598075228475,2728,90.52,19.64854933404549,10028,0.0005,0.0,212672,-3618.6689643859863,9.569106504321098,46.55874489620328
-34.11467714,851904,128,,2729,90.4,,10032,0.0005,0.0,212736,-3640.03995513916,9.481074199080467,37.03517351485789
-37.530287660000006,852480,128,,2736,89.46,,10036,0.0005,0.0,212864,-3587.1731605529785,9.436724595725536,34.56815841794014
-37.40002846,852736,128,,2736,90.4,,10040,0.0005,0.0,212928,-3628.7498779296875,9.433786869049072,48.41191076487303
-36.20406346,853184,128,26.84131642636233,2741,89.58,23.211018575561493,10044,0.0005,0.0,213056,-3627.946601867676,9.460289373993874,43.18045719899237
-41.14806951,853408,128,,2741,88.08,,10048,0.0005,0.0,213120,-3643.543399810791,9.280312091112137,37.346470316872
-40.5564397,853696,128,,2744,87.99,,10052,0.0005,0.0,213184,-3592.0732612609863,9.528603330254555,38.105649972334504
-37.157578050000005,854144,128,,2748,88.49,,10056,0.0005,0.0,213312,-3671.0495681762695,9.645264625549316,40.94861659780145
-36.87462233000001,854560,128,,2751,88.32,,10060,0.0005,0.0,213440,-3578.5890350341797,9.61195120960474,44.742598256096244
-34.832528419999996,854912,128,21.065071872629368,2752,88.47,20.3047272784373,10064,0.0005,0.0,213504,-3581.2860069274902,9.604436106979847,27.31324821896851
-35.584515710000005,855456,128,,2757,88.94,,10068,0.0005,0.0,213632,-3651.697597503662,9.52952529489994,29.242996744811535
-36.188454570000005,856064,128,,2763,88.81,,10072,0.0005,0.0,213760,-3599.31538772583,9.79673482477665,50.39055142365396
-38.172481690000005,856512,128,,2765,88.62,,10076,0.0005,0.0,213888,-3585.200740814209,9.679412223398685,31.339012714102864
-38.32799595,856544,128,,2765,88.62,,10080,,,,,,
-39.397405469999995,856800,128,22.549909197090887,2768,88.55,20.601810746077657,10084,0.0005,0.0,213952,-3625.151969909668,9.749692596495152,48.63525038212538
-42.03600439000001,857280,128,,2772,89.38,,10088,0.0005,0.0,214080,-3620.6497840881348,9.362992763519287,27.60417270474136
-41.61124912,857952,128,,2776,89.26,,10092,0.0005,0.0,214272,-3662.2908935546875,9.44399119913578,40.82102640718222
-40.2639961,858080,128,,2777,88.77,,10096,,,,,,
-38.17476381,858240,128,,2780,89.12,,10100,0.0005,0.0,214336,-3685.8671340942383,9.523066878318787,30.540145076811314
-32.28518949,858624,128,25.136695537321312,2783,89.4,24.447349952838845,10104,0.0005,0.0,214400,-3717.6005821228027,9.80970834940672,36.95351833850145
-32.28518949,858624,128,,2783,89.4,,10108,,,,,,
-31.148785200000003,859168,128,,2787,89.63,,10112,0.0005,0.0,214592,-3648.5123443603516,9.32219609618187,34.30930865928531
-33.4661175,859584,128,,2788,89.97,,10116,0.0005,0.0,214656,-3666.5656776428223,9.478388138115406,43.49236517585814
-36.261064260000005,859872,128,,2792,90.08,,10120,0.0005,0.0,214720,-3666.623847961426,9.202687188982964,28.616132125258446
-31.651756260000006,860576,128,20.96752764410056,2796,89.48,22.00101645530761,10124,0.0005,0.0,214912,-3682.493061065674,9.779186338186264,43.73474486917257
-31.74736623,860736,128,,2800,89.7,,10128,0.0005,0.0,214976,-3642.966251373291,9.734842799603939,41.66379503719509
-32.00180811999999,861280,128,,2803,89.68,,10132,0.0005,0.0,215104,-3680.5138092041016,9.853919118642807,47.355062037706375
-33.4035467,861376,128,,2803,89.24,,10136,,,,,,
-36.65136665,861664,128,,2804,88.54,,10140,0.0005,0.0,215168,-3683.7593116760254,9.441008448600769,46.835034208372235
-36.24345401,861888,128,,2808,89.58,,10144,0.0005,0.0,215232,-3670.3209648132324,9.680511727929115,34.37708301842213
-33.53402478,862272,128,21.64655396790127,2812,90.05,24.560114606825493,10148,0.0005,0.0,215360,-3646.415584564209,9.610508508980274,38.2676455527544
-30.73220982999999,862560,128,,2812,89.53,,10152,0.0005,0.0,215424,-3693.7603073120117,9.658999927341938,36.9264489132911
-35.04466334,862944,128,,2815,88.2,,10156,0.0005,0.0,215488,-3652.00874710083,9.30166307836771,56.695387778803706
-31.741103330000005,863680,128,,2819,87.86,,10160,0.0005,0.0,215680,-3692.3669395446777,9.444155909121037,25.209500964730978
-33.633194810000006,863936,128,,2823,87.57,,10164,0.0005,0.0,215744,-3641.602340698242,9.6820377856493,37.84104060009122
-32.838382519999996,864192,128,,2823,88.57,,10168,0.0005,0.0,215808,-3636.835968017578,9.63984838873148,24.819387575611472
-28.539452149999992,864352,128,,2826,87.98,,10172,0.0005,0.0,215872,-3646.1754417419434,9.682371273636818,36.88059501722455
-25.25568364,864736,128,,2827,87.84,,10176,0.0005,0.0,215936,-3695.9768142700195,9.579682275652885,39.59058582410216
-21.924986369999996,865280,128,,2833,86.86,,10180,0.0005,0.0,216064,-3727.128345489502,9.65974636375904,35.11379002779722
-20.286848519999996,865568,128,,2835,86.89,,10184,0.0005,0.0,216192,-3685.3451957702637,9.512295983731747,33.46821169927716
-20.239090169999997,865952,128,,2838,85.67,,10188,0.0005,0.0,216256,-3689.834930419922,9.394060283899307,28.756413953378797
-22.92381865,866272,128,,2838,84.8,,10192,0.0005,0.0,216320,-3697.751277923584,9.402577750384808,31.075881766155362
-23.327742779999998,866656,128,8.66997438522968,2843,84.98,12.334617743538942,10196,0.0005,0.0,216448,-3701.923755645752,9.882300436496735,31.949415242299438
-27.75743022,867712,128,,2850,85.5,,10200,0.0005,0.0,216704,-3652.982036590576,9.437198735773563,30.858182134106755
-28.177060329999996,867808,128,,2850,85.88,,10204,,,,,,
-31.225365210000003,868288,128,,2854,86.85,,10208,0.0005,0.0,216832,-3637.4149208068848,9.445383183658123,35.164081083610654
-31.958718150000003,868544,128,20.475764227012437,2858,87.34,21.920894097580785,10212,0.0005,0.0,216896,-3695.6866188049316,9.470771186053753,34.1529193315655
-29.773820969999996,868800,128,,2858,87.46,,10216,0.0005,0.0,216960,-3634.821014404297,9.769483536481857,43.37168406136334
-25.06474799,869248,128,,2862,89.71,,10220,0.0005,0.0,217088,-3734.572395324707,9.576173804700375,46.71874617226422
-24.702951419999994,869536,128,,2865,90.6,,10224,0.0005,0.0,217152,-3634.3315238952637,9.559661887586117,38.04482835717499
-26.155012490000004,869888,128,,2869,92.42,,10228,0.0005,0.0,217216,-3661.2042808532715,9.580570004880428,39.20263348147273
-23.768014859999997,870272,128,,2870,93.96,,10232,0.0005,0.0,217344,-3606.270179748535,9.745161548256874,38.24695686157793
-20.661834790000004,870720,128,17.819187808021375,2874,93.94,22.61990780633314,10236,0.0005,0.0,217472,-3629.645908355713,9.65897548943758,35.890326319262385
-22.85239058,871104,128,,2877,93.86,,10240,0.0005,0.0,217536,-3655.99210357666,9.526284344494343,31.09837963245809
-27.12210341,871520,128,,2881,92.54,,10244,0.0005,0.0,217664,-3731.646671295166,9.362011425197124,40.461123848333955
-25.805638919999996,871840,128,,2882,94.14,,10248,0.0005,0.0,217728,-3693.213596343994,9.703289791941643,24.70585849136114
-30.395553839999998,871968,128,,2885,92.72,,10252,0.0005,0.0,217792,-3686.760322570801,9.578851848840714,48.23054887354374
-27.181760980000004,872416,128,,2886,94.22,,10256,0.0005,0.0,217856,-3745.5718688964844,9.475424565374851,29.122204717248678
-30.575217760000005,872992,128,,2893,94.26,,10260,0.0005,0.0,218048,-3720.865348815918,9.720534577965736,39.41630123741925
-31.604818180000002,873408,128,,2894,92.91,,10264,0.0005,0.0,218112,-3689.7274322509766,9.737352907657623,44.686221646144986
-29.78217391,873568,128,,2897,93.66,,10268,0.0005,0.0,218176,-3658.337532043457,9.614874705672264,36.66388767585158
-30.288215280000003,873792,128,,2897,94.09,,10272,0.0005,0.0,218240,-3681.96231842041,9.555297516286373,23.238082263618708
-30.38494167,874656,128,,2904,94.5,,10276,0.0005,0.0,218432,-3698.892078399658,9.360393717885017,33.75877144187689
-32.94333444,874976,128,,2905,95.67,,10280,0.0005,0.0,218496,-3697.8926963806152,9.690175890922546,41.192963836714625
-34.500461869999995,875168,128,8.773767238615385,2908,96.66,18.36322511829296,10284,0.0005,0.0,218560,-3713.4275245666504,9.41263384371996,34.08542151004076
-35.12503756,875712,128,,2912,95.94,,10288,0.0005,0.0,218688,-3649.652172088623,9.804718516767025,46.71344354189932
-34.23810935,876000,128,,2913,96.47,,10292,0.0005,0.0,218752,-3631.640899658203,9.510266788303852,29.796421075239778
-32.75255045,876448,128,,2916,95.27,,10296,0.0005,0.0,218880,-3687.513656616211,9.875780999660492,46.9558946788311
-29.503260519999998,876800,128,,2920,96.97,,10300,0.0005,0.0,218944,-3698.4631729125977,9.728361912071705,30.51716455630958
-30.147757170000006,877280,128,,2924,97.92,,10304,0.0005,0.0,219072,-3761.8000831604004,9.744254976511002,36.23994797281921
-27.092490050000002,877504,128,17.800527226860865,2924,96.46,21.10209100256304,10308,0.0005,0.0,219136,-3747.5069580078125,9.61405424773693,36.06777662783861
-26.507214630000004,877600,128,,2928,96.58,,10312,0.0005,0.0,219200,-3740.442226409912,9.392869457602501,35.36204067990184
-26.197001440000005,877888,128,,2928,96.04,,10316,0.0005,0.0,219264,-3737.5916786193848,9.621373616158962,31.151778873056173
-27.318389400000004,878336,128,,2931,95.48,,10320,0.0005,0.0,219328,-3724.320770263672,9.512828655540943,35.704404812306166
-27.0773095,878624,128,,2935,94.33,,10324,0.0005,0.0,219456,-3719.4043731689453,9.71653114259243,38.36401200667024
-28.240149429999995,879040,129,,2936,91.7,,10328,0.0005,0.0,219520,-3734.803497314453,9.489388801157475,33.65490528382361
-29.357936040000006,879296,128,,2939,90.58,,10332,0.0005,0.0,219584,-3747.966163635254,9.688712067902088,50.3703643605113
-26.581897420000004,879616,128,,2943,90.79,,10336,0.0005,0.0,219648,-3727.3559494018555,9.96162984520197,50.29986508563161
-23.62207131000001,879968,128,,2943,90.06,,10340,0.0005,0.0,219776,-3715.6977729797363,9.763789519667625,38.7906204238534
-22.535522809999996,880544,128,9.350516258691691,2948,91.25,16.398418639086763,10344,0.0005,0.0,219904,-3652.3072357177734,9.406884171068668,32.50366006232798
-21.76763943,880832,128,,2951,90.21,,10348,0.0005,0.0,219968,-3688.2255859375,9.746821485459805,40.469478694722056
-16.912359480000003,881216,128,,2956,90.83,,10352,0.0005,0.0,220096,-3726.197196960449,9.852322801947594,34.47364332899451
-15.679915470000001,881504,128,,2957,90.77,,10356,0.0005,0.0,220160,-3690.2732467651367,9.70573115348816,47.39559165202081
-12.093366380000003,881728,128,,2959,89.46,,10360,0.0005,0.0,220224,-3690.525344848633,9.519712753593922,37.348885498940945
-11.633707980000006,882080,128,,2960,91.31,,10364,0.0005,0.0,220288,-3760.6584854125977,9.376879543066025,36.65951290167868
-11.246065130000002,882400,128,23.958653962129354,2963,90.01,23.07295356772711,10368,0.0005,0.0,220352,-3707.0421142578125,10.073432117700577,46.37186470068991
-11.123786280000004,882816,128,,2967,89.22,,10372,0.0005,0.0,220480,-3787.1485595703125,9.609663598239422,35.128719706088305
-11.369316460000002,882976,128,,2967,89.22,,10376,0.0005,0.0,220544,-3730.9603385925293,9.663255162537098,51.72311919555068
-10.72166099,883168,129,,2967,87.31,,10380,,,,,,
-7.27801313,883584,128,,2972,87.09,,10384,0.0005,0.0,220672,-3759.900234222412,9.837551221251488,40.33663833513856
-5.100802040000001,884064,128,,2976,86.66,,10388,0.0005,0.0,220800,-3699.2581748962402,9.470277935266495,33.926857240498066
-5.2781885000000015,884704,129,,2979,86.51,,10392,0.0005,0.0,220928,-3713.493309020996,9.788765639066696,44.52059477008879
-3.47345549,884928,128,,2982,86.18,,10396,0.0005,0.0,220992,-3723.836269378662,9.8857933729887,37.332119308412075
-4.634926940000001,885152,129,,2983,84.58,,10400,0.0005,0.0,221056,-3731.721855163574,9.809638477861881,39.51447601057589
-3.601883260000002,885600,129,,2986,83.54,,10404,0.0005,0.0,221184,-3720.2038078308105,9.922365695238113,39.74858290888369
-2.30892759,885920,128,,2990,82.88,,10408,0.0005,0.0,221248,-3725.963535308838,10.008746169507504,41.20267543010414
-4.617385180000001,886176,129,,2991,83.37,,10412,0.0005,0.0,221312,-3748.4564170837402,10.119358032941818,32.34601749293506
-6.223745920000002,886560,128,10.694766850478151,2995,84.79,16.443003594299956,10416,0.0005,0.0,221440,-3759.196113586426,10.083507880568504,31.2767410967499
-6.346856850000002,886752,129,,2995,84.67,,10420,,,,,,
-9.43244934,886912,128,,2999,85.43,,10424,0.0005,0.0,221504,-3770.8883514404297,9.90154043585062,37.41190356761217
-6.920997090000001,887392,128,,3003,85.95,,10428,0.0005,0.0,221632,-3761.6360206604004,9.69420626014471,37.15348959341645
-7.0112982399999995,888256,128,,3008,85.65,,10432,0.0005,0.0,221824,-3805.6098403930664,9.738865375518799,40.75324262678623
-6.9333759100000005,888288,129,,3008,85.05,,10436,,,,,,
-7.319038819999999,888736,128,,3012,86.02,,10440,0.0005,0.0,221952,-3723.839572906494,9.433393649756908,30.952161375433207
-6.621101330000001,889248,128,,3016,85.78,,10444,0.0005,0.0,222080,-3753.888599395752,9.768861547112465,28.098540034145117
-6.69216286,889824,129,,3019,85.74,,10448,0.0005,0.0,222208,-3758.7119789123535,9.726526536047459,47.35130985826254
-6.746715899999999,890176,129,,3022,85.92,,10452,0.0005,0.0,222336,-3745.3874435424805,9.883256986737251,42.68584441021085
-7.0308703,890432,128,,3025,86.4,,10456,0.0005,0.0,222400,-3752.534568786621,9.529629833996296,35.53695921599865
-13.400160000000001,890560,128,,3025,87.33,,10460,,,,,,
-12.47010022,891040,128,9.777190600125982,3029,87.94,15.858940752274762,10464,0.0005,0.0,222528,-3688.1485900878906,9.892166160047054,43.87143759801984
-11.303115609999999,891136,129,,3029,87.66,,10468,,,,,,
-10.95260094,891776,129,,3034,90.32,,10472,0.0005,0.0,222720,-3773.370895385742,9.55004496127367,30.018900180235505
-10.509234339999995,892128,129,,3037,88.99,,10476,0.0005,0.0,222784,-3772.1686782836914,10.003293789923191,42.82448961958289
-8.54162431,892416,128,,3040,89.75,,10480,0.0005,0.0,222848,-3742.2341690063477,9.86719623953104,41.83368377946317
-10.949083789999998,892640,129,,3041,89.64,,10484,0.0005,0.0,222912,-3723.403694152832,9.68854071199894,45.24600184522569
-12.34735716,892832,129,25.314834060716713,3041,88.9,22.86881438816771,10488,0.0005,0.0,222976,-3700.1151008605957,9.663066290318966,49.211978608742356
-10.413976739999999,893600,128,,3049,89.26,,10492,0.0005,0.0,223168,-3777.768943786621,9.745836175978184,31.998591221868992
-13.42752179,894016,128,,3053,89.29,,10496,0.0005,0.0,223296,-3759.131031036377,9.867318101227283,54.362365778535604
-11.14567449,894400,129,,3053,89.99,,10500,0.0005,0.0,223360,-3786.7910346984863,9.411487109959126,35.562151949852705
-11.374215079999999,894656,129,,3056,90.3,,10504,0.0005,0.0,223424,-3774.681999206543,9.461927354335785,37.02509430795908
-14.099558529999998,894944,129,,3056,90.44,,10508,0.0005,0.0,223488,-3778.838809967041,9.806341968476772,41.50619457103312
-11.460416539999997,895392,129,,3060,89.91,,10512,0.0005,0.0,223616,-3851.697338104248,9.537168644368649,36.78441207483411
-9.6852908,895968,129,,3064,89.52,,10516,0.0005,0.0,223744,-3839.6303749084473,9.699771665036678,32.26116506382823
-10.708351810000002,896064,128,,3068,89.87,,10520,0.0005,0.0,223808,-3900.706871032715,9.345797970890999,39.21871049515903
-8.187895079999999,896544,128,11.967346760351495,3072,90.18,18.7243026504421,10524,0.0005,0.0,223936,-3751.3686332702637,9.623391553759575,33.38950975984335
-7.9024132,896800,129,,3073,89.39,,10528,0.0005,0.0,224000,-3725.69189453125,9.635994762182236,39.94372171536088
-8.72868121,897024,129,,3075,90.35,,10532,,,,,,
-8.61832789,897248,129,,3076,90.89,,10536,0.0005,0.0,224064,-3743.0597038269043,9.916008666157722,40.28982263058424
-7.187990520000002,897664,129,,3080,91.59,,10540,0.0005,0.0,224192,-3759.5851821899414,9.787999168038368,29.989016845822334
-6.951006569999999,897920,129,14.166642561472946,3081,91.56,20.032265913568352,10544,0.0005,0.0,224256,-3833.68208694458,9.519357450306416,49.87559769116342
-8.38641269,898240,129,,3084,90.6,,10548,0.0005,0.0,224320,-3828.2669982910156,9.500116676092148,28.023183777928352
-13.30631605,898976,129,,3088,90.57,,10552,0.0005,0.0,224512,-3740.53751373291,9.983147650957108,40.225876323878765
-16.92192425,899136,128,,3092,90.29,,10556,0.0005,0.0,224576,-3708.387493133545,9.458560325205326,34.94718895480037
-10.98153679,899488,129,,3093,90.14,,10560,0.0005,0.0,224640,-3823.885566711426,9.740251958370209,46.05005937628448
-9.683183499999998,899872,129,,3096,89.14,,10564,0.0005,0.0,224768,-3823.3735847473145,9.64468989521265,32.34901863895357
-10.89759278,900576,129,,3100,88.3,,10568,0.0005,0.0,224896,-3785.4799308776855,9.95092798769474,44.86251626163721
-13.21855266,900992,129,,3104,87.07,,10572,0.0005,0.0,225024,-3772.0945014953613,9.827851384878159,33.234651098027825
-15.41654366,901376,129,13.230387471331124,3107,88.44,19.27412670272366,10576,0.0005,0.0,225088,-3723.7151222229004,9.850534997880459,44.433262491598725
-18.32775371,901568,129,,3107,87.89,,10580,0.0005,0.0,225152,-3755.1607208251953,9.937060289084911,40.44004204124212
-16.836623890000002,901696,129,,3111,89.6,,10584,0.0005,0.0,225216,-3757.4099922180176,10.0552436709404,39.63861019909382
-16.375740379999996,901952,129,,3112,91.47,,10588,0.0005,0.0,225280,-3774.370445251465,9.849545918405056,46.1871090400964
-18.65253672,902464,129,,3116,91.33,,10592,0.0005,0.0,225408,-3772.5608558654785,9.597330197691917,33.87815477326512
-19.184964830000002,902688,129,23.41360898379798,3119,92.51,21.973802611860247,10596,0.0005,0.0,225472,-3818.4569091796875,9.86712271720171,38.53661843203008
-19.1626434,903072,129,,3120,91.98,,10600,0.0005,0.0,225536,-3777.2367973327637,9.75364337861538,37.313426775857806
-18.993154429999997,903424,129,,3123,91.8,,10604,0.0005,0.0,225600,-3837.160842895508,9.854218892753124,34.62805971875787
-16.374416649999997,903808,129,,3127,91.81,,10608,0.0005,0.0,225728,-3774.7137565612793,9.806279212236404,45.827530425041914
-16.21862102,904352,129,,3132,90.79,,10612,0.0005,0.0,225856,-3783.5883712768555,9.79149929434061,29.256490470841527
-14.632722690000001,904832,128,,3136,89.68,,10616,0.0005,0.0,225984,-3803.526050567627,9.618736863136292,30.500564770773053
-14.57613101,905088,129,,3136,89.66,,10620,0.0005,0.0,226048,-3826.643772125244,9.778254099190235,38.81631249934435
-14.010892120000001,905312,128,,3140,88.18,,10624,0.0005,0.0,226112,-3819.4950218200684,9.524184927344322,25.497562551870942
-14.970105610000001,905536,129,,3140,89.22,,10628,0.0005,0.0,226176,-3819.5936584472656,9.761375479400158,35.00048048608005
-15.136998759999997,906016,129,,3144,89.98,,10632,0.0005,0.0,226304,-3788.7545318603516,9.941587634384632,31.77207699418068
-14.07874251,906400,129,12.6634179567564,3148,89.92,18.52088231524603,10636,0.0005,0.0,226368,-3771.9806632995605,9.798054292798042,33.277665574103594
-13.541605000000004,906944,129,,3152,89.7,,10640,0.0005,0.0,226496,-3783.152820587158,9.63343334197998,36.479579370468855
-15.532590640000002,907360,128,,3156,88.89,,10644,0.0005,0.0,226624,-3746.7198524475098,9.590003170073032,43.62547934241593
-13.223432110000003,907584,129,29.44440333917314,3157,88.65,24.9748066046199,10648,0.0005,0.0,226688,-3691.2513847351074,9.536920085549355,32.12897917442024
-13.022276250000004,907648,129,,3157,88.0,,10652,,,,,,
-6.819704369999999,908128,129,,3161,89.91,,10656,0.0005,0.0,226816,-3763.8498001098633,9.632950134575367,31.506790624931455
-7.118643159999997,908480,128,,3165,90.97,,10660,0.0005,0.0,226880,-3796.195343017578,9.416930861771107,27.44502012990415
-8.556667099999997,908960,128,13.622360388927053,3169,90.08,18.33216262532483,10664,0.0005,0.0,227008,-3842.989902496338,9.736750274896622,29.88789370842278
-8.12964918,909248,129,,3169,91.96,,10668,0.0005,0.0,227072,-3786.3195762634277,9.732271395623684,44.94211554341018
-7.146619150000001,909312,128,,3172,91.77,,10672,,,,,,
-6.963917780000002,909792,129,,3173,89.9,,10676,0.0005,0.0,227200,-3782.6226501464844,9.3979861587286,35.638330828398466
-6.47977337,910400,128,,3180,91.03,,10680,0.0005,0.0,227392,-3782.8103103637695,9.989196792244911,40.23184708505869
-4.9274771899999985,910560,129,,3180,88.04,,10684,,,,,,
-3.535319019999999,910816,129,17.833621856275798,3181,87.6,19.74580359545322,10688,0.0005,0.0,227456,-3798.121784210205,9.694180391728878,57.615449814125896
-0.1849486100000003,911360,128,,3187,86.56,,10692,0.0005,0.0,227584,-3777.6581802368164,9.887097917497158,40.23237425927073
-1.1298713200000001,911584,129,,3188,85.42,,10696,0.0005,0.0,227648,-3807.6665992736816,9.847940683364868,42.885176410898566
-3.6140298300000007,912128,129,,3192,86.8,,10700,0.0005,0.0,227776,-3852.817897796631,9.684422299265862,41.35138372145593
-3.5536249400000006,912160,129,,3192,86.83,,10704,0.0005,0.0,227840,-3801.0630264282227,9.46209266781807,29.116850404068828
-3.95166592,912576,128,24.811273003882924,3196,87.59,23.824285456161363,10708,0.0005,0.0,227904,-3819.1828117370605,9.840441562235355,33.09257235750556
-3.9841181199999993,912736,129,,3197,88.4,,10712,0.0005,0.0,227968,-3811.5206604003906,9.73485591262579,38.179977567866445
-5.21678976,913440,128,,3204,89.03,,10716,0.0005,0.0,228160,-3757.724178314209,9.571992181241512,33.53287006355822
-7.0048223300000005,913600,129,,3204,88.58,,10720,,,,,,
-8.801801170000001,914368,129,,3208,88.03,,10724,0.0005,0.0,228352,-3797.8074264526367,9.714060604572296,40.38280980847776
-10.74318749,914720,129,,3212,87.85,,10728,0.0005,0.0,228480,-3877.060260772705,9.848119914531708,40.79861218482256
-11.75092726,914944,128,16.51055642421533,3214,86.95,20.54463054229546,10732,,,,,,
-16.580158709999996,915040,129,,3215,87.59,,10736,0.0005,0.0,228544,-3808.3067932128906,9.65069317817688,38.733077850192785
-14.0953212,915520,129,,3218,88.21,,10740,0.0005,0.0,228672,-3808.300998687744,9.863595142960548,42.58834709972143
-11.33890215,915808,129,,3219,87.7,,10744,0.0005,0.0,228736,-3786.537494659424,9.804932937026024,39.913942001760006
-10.079269669999997,915968,129,,3222,88.58,,10748,,,,,,
-16.28968545,916480,129,,3226,89.56,,10752,0.0005,0.0,228864,-3836.8913192749023,9.412051871418953,24.217946680262685
-15.796698260000001,916864,129,,3227,87.7,,10756,0.0005,0.0,228992,-3880.4452743530273,9.82281881570816,32.313762875273824
-16.2255955,917440,129,,3231,86.53,,10760,0.0005,0.0,229120,-3799.4340744018555,9.556141346693039,30.449016742408276
-15.54581953,917664,129,,3234,88.44,,10764,0.0005,0.0,229184,-3805.156120300293,9.836808949708939,35.68628612346947
-19.83271608,918176,129,,3237,86.72,,10768,0.0005,0.0,229312,-3826.025146484375,9.872691348195076,51.86172711662948
-18.972424410000002,918624,129,11.183860221526611,3241,86.6,16.682249704073815,10772,0.0005,0.0,229440,-3773.738048553467,9.618049956858158,47.19354268908501
-17.135711370000003,918752,129,,3241,88.31,,10776,,,,,,
-19.201744559999998,918976,129,,3242,87.2,,10780,0.0005,0.0,229504,-3822.434745788574,9.774951070547104,47.63493795506656
-24.69463026,919392,129,,3246,90.08,,10784,0.0005,0.0,229632,-3729.7694511413574,9.536761164665222,34.49835010059178
-24.287086299999995,919584,129,,3249,88.93,,10788,0.0005,0.0,229696,-3766.157859802246,9.951139383018017,25.111682096496224
-23.950574049999997,919968,129,,3250,89.58,,10792,0.0005,0.0,229760,-3830.3983612060547,9.786269567906857,49.99303292483091
-21.266944950000003,920704,129,,3257,90.04,,10796,0.0005,0.0,229952,-3828.6562576293945,9.72061551362276,28.548805540427566
-22.007250940000002,920960,129,,3258,88.74,,10800,0.0005,0.0,230016,-3804.1832580566406,9.60868826508522,31.128245690837502
-26.944426250000003,921120,129,,3262,88.55,,10804,0.0005,0.0,230080,-3845.8489379882812,9.668076768517494,42.80458868853748
-26.67152067,921568,129,,3262,88.27,,10808,0.0005,0.0,230144,-3761.4897956848145,9.59554410725832,30.213601548224688
-27.93404891,922016,129,,3266,88.11,,10812,0.0005,0.0,230272,-3681.0576133728027,9.986690543591976,39.96473930031061
-28.15852276,922208,129,11.799095480954447,3269,88.69,18.316376206736308,10816,0.0005,0.0,230336,-3721.5050926208496,9.957154884934425,39.13183309696615
-25.653020619999996,922688,129,,3273,88.62,,10820,0.0005,0.0,230464,-3664.998218536377,9.91824921965599,48.71664174646139
-24.96611531,922912,129,,3273,90.05,,10824,0.0005,0.0,230528,-3777.3841094970703,9.874148935079575,41.32261415570974
-26.54905225,923232,129,,3276,90.68,,10828,0.0005,0.0,230592,-3791.7242012023926,9.63538532704115,36.67560381256044
-29.057321249999994,923648,129,10.010640824920003,3279,89.68,15.951402942316752,10832,0.0005,0.0,230656,-3726.8245391845703,10.053502015769482,40.165127258747816
-32.100828119999996,923968,129,,3281,88.42,,10836,0.0005,0.0,230784,-3779.3982467651367,9.70613894611597,27.42873347736895
-35.46451791,924160,129,,3283,88.84,,10840,,,,,,
-35.25195087,924384,129,,3283,88.2,,10844,0.0005,0.0,230848,-3770.3894577026367,9.768161103129387,36.824148409068584
-34.51352883,924736,129,,3287,87.82,,10848,0.0005,0.0,230976,-3802.5640830993652,9.696669720113277,43.317799776792526
-31.483944759999996,925216,129,,3291,87.44,,10852,0.0005,0.0,231104,-3776.639865875244,9.951356589794159,49.1593142002821
-28.24687516,925568,129,,3292,86.94,,10856,0.0005,0.0,231168,-3784.858669281006,9.885383740067482,34.138868886977434
-32.35658051,925984,129,,3296,86.44,,10860,0.0005,0.0,231296,-3822.8863258361816,9.76151692867279,29.226176466792822
-31.700101379999992,926176,129,,3296,86.15,,10864,,,,,,
-29.255658859999997,926560,129,,3300,86.32,,10868,0.0005,0.0,231424,-3741.292148590088,9.756874024868011,37.55003533884883
-31.099675790000003,927008,129,13.95290917066098,3304,86.82,19.56467413157102,10872,0.0005,0.0,231552,-3744.778549194336,9.742179825901985,39.783578637987375
-30.428819950000005,927296,129,,3308,85.77,,10876,0.0005,0.0,231616,-3788.178047180176,9.632424876093864,28.49052424170077
-28.232501969999998,927744,129,,3312,85.98,,10880,0.0005,0.0,231680,-3748.2366638183594,9.813059195876122,46.518729189410806
-26.49053472,928000,129,,3312,83.71,,10884,0.0005,0.0,231744,-3818.2579231262207,9.555766828358173,32.7322701998055
-23.63969693,928256,129,,3316,84.43,,10888,0.0005,0.0,231808,-3785.060474395752,9.435725577175617,38.276658134534955
-23.84519653,928704,129,,3317,84.23,,10892,0.0005,0.0,231936,-3731.225616455078,9.560846082866192,26.16082214936614
-23.27381539,929024,129,,3320,84.49,,10896,0.0005,0.0,232000,-3756.3211555480957,9.70858047902584,54.33846617676318
-21.27845489,929504,129,,3323,86.43,,10900,0.0005,0.0,232128,-3830.697765350342,9.535767011344433,30.30232985690236
-15.500777599999997,929728,129,,3324,86.23,,10904,0.0005,0.0,232192,-3884.0797233581543,9.35834850370884,45.863370878621936
-15.274058449999995,930240,129,,3329,85.46,,10908,0.0005,0.0,232320,-3843.801429748535,9.720843307673931,40.24562683328986
-14.326447059999994,930496,129,,3332,86.18,,10912,0.0005,0.0,232384,-3821.850170135498,9.750702306628227,39.02104684151709
-16.01756723999999,930976,129,,3335,85.74,,10916,0.0005,0.0,232512,-3868.9713401794434,9.743124105036259,44.39199013262987
-18.213912729999993,931552,129,,3340,85.33,,10920,0.0005,0.0,232640,-3950.2396202087402,9.670845232903957,50.13408378325403
-17.57544195,931936,129,9.119197364287407,3344,85.95,17.8531781086555,10924,0.0005,0.0,232768,-3851.9815940856934,9.733096107840538,48.84802155941725
-13.90805668,932192,129,,3344,84.79,,10928,0.0005,0.0,232832,-3899.5912590026855,10.092584431171417,56.87036043219268
-7.916606670000001,932800,129,,3348,85.34,,10932,0.0005,0.0,232960,-3822.0441360473633,9.565231546759605,49.89074388332665
-5.632291779999999,933056,129,,3351,86.29,,10936,0.0005,0.0,233024,-3874.442771911621,9.721137300133705,38.81775655411184
0.43009237999999816,933152,129,,3351,87.98,,10940,0.0005,0.0,233088,-3860.573272705078,9.680810995399952,30.678468307480216
-2.9538225500000026,933984,129,,3357,89.76,,10944,0.0005,0.0,233280,-3836.8445930480957,9.787186168134212,35.503586266189814
-5.4860033800000005,934080,129,,3357,89.26,,10948,,,,,,
-5.6722949300000005,934304,129,,3358,89.52,,10952,0.0005,0.0,233344,-3836.504348754883,9.5933268815279,37.77830020338297
-6.43694915,934496,129,,3362,91.85,,10956,0.0005,0.0,233408,-3789.865509033203,9.75951236486435,45.17694772221148
-1.5988419399999996,935040,129,13.767397498795535,3366,92.24,19.49936817164937,10960,0.0005,0.0,233536,-3782.177505493164,9.83893582969904,36.336535735055804
-1.529155389999999,935104,129,,3366,92.75,,10964,,,,,,
-1.9697853099999998,935552,129,,3371,92.43,,10968,0.0005,0.0,233664,-3761.1500129699707,9.536233499646187,32.88972100429237
3.440260850000001,936288,129,,3375,91.23,,10972,0.0005,0.0,233856,-3787.218536376953,9.609673254191875,41.627316465601325
3.285471130000001,936352,129,,3375,91.3,,10976,,,,,,
2.5476231499999993,936640,129,,3379,91.1,,10980,0.0005,0.0,233920,-3871.444778442383,9.864029072225094,45.01107644289732
0.9009924299999997,937312,129,10.550180647685451,3383,91.09,16.730190920180217,10984,0.0005,0.0,234112,-3914.4504776000977,9.609502457082272,32.687375424429774
-3.5129516,937824,129,,3386,92.0,,10988,0.0005,0.0,234240,-3781.3998374938965,9.426789596676826,35.406260926276445
-3.7007141699999995,937920,129,,3386,92.26,,10992,,,,,,
-4.01506097,938080,129,,3390,93.64,,10996,0.0005,0.0,234304,-3881.2864952087402,9.69695421308279,32.613063126802444
-5.138782739999999,938336,129,,3391,91.17,,11000,0.0005,0.0,234368,-3803.439067840576,9.674797281622887,34.0551531650126
-8.699707960000001,938496,129,29.862111346780615,3394,91.42,22.97094279389604,11004,,,,,,
-11.60852812,939232,129,,3398,91.36,,11008,0.0005,0.0,234560,-3886.4821128845215,9.782016523182392,50.98381702974439
-12.26376554,939424,129,,3398,91.1,,11012,0.0005,0.0,234624,-3817.4302940368652,10.031600140035152,50.99635414406657
-6.61214518,939840,129,,3402,89.74,,11016,0.0005,0.0,234752,-3927.0722312927246,9.563954927027225,27.740279871970415
-6.400715300000001,940096,129,,3406,89.88,,11020,0.0005,0.0,234816,-3833.639949798584,9.633343629539013,42.283411990851164
-6.385719239999999,940576,129,,3410,88.67,,11024,0.0005,0.0,234944,-3822.361343383789,9.96686939150095,55.33210204914212
-8.155732530000002,940768,129,,3410,89.59,,11028,,,,,,
-6.477515100000001,941056,129,,3413,87.47,,11032,0.0005,0.0,235008,-3831.1673736572266,9.757121801376343,41.43061539903283
-10.00286698,941152,129,,3413,87.69,,11036,0.0005,0.0,235072,-3864.469623565674,9.678888954222202,36.095513850450516
-9.7624246,941312,129,,3414,85.25,,11040,,,,,,
-12.10181467,941664,129,,3417,83.43,,11044,0.0005,0.0,235200,-3837.861473083496,9.773172065615654,47.61847214028239
-10.338388550000001,942208,129,12.375505689259422,3421,84.83,20.15269864437952,11048,0.0005,0.0,235328,-3952.1115341186523,9.608706817030907,42.27736718393862
-10.1756572,942848,129,,3425,83.82,,11052,0.0005,0.0,235456,-3916.759651184082,9.794387675821781,44.7182817813009
-9.55347299,942944,129,,3426,81.62,,11056,0.0005,0.0,235520,-3847.817371368408,9.661136239767075,40.323496574535966
-11.62695068,943264,129,,3428,81.06,,11060,0.0005,0.0,235584,-3913.303466796875,9.749598041176796,40.64837224595249
-10.849950739999999,943680,129,,3431,79.38,,11064,0.0005,0.0,235712,-3901.7322578430176,9.688881143927574,34.91858617030084
-10.976388900000002,943968,129,21.504398177929698,3432,80.84,21.710007177538536,11068,0.0005,0.0,235776,-3916.910831451416,9.922032833099365,44.535367622971535
-14.757672530000002,944416,129,,3435,82.24,,11072,0.0005,0.0,235904,-3872.0382499694824,9.997230909764767,41.107917519286275
-14.654646890000002,944576,129,,3435,81.97,,11076,,,,,,
-17.41508935,944704,129,,3438,82.43,,11080,0.0005,0.0,235968,-3856.465202331543,9.736058734357357,29.546853551641107
-15.711006270000002,945152,129,,3442,83.1,,11084,0.0005,0.0,236032,-3889.0965538024902,9.947955414652824,43.998319797217846
-14.967853420000004,945440,129,,3443,82.17,,11088,0.0005,0.0,236160,-3893.578887939453,9.785289026796818,34.85967728309333
-15.842877780000002,945888,129,,3447,82.38,,11092,0.0005,0.0,236224,-3923.5762825012207,9.909926548600197,36.316469782963395
-17.68141909,946272,129,12.272245139422118,3450,80.34,18.227044306043656,11096,0.0005,0.0,236352,-3853.310348510742,9.52782603353262,35.53877802565694
-17.078895250000002,946560,129,,3451,81.05,,11100,0.0005,0.0,236416,-3842.5858192443848,9.794789522886276,35.09117382578552
-13.66883258,946784,129,,3454,80.97,,11104,0.0005,0.0,236480,-3897.5498237609863,9.80885487049818,35.6071944963187
-16.38159988,947488,129,,3459,81.94,,11108,0.0005,0.0,236672,-3885.2406425476074,9.715348586440086,36.658472111448646
-15.42245828,947680,129,,3459,81.33,,11112,,,,,,
-18.349581110000003,947840,129,,3462,82.46,,11116,0.0005,0.0,236736,-3859.1912117004395,9.684594601392746,36.954210406169295
-18.40095715,948256,129,,3466,81.87,,11120,0.0005,0.0,236864,-3884.676429748535,9.689315773546696,35.281713703647256
-20.866300559999996,949024,129,,3470,82.79,,11124,0.0005,0.0,237056,-3866.5699348449707,9.727560572326183,41.21778346784413
-22.099432000000007,949408,129,,3473,83.26,,11128,0.0005,0.0,237120,-3886.2318687438965,9.789287135004997,31.107472779229283
-23.143169860000004,949856,129,,3476,82.67,,11132,0.0005,0.0,237248,-3968.020595550537,9.997588723897934,35.47164702415466
-21.89575527,949952,129,11.61901774561931,3476,84.13,18.18519398329898,11136,,,,,,
-24.39673509000001,950272,129,,3480,84.89,,11140,0.0005,0.0,237312,-3931.686664581299,9.941707827150822,35.57256018742919
-19.27263319,950528,129,,3480,85.78,,11144,0.0005,0.0,237376,-3867.568286895752,9.744569927453995,44.44781453721225
-18.992303480000004,951040,129,,3485,84.81,,11148,0.0005,0.0,237504,-3878.743839263916,9.97214799374342,38.319912265986204
-20.02528227,951520,129,,3488,86.45,,11152,0.0005,0.0,237632,-3969.677791595459,9.975168615579605,36.41085586696863
-21.69357325,951872,129,20.360703921981433,3493,87.99,21.754559731334453,11156,0.0005,0.0,237760,-3931.885452270508,9.655125640332699,37.56683856993914
-24.09731331,952096,129,,3493,89.43,,11160,0.0005,0.0,237824,-3881.0889472961426,9.433571234345436,33.081105928868055
-24.50625576,952608,129,,3497,90.28,,11164,0.0005,0.0,237952,-3919.9576683044434,9.785832069814205,48.35321964323521
-21.4965786,953088,129,,3501,89.53,,11168,0.0005,0.0,238016,-3931.837242126465,9.651069432497025,32.58114957250655
-18.23199302,953472,129,,3505,88.96,,11172,0.0005,0.0,238144,-3910.203338623047,9.63898590952158,38.98253343626857
-19.1862332,953760,129,,3505,89.6,,11176,0.0005,0.0,238208,-3926.2615394592285,9.813321612775326,29.931678861379623
-15.99326617,954080,129,,3510,91.04,,11180,0.0005,0.0,238272,-3939.8125534057617,9.76870408654213,39.39004106260836
-15.49768624,954304,129,18.061263144513084,3510,90.0,21.30130658129949,11184,0.0005,0.0,238336,-3916.7024459838867,9.669673711061478,39.22396979480982
-13.990414860000001,954784,129,,3514,89.33,,11188,0.0005,0.0,238464,-4001.7864875793457,10.201708480715752,44.79776199348271
-11.010374459999998,954976,129,,3517,90.17,,11192,0.0005,0.0,238528,-3986.9420890808105,9.825225308537483,40.51749779097736
-8.603471359999999,955456,129,,3521,90.31,,11196,0.0005,0.0,238656,-3887.6146087646484,9.61394701898098,33.74407168850303
-6.396315390000002,955552,129,,3521,90.14,,11200,,,,,,
-5.8983275000000015,955808,129,,3521,89.07,,11204,0.0005,0.0,238720,-3998.4659156799316,9.824116379022598,40.590090150013566
-0.6836128899999987,955936,129,,3524,89.67,,11208,0.0005,0.0,238784,-3957.096965789795,9.634951680898666,33.198468036949635
-0.040664289999998576,956352,129,26.339118749713904,3524,90.22,23.44981468994076,11212,0.0005,0.0,238848,-3959.620204925537,10.023631945252419,40.53091708384454
-3.2560096900000004,956864,129,,3529,89.75,,11216,0.0005,0.0,238976,-3920.6183013916016,9.749192096292973,44.41793095692992
-5.702500639999999,957376,129,,3532,89.74,,11220,0.0005,0.0,239104,-3948.6882400512695,9.708832688629627,33.71001714095473
-2.582484839999999,957568,129,,3535,88.19,,11224,0.0005,0.0,239168,-3958.5131645202637,9.644823096692562,38.16708983667195
-1.530627939999999,958208,129,,3539,87.2,,11228,0.0005,0.0,239296,-3935.2531509399414,9.77920500934124,50.5486051030457
-0.37123729000000016,958400,129,,3540,88.43,,11232,0.0005,0.0,239360,-4015.221122741699,9.926445424556732,44.83924808911979
-1.7511492300000011,958752,129,,3544,87.39,,11236,0.0005,0.0,239488,-4054.2634925842285,9.549814976751804,28.887561429291964
-2.1740882900000007,959072,129,,3547,87.51,,11240,0.0005,0.0,239552,-3986.231128692627,9.58723333477974,52.336174165830016
-4.44610769,959328,129,,3547,87.24,,11244,0.0005,0.0,239616,-4025.4027252197266,9.862825624644756,40.85045086033642
-5.471810339999998,959680,129,,3551,86.28,,11248,0.0005,0.0,239680,-3938.77498626709,9.72219042479992,35.16495832614601
-4.854226590000001,959968,129,,3552,86.23,,11252,0.0005,0.0,239744,-4014.654224395752,9.76861759275198,31.820943251252174
-5.041126180000001,960096,129,10.904176156439554,3555,87.59,20.023654006454912,11256,0.0005,0.0,239808,-3921.2088356018066,9.55253241956234,31.771788174286485
-3.6400513900000018,960512,129,,3558,86.44,,11260,0.0005,0.0,239872,-3986.898910522461,9.866558082401752,41.42835456505418
-0.001011649999999662,960768,129,,3559,85.94,,11264,0.0005,0.0,239936,-3962.2475929260254,9.870682649314404,43.955034429207444
-2.04707207,961280,129,,3563,84.38,,11268,0.0005,0.0,240064,-3955.5849609375,9.674869932234287,37.13114606589079
-6.29332085,961472,129,26.530705348996868,3563,83.53,21.981020535618747,11272,0.0005,0.0,240128,-3968.010154724121,9.838444791734219,29.854371465742588
-9.55606432,961760,129,,3566,84.09,,11276,0.0005,0.0,240192,-3987.9946937561035,9.823874838650227,33.081099478527904
-11.729057829999999,962240,129,,3568,82.64,,11280,0.0005,0.0,240320,-3982.273448944092,9.710592240095139,41.272319834679365
-14.125394219999999,962624,129,,3572,82.64,,11284,0.0005,0.0,240448,-4008.642719268799,9.98644084483385,35.65834433212876
-14.366524960000001,963296,129,,3576,83.38,,11288,0.0005,0.0,240576,-4005.1221885681152,9.703092947602272,33.60614590346813
-14.5571558,963424,129,,3576,83.72,,11292,0.0005,0.0,240640,-4019.3946990966797,9.541232511401176,51.069211861118674
-17.44060909,963840,129,19.051341125647422,3580,83.68,21.124501273469598,11296,0.0005,0.0,240704,-3907.225326538086,9.623624473810196,29.611906994134188
-22.266691180000002,964096,129,,3583,83.18,,11300,0.0005,0.0,240768,-4010.129108428955,9.693742230534554,26.493983171880245
-22.279771390000004,964416,129,,3584,83.31,,11304,0.0005,0.0,240896,-4019.089195251465,9.561561062932014,42.49415148422122
-24.415467600000003,964704,129,,3587,83.69,,11308,0.0005,0.0,240960,-3969.6166801452637,9.746439665555954,32.172929955646396
-24.577338060000002,965152,129,,3592,83.2,,11312,0.0005,0.0,241088,-4006.3287925720215,10.064578384160995,48.04508312046528
-19.083892849999998,965344,129,,3592,83.48,,11316,,,,,,
-18.50359579,965632,129,,3595,84.92,,11320,0.0005,0.0,241152,-3947.2288703918457,10.05701930820942,37.154049284756184
-23.857940009999997,966016,129,,3596,85.12,,11324,0.0005,0.0,241280,-3913.0094261169434,9.869149193167686,33.765287490561604
-21.148198570000005,966368,129,,3599,84.4,,11328,0.0005,0.0,241344,-3999.1977005004883,9.56526704132557,37.54922338761389
-20.33076271,966912,129,12.137270962425951,3603,84.95,19.645317858540505,11332,0.0005,0.0,241472,-4102.656932830811,9.550499357283115,34.720030626282096
-19.59573051,967168,129,,3607,86.83,,11336,0.0005,0.0,241536,-4138.352432250977,9.905597120523453,39.016635278239846
-16.52651085,967584,129,,3607,85.91,,11340,0.0005,0.0,241664,-4052.6631507873535,9.543064311146736,33.94459668174386
-16.330046739999997,967808,129,,3611,85.38,,11344,0.0005,0.0,241728,-4007.1030921936035,9.833180971443653,31.130144342780113
-17.19897218,968192,129,,3614,86.47,,11348,0.0005,0.0,241792,-4021.276679992676,9.5571633502841,31.260406672023237
-16.44342482,968512,129,,3615,85.21,,11352,0.0005,0.0,241920,-4097.591999053955,9.891172252595425,33.22557304613292
-17.996081729999997,968832,129,,3619,83.91,,11356,0.0005,0.0,241984,-4044.4474601745605,9.858308658003807,45.147739712148905
-18.48889434,969056,129,,3619,85.23,,11360,0.0005,0.0,242048,-4038.8314514160156,9.8510352820158,41.74309717863798
-21.637390299999996,969184,129,,3619,84.88,,11364,,,,,,
-21.87759214,969504,129,,3623,85.39,,11368,0.0005,0.0,242176,-4083.1652908325195,10.186513796448708,46.30531268566847
-17.738087339999996,969952,129,,3626,86.04,,11372,0.0005,0.0,242240,-4160.216777801514,9.73733339458704,31.36364738084376
-13.703967880000002,970400,129,,3630,84.74,,11376,0.0005,0.0,242368,-4144.872482299805,10.035618089139462,47.801115503534675
-16.797422599999997,970656,129,6.705474697043025,3631,84.97,16.262400453915784,11380,0.0005,0.0,242432,-4111.462493896484,10.254658810794353,41.90655293315649
-14.605716849999999,970944,129,,3634,84.28,,11384,0.0005,0.0,242496,-4028.6105422973633,9.907855689525604,41.46997922472656
-17.154156940000004,971264,129,,3638,83.39,,11388,0.0005,0.0,242560,-4024.308246612549,9.938897497951984,41.36179425753653
-16.21084461,971584,129,,3639,82.12,,11392,0.0005,0.0,242688,-4061.415985107422,9.96480792015791,39.021527864038944
-16.12668257,972000,129,14.871558402534065,3641,83.14,19.455058305625542,11396,0.0005,0.0,242752,-4039.2784004211426,9.985843166708946,34.457682464271784
-14.43478167,972256,129,,3642,83.78,,11400,0.0005,0.0,242816,-4016.825508117676,9.825105018913746,34.14955656044185
-16.991924710000003,972544,129,,3645,84.48,,11404,0.0005,0.0,242880,-4023.8867225646973,9.7872524112463,27.963640293106437
-14.56107268,973056,129,,3649,83.05,,11408,0.0005,0.0,243008,-4030.9289894104004,9.564630791544914,48.148047575727105
-14.574366409999998,973184,129,,3649,83.56,,11412,0.0005,0.0,243072,-4017.3055839538574,10.009463340044022,41.568132411688566
-13.914280180000002,973344,129,,3652,82.59,,11416,0.0005,0.0,243136,-4040.023262023926,9.662479288876057,36.95228157937527
-14.42299695,973696,129,,3653,81.9,,11420,0.0005,0.0,243200,-4075.5493774414062,9.906319364905357,42.206936959177256
-9.087738719999997,973856,129,,3656,82.1,,11424,0.0005,0.0,243264,-4088.6473846435547,9.559993296861649,31.426700811833143
-11.561198559999996,974720,129,,3660,81.91,,11428,0.0005,0.0,243456,-4009.4144287109375,9.65196619182825,31.647707169875503
-10.108507219999995,975104,129,14.229583840586688,3664,80.29,19.707421142738664,11432,0.0005,0.0,243520,-4042.2384605407715,10.024022221565247,44.136109344661236
-12.363381939999995,975264,129,,3664,79.52,,11436,0.0005,0.0,243584,-3987.7140045166016,10.041948169469833,43.475881004706025
-12.061157159999995,975520,129,,3668,79.86,,11440,0.0005,0.0,243648,-4016.4950408935547,9.787268318235874,38.74743551388383
-9.646266429999995,975872,129,,3671,80.66,,11444,0.0005,0.0,243712,-4087.989513397217,9.867855779826641,41.4333251863718
-9.869052749999998,976480,129,,3675,81.69,,11448,0.0005,0.0,243904,-4057.682590484619,9.992939993739128,45.8273741081357
-10.09226509,976736,129,,3676,81.93,,11452,0.0005,0.0,243968,-4082.775463104248,9.823414400219917,45.97575173154473
-9.114654939999998,977024,129,,3679,80.02,,11456,0.0005,0.0,244032,-4068.1435546875,9.888164326548576,31.738264808431268
-6.025931139999998,977216,129,,3680,79.14,,11460,0.0005,0.0,244096,-4115.017280578613,9.86639528721571,36.73583400808275
-3.2845178199999996,977472,129,,3682,80.65,,11464,0.0005,0.0,244160,-4078.038429260254,9.558346524834633,39.939026987180114
-5.96140749,977792,129,8.775362672165091,3683,81.27,15.233834538708383,11468,0.0005,0.0,244224,-4122.226566314697,9.264412440359592,21.051691653206944
-5.95986821,978240,129,,3686,81.73,,11472,0.0005,0.0,244352,-4133.509666442871,9.825161829590797,34.44111918658018
-8.36427248,978976,129,,3693,82.32,,11476,0.0005,0.0,244544,-4131.401371002197,9.788014963269234,43.82145197503269
-5.50650565,979104,129,,3693,82.68,,11480,,,,,,
-10.88680733,979392,129,,3694,82.98,,11484,0.0005,0.0,244608,-4146.157306671143,10.27610308676958,37.13471817225218
-8.26839399,979680,129,20.041680513826343,3698,83.06,21.82435400275915,11488,0.0005,0.0,244672,-4169.212249755859,9.955530807375908,30.129807790741324
-4.01760594,979808,129,,3698,84.61,,11492,0.0005,0.0,244736,-4138.746463775635,9.674353301525116,49.183774687349796
-4.44549022,979872,129,,3698,84.28,,11496,,,,,,
-4.104293419999999,980544,129,,3705,83.49,,11500,0.0005,0.0,244928,-4099.727527618408,9.669383607804775,31.633214006200433
-4.290483699999997,980960,129,,3706,83.28,,11504,0.0005,0.0,244992,-4081.5976524353027,9.840331606566906,42.828563593328
-7.433066079999996,981184,129,,3709,83.67,,11508,0.0005,0.0,245056,-4112.951545715332,10.088102415204048,48.22713410668075
-7.199529859999997,981376,129,,3709,82.49,,11512,0.0005,0.0,245120,-4076.793659210205,9.895659871399403,33.496966529637575
-10.020429699999998,981888,129,12.594083301052601,3713,82.55,20.90638171877092,11516,0.0005,0.0,245248,-3947.381134033203,9.765844643115997,36.958665538579226
-7.705188539999997,982144,129,,3716,82.03,,11520,0.0005,0.0,245312,-3967.1005210876465,9.72416727244854,52.449831172823906
-7.891122259999998,982752,129,,3720,82.61,,11524,0.0005,0.0,245440,-3964.7659072875977,9.780421145260334,39.803335797041655
-5.599842899999995,982944,129,,3720,84.31,,11528,0.0005,0.0,245504,-3976.053539276123,9.628534764051437,27.886074343696237
-5.479933349999998,983392,129,,3724,83.81,,11532,0.0005,0.0,245632,-4074.56005859375,9.720932729542255,33.12808187492192
-3.815990569999999,983776,129,,3727,85.16,,11536,0.0005,0.0,245696,-4091.2559814453125,9.842063032090664,44.853163205087185
-6.535901279999998,984032,129,,3728,85.55,,11540,0.0005,0.0,245760,-4083.1013832092285,9.82793415337801,33.75735840573907
-6.492796489999996,984256,129,,3731,84.82,,11544,0.0005,0.0,245824,-4047.579315185547,9.419075392186642,39.78637735545635
-3.5759104,984608,129,15.744177900394364,3734,83.05,20.392692186718318,11548,0.0005,0.0,245952,-4073.8768768310547,9.593592219054699,31.613194396719337
-3.3857724300000003,984992,129,,3735,82.34,,11552,0.0005,0.0,246016,-4085.7289810180664,9.377369977533817,45.44991176947951
-7.149635089999999,985184,129,,3738,83.95,,11556,0.0005,0.0,246080,-4091.3481254577637,9.454254567623138,37.780343525111675
-7.504473659999998,985408,129,,3739,85.39,,11560,0.0005,0.0,246144,-4178.612617492676,9.883078061044216,53.678463127464056
-7.865954779999998,986016,129,,3743,84.28,,11564,0.0005,0.0,246272,-4095.4327354431152,9.681477896869183,25.413620065897703
-8.427454260000001,986368,129,,3747,83.72,,11568,0.0005,0.0,246336,-4095.5198516845703,9.651550590991974,21.704028945416212
-11.210195290000001,987104,129,,3751,84.56,,11572,0.0005,0.0,246528,-4107.819778442383,9.733811996877193,48.166652869433165
-11.630547060000001,987456,129,,3755,84.52,,11576,0.0005,0.0,246656,-4045.7023735046387,9.56462013721466,39.16118255443871
-14.490970670000001,987808,129,,3758,84.29,,11580,0.0005,0.0,246720,-4123.078456878662,9.502212643623352,27.678905991837382
-9.155107359999999,987936,129,,3758,84.33,,11584,0.0005,0.0,246784,-4126.131786346436,9.938498117029667,36.4362349845469
-9.22230522,988128,129,,3758,85.89,,11588,,,,,,
-8.891136429999998,988256,129,,3761,84.88,,11592,0.0005,0.0,246848,-4193.1705894470215,9.806232087314129,43.74806282669306
-11.2623138,988352,129,9.863072929398458,3761,85.38,16.201844782060707,11596,,,,,,
-15.881140899999998,988928,129,,3765,84.97,,11600,0.0005,0.0,246976,-4155.5441970825195,9.639517925679684,37.17144765146077
-14.19231277,989376,129,,3769,85.35,,11604,0.0005,0.0,247104,-4095.7357292175293,9.744553923606873,38.82869604974985
-10.764114539999998,989856,129,,3772,84.04,,11608,0.0005,0.0,247232,-4207.567520141602,9.576725460588932,34.41895512677729
-10.792244970000002,990080,129,,3773,83.86,,11612,0.0005,0.0,247296,-4207.03377532959,9.244196504354477,29.66935082525015
-11.563994940000002,990272,129,,3776,84.33,,11616,0.0005,0.0,247360,-4147.9491539001465,9.702581621706486,31.164903668686748
-11.719519119999998,990880,129,,3781,85.52,,11620,0.0005,0.0,247488,-4175.953273773193,9.74062168598175,36.1686348579824
-11.820356430000002,991264,129,,3785,85.7,,11624,0.0005,0.0,247616,-4090.152286529541,9.643468961119652,34.925248611718416
-12.57247846,991424,129,,3785,86.09,,11628,,,,,,
-15.267207389999996,991584,129,11.823705819340699,3785,85.26,14.968794826490097,11632,0.0005,0.0,247680,-4068.215274810791,9.739543564617634,41.31909033842385
-15.964885480000003,992000,129,,3789,84.72,,11636,0.0005,0.0,247744,-4124.569675445557,9.71286191791296,27.201847471296787
-15.680497330000001,992352,129,,3792,84.47,,11640,0.0005,0.0,247872,-4170.213508605957,9.704362012445927,36.51641264744103
-19.493241659999995,992864,129,,3796,85.01,,11644,0.0005,0.0,248000,-4229.3169021606445,9.749292232096195,46.645112762227654
-19.26999806,993152,129,,3797,84.85,,11648,0.0005,0.0,248064,-4143.375152587891,9.843897767364979,45.216230710968375
-19.59211142,993472,129,,3800,85.6,,11652,0.0005,0.0,248128,-4160.634483337402,9.698603689670563,39.34175247699022
-16.470715560000002,993984,129,18.05745017631339,3804,84.89,18.588647766689743,11656,0.0005,0.0,248256,-4105.92138671875,9.610665939748287,34.87298630177975
-16.49959709,994464,129,,3808,84.46,,11660,0.0005,0.0,248384,-4128.815528869629,9.927871465682983,38.59829932264984
-16.332655570000004,994784,129,,3808,85.59,,11664,0.0005,0.0,248448,-4158.193607330322,9.924352332949638,39.637103447690606
-10.622701969999998,994976,129,,3811,85.08,,11668,0.0005,0.0,248512,-4132.314247131348,9.747563302516937,38.20608330145478
-7.65279924,995136,129,,3812,84.8,,11672,0.0005,0.0,248576,-4144.16911315918,9.48477602750063,38.4719842672348
-7.5401785100000005,995296,129,,3812,85.27,,11676,,,,,,
-2.14727354,995936,129,28.330079854390398,3819,86.19,25.14976850103734,11680,0.0005,0.0,248768,-4107.6642990112305,9.830088689923286,33.66312485933304
-1.7388583699999995,996384,129,,3823,86.16,,11684,0.0005,0.0,248896,-4173.669239044189,9.671755768358707,34.30429797805846
-1.46252813,996576,129,,3823,84.58,,11688,,,,,,
-1.8252319499999994,996896,129,,3827,83.65,,11692,0.0005,0.0,249024,-4177.99520111084,9.926463976502419,47.21705242432654
1.1439684699999997,997248,129,,3828,83.61,,11696,0.0005,0.0,249088,-4183.987537384033,9.970095105469227,35.77150068432093
0.7812466099999996,997792,129,10.273246790085322,3832,83.79,17.377253195993802,11700,0.0005,0.0,249216,-4200.022125244141,9.626330643892288,44.0650034788996
-0.8363742300000001,998240,129,,3836,83.55,,11704,0.0005,0.0,249344,-4246.462329864502,10.025269508361816,34.25788157247007
-4.791351280000001,998336,129,,3836,84.72,,11708,,,,,,
-5.5001603999999995,998528,129,,3839,86.93,,11712,0.0005,0.0,249408,-4114.857475280762,9.630289502441883,34.66302237845957
-1.9923550100000005,998784,129,,3839,86.78,,11716,0.0005,0.0,249472,-4096.080951690674,9.682109706103802,39.95214419439435
-3.085716089999999,999840,129,,3848,86.84,,11720,0.0005,0.0,249728,-4181.7412185668945,9.71706759929657,35.03835444897413
-5.922751829999998,1000000,129,17.135630600055123,3851,86.84,22.41685832704699,11724,0.0005,0.0,249792,-4155.933277130127,9.697715923190117,41.912871580570936
-6.306731129999998,1000128,129,,3851,85.79,,11728,,,,,,
-3.8034369,1000320,129,,3851,86.88,,11732,0.0005,0.0,249856,-4066.6911087036133,9.469426155090332,39.52868734486401
-2.3332579999999994,1000384,129,,3851,86.18,,11736,,,,,,
0.004523000000000828,1000608,1692,,0,85.99,,11740,0.0005,0.0,249920,-4061.222110748291,9.49952831119299,32.0029200874269
1.83137013,1000896,739,,0,86.38,,11744,0.0005,0.0,249984,-4131.900108337402,10.165837436914444,42.551149878650904
0.6473204800000013,1001440,209,,4,86.61,,11748,0.0005,0.0,250112,-4146.6667404174805,9.656362347304821,34.69407572969794
1.2276501000000006,1001888,167,18.95501808490554,8,85.21,22.13376284029607,11752,0.0005,0.0,250240,-4120.980075836182,9.720040835440159,35.40735258720815
1.2213552799999985,1002144,144,,11,85.75,,11756,0.0005,0.0,250304,-4125.817836761475,9.737733617424965,26.054697608575225
1.2185675199999988,1002816,148,,15,84.9,,11760,0.0005,0.0,250496,-4124.160690307617,9.802528992295265,29.549370877444744
-2.595615890000001,1002944,155,,16,83.42,,11764,,,,,,
-5.0567731899999995,1003296,145,,19,83.66,,11768,0.0005,0.0,250624,-4165.882400512695,9.720138907432556,34.10181915387511
-6.7654340600000005,1003840,142,,23,84.53,,11772,0.0005,0.0,250752,-4155.468170166016,9.624942511320114,38.276556288823485
-4.583298230000001,1004032,135,,26,84.51,,11776,,,,,,
-7.133150799999999,1004320,141,,27,83.88,,11780,0.0005,0.0,250880,-4212.63427734375,9.704408131539822,33.57533613778651
-7.838514640000004,1004832,137,,31,84.35,,11784,0.0005,0.0,251008,-4138.692081451416,9.826677829027176,31.272697277367115
-8.042250330000003,1005280,137,,35,85.46,,11788,0.0005,0.0,251072,-4136.194637298584,9.970812529325485,44.27194993570447
-10.79982268,1005888,141,8.366370391070557,38,87.06,17.580834634420913,11792,0.0005,0.0,251264,-4140.531101226807,9.717948257923126,40.74092526175082
-15.126531640000001,1006176,140,,40,86.43,,11796,0.0005,0.0,251328,-4174.562244415283,9.905627712607384,41.48697967454791
-11.311603450000002,1006560,147,,41,87.19,,11800,0.0005,0.0,251392,-4192.189868927002,10.12027882039547,42.029176814481616
-12.5881171,1007040,146,,44,88.93,,11804,0.0005,0.0,251520,-4088.2577018737793,9.991137459874153,34.73043403215706
-11.2151766,1007264,143,,47,88.62,,11808,0.0005,0.0,251584,-4185.647701263428,9.804496228694916,34.986015068367124
-15.44463228,1008192,139,,55,89.15,,11812,0.0005,0.0,251840,-4209.796699523926,9.853066258132458,38.30145794339478
-16.495523019999997,1008448,142,,56,90.47,,11816,0.0005,0.0,251904,-4299.152633666992,9.842779517173767,40.46707668341696
-15.544957709999998,1008704,139,,59,90.96,,11820,0.0005,0.0,251968,-4159.890815734863,9.745889000594616,41.43757299333811
-15.18636301,1009120,144,,60,91.49,,11824,0.0005,0.0,252032,-4095.5598373413086,9.673974439501762,33.20132658071816
-17.54191997,1009632,143,10.106010231931283,64,92.77,13.919884835779142,11828,0.0005,0.0,252160,-4152.029582977295,9.592640399932861,28.552876183763146
-17.60218177,1010144,142,,67,93.35,,11832,0.0005,0.0,252288,-4131.623893737793,9.556275688111782,29.714410642161965
-17.606782770000002,1010400,140,,70,93.77,,11836,0.0005,0.0,252352,-4220.567276000977,9.819541066884995,42.782955318689346
-22.316401020000004,1010912,140,,74,94.0,,11840,0.0005,0.0,252480,-4213.755168914795,9.54611924290657,32.38989385031164
-25.200606040000007,1011072,142,,74,95.48,,11844,0.0005,0.0,252544,-4158.682476043701,9.737249329686165,37.59267075918615
-23.343883760000008,1011488,140,,78,97.27,,11848,0.0005,0.0,252672,-4181.683296203613,9.738378748297691,28.486660173162818
-26.691880740000002,1011840,140,,81,98.53,,11852,0.0005,0.0,252736,-4278.376300811768,9.427920646965504,48.74445279687643
-26.693886670000005,1012096,142,,81,98.93,,11856,0.0005,0.0,252800,-4254.728912353516,9.622342996299267,29.096750263124704
-26.6246306,1012704,143,,85,99.47,,11860,0.0005,0.0,252928,-4222.816116333008,9.7144620642066,38.512716587632895
-24.406728260000005,1013024,140,,89,99.74,,11864,0.0005,0.0,253056,-4240.6563720703125,9.83418320864439,40.322270357981324
-26.84462869,1013504,140,,93,99.87,,11868,0.0005,0.0,253120,-4159.979564666748,9.633771628141403,36.895419577136636
-30.317292860000006,1013696,141,10.549954744531075,93,100.24,16.767056677622808,11872,0.0005,0.0,253184,-4170.95006942749,9.570401936769485,26.96584784053266
-32.07256453,1014368,137,,101,99.34,,11876,0.0005,0.0,253376,-4117.405815124512,9.668437108397484,35.01867703162134
-32.46896989,1014688,139,,101,99.53,,11880,0.0005,0.0,253440,-4244.4963722229,9.763036027550697,40.64879669249058
-32.02622275000001,1014848,136,,105,100.06,,11884,0.0005,0.0,253504,-4195.851402282715,9.852020800113678,32.564184909686446
-37.470279090000005,1015360,136,,109,100.19,,11888,0.0005,0.0,253632,-4201.650665283203,9.602691754698753,38.37497755326331
-37.73490762,1015648,137,,110,100.35,,11892,0.0005,0.0,253696,-4217.047218322754,9.753637492656708,35.341965017840266
-39.09736675,1016256,138,,114,101.29,,11896,0.0005,0.0,253824,-4178.6823081970215,9.704691000282764,32.682735823094845
-37.454012379999995,1016704,138,12.798105084988714,117,100.58,18.217705528076063,11900,0.0005,0.0,253952,-4274.187213897705,9.809803120791912,47.67848805710673
-34.581401840000005,1016960,136,,120,100.84,,11904,0.0005,0.0,254016,-4281.028465270996,9.741209514439106,49.862732661888
-32.014059849999995,1017472,136,,124,100.63,,11908,0.0005,0.0,254144,-4174.74959564209,9.914736360311508,31.92099809460342
-29.891330679999996,1017952,137,,127,99.49,,11912,0.0005,0.0,254272,-4220.707592010498,9.73221679776907,39.1846690941602
-38.09395565,1018176,138,,128,98.53,,11916,0.0005,0.0,254336,-4203.617221832275,9.647175900638103,44.271770771592855
-40.648490300000006,1018272,139,,128,97.69,,11920,,,,,,
-42.26767936,1018656,137,,132,99.12,,11924,0.0005,0.0,254464,-4155.164985656738,9.672673240303993,37.616171004250646
-38.963590520000004,1019360,139,,135,97.61,,11928,0.0005,0.0,254592,-4197.456649780273,9.518097773194313,29.67828573845327
-38.85462121999999,1019520,136,,139,97.97,,11932,0.0005,0.0,254656,-4236.351131439209,9.493302337825298,34.7745442353189
-38.860032319999995,1020160,138,,142,97.0,,11936,0.0005,0.0,254784,-4149.722751617432,9.501777276396751,31.951549189165235
-34.10635427,1020512,136,,146,97.37,,11940,0.0005,0.0,254912,-4170.0614013671875,9.649989940226078,38.26222464442253
-36.22513378,1021024,136,9.355481949361783,150,96.43,13.97835505986788,11944,0.0005,0.0,255040,-4170.983474731445,9.123536504805088,39.26924358680844
-35.48826289,1021536,136,,154,95.34,,11948,0.0005,0.0,255168,-4239.239490509033,9.411205060780048,37.59764891862869
-32.76256213,1021984,137,,157,95.3,,11952,0.0005,0.0,255296,-4214.938388824463,9.686580672860146,37.0152551420033
-35.124571519999996,1022272,138,,157,96.06,,11956,0.0005,0.0,255360,-4273.048545837402,9.54967961460352,45.25505343079567
-34.33360384,1022496,137,,160,96.8,,11960,0.0005,0.0,255424,-4275.460529327393,9.56718323379755,38.66622809320688
-36.423860940000004,1022752,138,10.634504781498027,161,96.73,16.149306661664074,11964,0.0005,0.0,255488,-4304.903106689453,9.502431467175484,36.645602967590094
-32.87940022,1023072,137,,164,97.84,,11968,0.0005,0.0,255552,-4217.388023376465,9.495991922914982,44.074374159798026
-30.275203039999994,1023456,139,,164,97.73,,11972,0.0005,0.0,255616,-4301.218845367432,9.778016716241837,48.2327317558229
-29.430455700000003,1023904,138,,168,98.59,,11976,0.0005,0.0,255744,-4288.0010986328125,9.710377596318722,29.464327504858375
-27.45165966,1024160,137,,173,98.98,,11980,0.0005,0.0,255808,-4278.7745361328125,9.754757285118103,24.82805593498051
-29.498659430000007,1024704,137,,175,98.02,,11984,0.0005,0.0,255936,-4230.505405426025,9.633828453719616,40.23463821597397
-30.029086419999995,1025184,137,,179,97.72,,11988,0.0005,0.0,256064,-4223.763431549072,9.7381741553545,41.108874171972275
-29.796419150000002,1025536,137,,182,96.77,,11992,0.0005,0.0,256128,-4307.67195892334,9.627689138054848,30.059326820075512
-24.806222369999997,1025824,138,14.614368149224548,183,96.98,20.500809075648643,11996,0.0005,0.0,256256,-4211.289653778076,9.437538757920265,40.39607500098646
-25.02297036,1026016,139,,183,96.47,,12000,,,,,,
-26.86352687,1026592,137,,190,95.61,,12004,0.0005,0.0,256448,-4290.448287963867,9.578150421380997,27.88594456203282
-27.173101589999998,1026848,138,,190,96.11,,12008,0.0005,0.0,256512,-4264.557910919189,9.71400573849678,30.74622619524598
-26.16513587,1027200,137,,195,97.27,,12012,0.0005,0.0,256576,-4231.5608558654785,9.747803568840027,35.05402321740985
-16.935096279999996,1027712,136,,199,96.72,,12016,0.0005,0.0,256704,-4312.951984405518,9.445811539888382,31.893619023263454
-18.707814400000004,1028064,137,,200,95.45,,12020,0.0005,0.0,256768,-4299.155475616455,9.670545175671577,37.27859175950289
-14.9341757,1028992,137,,207,93.7,,12024,0.0005,0.0,257024,-4218.14465713501,9.74574427306652,34.08306236192584
-15.69808075,1029248,137,,210,95.46,,12028,0.0005,0.0,257088,-4190.351844787598,9.559904366731644,31.871563497930765
-17.316722270000003,1029376,137,,210,96.29,,12032,,,,,,
-22.763187000000002,1030144,136,,217,97.8,,12036,0.0005,0.0,257280,-4283.128868103027,9.551462300121784,35.82796324044466
-24.172316329999994,1030272,136,8.838762883991812,218,98.19,14.344546316097578,12040,0.0005,0.0,257344,-4392.723274230957,9.830690875649452,51.13602317869663
-24.279061709999997,1030432,137,,218,98.12,,12044,0.0005,0.0,257408,-4288.148441314697,9.545215338468552,26.813727291300893
-24.165639650000003,1030944,136,,223,98.03,,12048,0.0005,0.0,257536,-4256.21496963501,9.727143824100494,38.61678131483495
-24.317770330000002,1031456,136,,227,98.35,,12052,0.0005,0.0,257664,-4257.643260955811,9.527428321540356,35.66085626371205
-26.41119216,1031584,136,,227,99.62,,12056,,,,,,
-27.710577960000002,1031712,135,,230,98.41,,12060,0.0005,0.0,257728,-4271.7617111206055,9.424090042710304,27.009177554398775
-25.450835410000003,1032384,136,,234,97.4,,12064,0.0005,0.0,257856,-4295.779491424561,9.412247493863106,30.737964743748307
-24.099756810000002,1032896,136,,238,96.62,,12068,0.0005,0.0,257984,-4314.315849304199,9.606364294886589,35.10427331365645
-21.63704741,1033376,135,,242,95.78,,12072,0.0005,0.0,258112,-4291.735816955566,9.19030000269413,37.49637025594711
-21.26527692,1033824,136,12.479726663930883,245,96.36,19.025163826001382,12076,0.0005,0.0,258240,-4342.847496032715,9.490534611046314,38.15775450319052
-22.492166659999995,1034048,136,,245,96.19,,12080,0.0005,0.0,258304,-4310.572017669678,9.510289832949638,31.31194357573986
-23.192644769999998,1034400,135,,249,95.76,,12084,0.0005,0.0,258368,-4273.862777709961,9.60557884722948,19.97942633740604
-20.104047230000003,1034624,136,,250,96.28,,12088,0.0005,0.0,258432,-4269.098808288574,9.400792799890041,41.21093484014273
-20.27387871,1034976,136,,253,97.23,,12092,0.0005,0.0,258496,-4300.192123413086,9.551756851375103,39.271824611350894
-22.405275659999997,1035168,136,,253,96.42,,12096,0.0005,0.0,258560,-4275.72261428833,9.837434515357018,32.55975277721882
-22.741130549999998,1035680,136,26.369921068734033,258,96.32,23.189956913577266,12100,0.0005,0.0,258688,-4314.899547576904,9.50996619462967,31.56300224736333
-22.588271029999998,1036128,136,,261,96.1,,12104,0.0005,0.0,258816,-4209.8169021606445,9.095984190702438,35.244792902842164
-22.275089570000006,1036448,135,,266,96.32,,12108,0.0005,0.0,258880,-4162.451084136963,9.5471708253026,44.909150425344706
-25.78906868,1037312,135,,273,94.78,,12112,0.0005,0.0,259072,-4288.097434997559,9.52257750928402,44.38917879015207
-25.947779269999998,1037632,135,,274,95.43,,12116,0.0005,0.0,259200,-4247.36604309082,9.261590495705605,29.247147044166923
-26.25656139,1038016,135,,277,96.37,,12120,0.0005,0.0,259264,-4226.488254547119,9.5925687327981,34.03177995607257
-25.98232679,1038336,135,,280,96.15,,12124,0.0005,0.0,259328,-4178.798439025879,9.54066775739193,43.68299575150013
-26.04879145,1038560,135,,281,94.95,,12128,0.0005,0.0,259392,-4242.724414825439,9.638192646205425,33.636212239041924
-29.51626415,1038976,135,,284,94.95,,12132,0.0005,0.0,259520,-4281.649166107178,9.738743849098682,39.52097780071199
-32.21739262,1039328,136,,285,94.25,,12136,0.0005,0.0,259584,-4243.20890045166,9.452148258686066,44.940892815589905
-34.24404094,1039744,136,,288,94.05,,12140,0.0005,0.0,259712,-4253.616859436035,9.365918785333633,29.720376282930374
-34.257260329999994,1040128,135,,292,95.22,,12144,0.0005,0.0,259776,-4283.621070861816,9.470244646072388,39.44340259581804
-35.14435183,1040224,135,,292,95.77,,12148,0.0005,0.0,259840,-4249.3400230407715,9.18345832824707,34.4001688323915
-37.03389791,1040640,135,7.9102201119588695,296,94.61,14.105154127314275,12152,0.0005,0.0,259904,-4191.984951019287,9.662858352065086,34.474482383579016
-35.470188949999994,1040928,134,,300,93.57,,12156,0.0005,0.0,260032,-4279.332836151123,9.347436897456646,40.03494814783335
-32.52097916,1041568,135,,303,94.09,,12160,0.0005,0.0,260160,-4280.272270202637,9.48952792584896,30.838860927149653
-35.63187003000001,1042112,135,,307,94.77,,12164,0.0005,0.0,260288,-4369.969093322754,9.740743793547153,33.437431478872895
-37.830953130000005,1042336,135,,308,93.98,,12168,0.0005,0.0,260352,-4376.317268371582,9.383289903402328,35.71160891838372
-37.56644512,1042848,135,17.39723106480567,312,94.33,21.037399643330993,12172,0.0005,0.0,260480,-4305.513721466064,9.546265684068203,41.15709741227329
-39.22609068,1043072,135,,315,94.58,,12176,0.0005,0.0,260544,-4245.5270347595215,9.515873901546001,41.732507733628154
-37.992008119999994,1043200,135,,315,94.41,,12180,,,,,,
-34.41602656999999,1043680,135,,319,94.51,,12184,0.0005,0.0,260672,-4307.909030914307,9.354498252272606,33.90502828825265
-31.52673922000001,1044256,135,,324,94.23,,12188,0.0005,0.0,260864,-4330.950881958008,9.54347113519907,46.252072809264064
-30.816406979999996,1044928,135,,327,93.21,,12192,0.0005,0.0,260992,-4282.803241729736,9.440398432314396,32.412233021110296
-30.126369330000003,1045312,135,,331,95.09,,12196,0.0005,0.0,261120,-4294.489551544189,9.33050025999546,45.03425166383386
-31.893165789999998,1045920,135,,335,96.44,,12200,0.0005,0.0,261248,-4232.82470703125,9.415300697088242,33.060571152716875
-34.843845400000006,1046464,135,7.4684956016304005,339,97.11,14.028273734225547,12204,0.0005,0.0,261376,-4263.258834838867,9.493170328438282,38.68738197721541
-39.02578376,1046848,135,,343,97.93,,12208,0.0005,0.0,261504,-4313.914398193359,9.39344348013401,32.28990665823221
-33.90380718,1047040,134,,346,97.36,,12212,,,,,,
-34.45701299,1047456,135,,346,98.62,,12216,0.0005,0.0,261632,-4235.537479400635,9.355589799582958,30.9427905716002
-35.245603,1047776,134,,350,99.63,,12220,0.0005,0.0,261696,-4369.167324066162,9.61033121496439,33.05288970656693
-35.780639459999996,1048096,134,,354,102.25,,12224,0.0005,0.0,261824,-4265.74552154541,9.171825550496578,30.893124748021364
-36.35403652,1048288,134,,354,102.78,,12228,,,,,,
-32.85577001,1048736,134,,358,100.39,,12232,0.0005,0.0,261952,-4298.879096984863,9.340239211916924,35.972509825602174
-28.100227860000004,1048992,135,,359,101.42,,12236,0.0005,0.0,262016,-4279.980178833008,9.231270290911198,39.107636054977775
-27.115247639999993,1049472,135,,362,100.1,,12240,0.0005,0.0,262144,-4301.715896606445,9.362015344202518,41.587324095889926
-24.17557191,1050272,134,,369,98.55,,12244,0.0005,0.0,262336,-4267.51086807251,9.394116647541523,33.87921897880733
-23.237237070000003,1050400,134,9.353655788027298,370,97.82,14.108345356717406,12248,0.0005,0.0,262400,-4263.1077880859375,9.281818486750126,32.11139141023159
-21.4380219,1050688,134,,373,99.11,,12252,0.0005,0.0,262464,-4311.610214233398,9.268270447850227,29.91262793727219
-21.81900723,1051008,135,,373,99.28,,12256,0.0005,0.0,262528,-4311.007556915283,9.230402886867523,34.41509404964745
-25.032393270000004,1051104,135,,373,99.5,,12260,,,,,,
-22.21303954,1051776,134,,380,99.71,,12264,0.0005,0.0,262720,-4324.116470336914,9.201200984418392,33.16879455558956
-22.61909476,1052096,135,,381,100.62,,12268,0.0005,0.0,262784,-4334.178497314453,9.685935363173485,35.364509956911206
-25.18474159,1052480,134,,385,99.59,,12272,0.0005,0.0,262912,-4328.660747528076,9.349759489297867,42.93367658369243
-21.853753570000002,1053088,135,,389,97.28,,12276,0.0005,0.0,263040,-4364.386688232422,9.47400951385498,36.02946262061596
-24.296975680000006,1053472,134,,393,97.68,,12280,0.0005,0.0,263168,-4268.760780334473,9.52476504445076,44.39291456900537
-27.99503601,1053920,134,10.673936301092171,396,97.87,15.913283939249807,12284,0.0005,0.0,263232,-4401.098114013672,9.681017808616161,47.95606403052807
-29.39656157,1054208,134,,399,99.37,,12288,0.0005,0.0,263296,-4362.243629455566,9.24584973603487,36.019218385219574
-32.923481560000006,1055008,134,,404,99.79,,12292,0.0005,0.0,263552,-4314.413051605225,9.353151567280293,41.03342999331653
-33.23018153,1055264,134,,407,98.76,,12296,0.0005,0.0,263616,-4378.829162597656,9.308887153863907,27.37075400725007
-31.75911691,1055456,134,,407,98.2,,12300,,,,,,
-32.61596396,1055904,134,9.131324914799146,410,99.31,17.88218450379279,12304,0.0005,0.0,263744,-4336.333999633789,9.35329781472683,31.941807674244046
-28.92264939,1056096,135,,411,99.01,,12308,0.0005,0.0,263808,-4334.152877807617,9.348389580845833,39.92669313400984
-29.35364910999999,1056384,135,,414,100.27,,12312,0.0005,0.0,263872,-4335.75212097168,9.332092523574829,43.8540531154722
-29.008405379999996,1056800,134,,418,98.48,,12316,0.0005,0.0,264000,-4407.536247253418,9.601440668106079,40.82864404655993
-24.98791225,1057376,134,,421,98.15,,12320,0.0005,0.0,264128,-4305.697319030762,9.170364610850811,33.258162470534444
-24.82183285999999,1057696,135,,422,95.49,,12324,0.0005,0.0,264192,-4273.431228637695,9.115831881761551,26.697707183659077
-23.399364959999993,1057984,135,,425,94.24,,12328,0.0005,0.0,264256,-4330.143505096436,9.312706150114536,39.593345515429974
-25.211242499999994,1058304,134,,428,94.52,,12332,0.0005,0.0,264320,-4277.820816040039,9.312614269554615,35.49621710181236
-22.981232799999997,1058496,135,16.302183061375754,429,94.75,21.175840791221336,12336,0.0005,0.0,264384,-4363.325370788574,9.164261482656002,43.32777459733188
-20.62714827,1058976,135,,433,95.55,,12340,0.0005,0.0,264512,-4280.837196350098,9.323504902422428,39.93640887364745
-23.696879039999995,1059968,135,,439,96.41,,12344,0.0005,0.0,264768,-4369.0018310546875,9.270451910793781,29.356060653924942
-22.12506142,1060384,135,,443,96.53,,12348,0.0005,0.0,264896,-4380.734260559082,9.10508020222187,40.96602673828602
-21.980670729999996,1060704,135,,444,96.32,,12352,0.0005,0.0,264960,-4289.489387512207,9.078341454267502,34.2094108145684
-24.695732799999995,1060928,135,,447,96.19,,12356,0.0005,0.0,265024,-4341.281555175781,9.269091129302979,35.1313646864146
-23.92018394,1061184,135,,448,95.75,,12360,0.0005,0.0,265088,-4352.406623840332,9.188686832785606,45.96288305334747
-26.18125076,1061536,135,11.054929453233667,451,95.73,17.239311636160018,12364,0.0005,0.0,265152,-4390.662284851074,9.265599392354488,29.103413378819823
-25.08542033,1061760,135,,451,96.42,,12368,0.0005,0.0,265216,-4335.911804199219,9.13613848388195,28.258431090041995
-22.97717078,1062016,135,,454,99.06,,12372,0.0005,0.0,265280,-4343.121971130371,9.22699373215437,39.75324631296098
-28.127821470000004,1063200,135,,462,100.07,,12376,0.0005,0.0,265600,-4353.3000564575195,9.182654894888401,30.842292526736856
-24.373351330000006,1063744,135,,466,98.77,,12380,0.0005,0.0,265728,-4381.27799987793,9.437367267906666,41.70606184378266
-22.154827890000007,1063872,135,,466,99.61,,12384,,,,,,
-22.27120489,1064224,135,13.906255628179782,470,99.8,18.743871846474043,12388,0.0005,0.0,265856,-4409.96524810791,9.623566441237926,46.27211542241275
-19.10166404000001,1064608,135,,474,99.19,,12392,0.0005,0.0,265920,-4368.132949829102,8.879254899919033,31.61880363151431
-18.201164640000005,1064768,135,,474,99.91,,12396,0.0005,0.0,265984,-4374.854713439941,9.148521818220615,36.205138036981225
-20.502105150000006,1065088,135,,478,100.3,,12400,0.0005,0.0,266048,-4367.577079772949,9.391438268125057,38.663001326844096
-17.230590870000004,1065536,134,,482,98.99,,12404,0.0005,0.0,266176,-4419.275764465332,9.37507962435484,39.16274554654956
-19.802288259999997,1065920,135,,483,99.06,,12408,0.0005,0.0,266240,-4408.329177856445,9.153531849384308,37.00728703662753
-19.92980253,1066496,134,,490,98.21,,12412,0.0005,0.0,266368,-4388.750900268555,9.081504628062248,40.42366734519601
-18.09014486,1067136,135,,493,97.45,,12416,0.0005,0.0,266560,-4345.359039306641,9.296725682914257,36.845862003043294
-17.67974883,1067392,135,,494,97.27,,12420,0.0005,0.0,266624,-4347.614372253418,9.166479930281639,30.13582485727966
-19.87122845,1067680,135,13.564197985320064,496,97.61,18.205329333988413,12424,0.0005,0.0,266688,-4408.10026550293,9.239391848444939,37.140217401087284
-18.55141185,1067904,135,,497,98.39,,12428,0.0005,0.0,266752,-4396.723426818848,9.266791075468063,40.23189424723387
-16.997545959999997,1068064,135,,500,98.26,,12432,0.0005,0.0,266816,-4410.110778808594,9.409088030457497,43.254524152725935
-17.8817786,1068256,135,,500,98.35,,12436,,,,,,
-20.58871155,1068576,134,,504,99.4,,12440,0.0005,0.0,266944,-4401.568222045898,9.065521284937859,25.122864054515958
-22.90206166,1069280,135,10.149752579241596,508,98.75,19.505535262253293,12444,0.0005,0.0,267072,-4425.493614196777,9.100744761526585,36.93604074046016
-26.971812109999995,1069728,135,,512,96.84,,12448,0.0005,0.0,267200,-4427.450881958008,8.890315547585487,39.15440760552883
-26.91451568,1069984,135,,512,96.79,,12452,0.0005,0.0,267264,-4326.930458068848,9.145245745778084,28.062663063406944
-23.86538461,1070368,135,,516,96.44,,12456,0.0005,0.0,267392,-4354.644577026367,9.172510676085949,28.115449072793126
-24.09805312,1070720,134,,520,96.27,,12460,0.0005,0.0,267456,-4372.259567260742,9.49102657288313,39.42132133990526
-24.005114879999994,1070880,135,,521,96.26,,12464,0.0005,0.0,267520,-4432.811218261719,9.373072534799576,37.03601296246052
-22.648732560000003,1071424,135,,525,95.02,,12468,0.0005,0.0,267648,-4476.633918762207,9.280422426760197,31.561168180778623
-22.529356949999997,1072096,135,14.321691080769002,529,94.18,21.397825365688803,12472,0.0005,0.0,267776,-4364.589202880859,8.897104874253273,32.38615055009723
-22.17950197,1072576,135,,533,93.44,,12476,0.0005,0.0,267904,-4455.352378845215,9.056173160672188,33.17249626107514
-22.99457442,1072928,135,,536,95.21,,12480,0.0005,0.0,268032,-4365.173484802246,9.105219885706902,30.598584797233343
-26.1409316,1073216,134,,539,95.11,,12484,0.0005,0.0,268096,-4438.81884765625,9.203390531241894,56.12143348902464
-27.54376175999999,1073760,134,26.749070019909865,543,95.17,22.998805779259314,12488,0.0005,0.0,268224,-4399.17463684082,8.933826819062233,37.96692202985287
-27.76488033999999,1074112,135,,544,94.79,,12492,0.0005,0.0,268288,-4423.752403259277,9.045497380197048,31.476334024220705
-29.392450039999993,1074464,134,,548,94.19,,12496,0.0005,0.0,268416,-4348.047271728516,9.024862214922905,32.11315753310919
-28.171449009999996,1074752,134,,551,92.96,,12500,0.0005,0.0,268480,-4465.511642456055,9.270632475614548,25.320905616506934
-25.904149730000004,1075040,135,,552,95.07,,12504,0.0005,0.0,268544,-4386.622611999512,9.299147233366966,26.563571667298675
-27.80403836,1075488,134,,556,94.19,,12508,0.0005,0.0,268672,-4407.442497253418,9.26512985676527,36.42976690083742
-29.270030029999997,1076160,135,,559,95.81,,12512,0.0005,0.0,268800,-4385.849143981934,9.1309894323349,37.01450315117836
-31.25298137999999,1076512,134,16.27424355689937,564,95.11,19.95998081022534,12516,0.0005,0.0,268928,-4355.093479156494,8.90404774993658,42.2725227419287
-36.05526777,1076992,134,,567,95.38,,12520,0.0005,0.0,268992,-4461.026023864746,9.214863926172256,39.58456824161112
-33.84691921,1077216,135,,567,96.15,,12524,0.0005,0.0,269056,-4497.612594604492,9.358654223382473,32.71091805770993
-35.32806668999999,1077728,135,,571,96.49,,12528,0.0005,0.0,269184,-4394.650482177734,9.2031269967556,38.62382475659251
-33.81341641,1078048,134,,575,96.71,,12532,0.0005,0.0,269312,-4397.018707275391,9.031423345208168,43.684228183701634
-36.31548951,1078400,134,,579,97.42,,12536,0.0005,0.0,269376,-4377.426460266113,9.195317812263966,34.91503188200295
-38.593696,1078688,134,,580,95.25,,12540,0.0005,0.0,269440,-4381.74161529541,9.233696356415749,37.65670751966536
-33.74144868,1078976,134,,583,95.17,,12544,0.0005,0.0,269504,-4339.3997802734375,9.116476528346539,38.60850421153009
-31.53565287,1079168,134,,583,97.18,,12548,0.0005,0.0,269568,-4370.197563171387,9.140723243355751,39.290484787896276
-31.38954683,1080000,134,14.089527269398102,590,98.08,19.773179703980677,12552,0.0005,0.0,269760,-4450.26774597168,9.00826870650053,38.605905055999756
-29.11109042,1080352,134,,594,97.75,,12556,0.0005,0.0,269888,-4445.1397705078125,9.050378300249577,34.18966808542609
-26.56983486000001,1080448,134,,594,98.54,,12560,,,,,,
-23.867388260000006,1080768,135,,594,97.4,,12564,0.0005,0.0,269952,-4460.175640106201,9.262606739997864,44.46604013442993
-23.893785340000004,1081408,134,,601,99.4,,12568,0.0005,0.0,270144,-4451.370681762695,8.828624323010445,23.165328949689865
-24.695256410000002,1081696,134,21.932050020646503,602,97.91,21.06795595436852,12572,0.0005,0.0,270208,-4399.6419677734375,8.89521685987711,29.23502486757934
-22.252560480000007,1082112,134,,606,97.54,,12576,0.0005,0.0,270272,-4370.732765197754,9.071998320519924,36.74559308215976
-22.434916279999996,1082240,134,,606,97.85,,12580,0.0005,0.0,270336,-4468.322509765625,9.217562168836594,28.070240708068013
-19.062243890000005,1082592,134,,610,97.45,,12584,0.0005,0.0,270400,-4396.364303588867,8.981651328504086,29.238568164408207
-20.63246505,1083296,134,,615,97.59,,12588,0.0005,0.0,270592,-4446.749839782715,9.389104217290878,28.759911930188537
-17.458845150000002,1083584,134,,618,96.98,,12592,0.0005,0.0,270656,-4372.759651184082,8.806407995522022,35.76553677581251
-14.462267830000004,1084128,134,,621,96.85,,12596,0.0005,0.0,270784,-4456.336067199707,9.17870631814003,51.078729417175055
-13.883447600000002,1084352,134,,622,97.56,,12600,0.0005,0.0,270848,-4456.55281829834,9.307203568518162,45.69054594449699
-13.38692001,1084640,134,,625,95.43,,12604,0.0005,0.0,270912,-4417.616394042969,9.073439933359623,34.31668269820511
-9.239970260000002,1084864,134,13.748685276283185,625,95.27,17.552674927702377,12608,0.0005,0.0,270976,-4430.436065673828,9.187875248491764,36.54300842061639
-9.902277430000002,1085440,134,,631,93.55,,12612,0.0005,0.0,271104,-4499.810111999512,8.72649221867323,40.60553087294102
-8.34339074,1085952,134,,635,95.32,,12616,0.0005,0.0,271232,-4503.165100097656,9.010536581277847,30.344287431798875
-6.0056004100000004,1086272,134,,636,94.48,,12620,0.0005,0.0,271360,-4461.299247741699,8.899795174598694,47.70592605136335
-6.102718769999998,1086720,134,,640,94.75,,12624,0.0005,0.0,271424,-4431.462799072266,9.281994432210922,29.016350219026208
-6.25178067,1087264,134,,644,94.62,,12628,0.0005,0.0,271616,-4436.821144104004,8.92527199536562,25.947700444608927
-5.881451049999998,1087456,134,14.428583287196387,644,93.38,20.302806498181273,12632,,,,,,
-3.607045389999998,1087744,134,,648,93.43,,12636,0.0005,0.0,271680,-4446.303405761719,9.318847686052322,41.68516079708934
-1.1082886000000007,1088032,134,,651,93.83,,12640,0.0005,0.0,271808,-4462.688377380371,9.227202251553535,41.68014385551214
-1.1550174600000007,1088256,134,,651,95.97,,12644,,,,,,
-1.454261119999999,1088736,134,,655,95.96,,12648,0.0005,0.0,271936,-4467.499923706055,9.212557040154934,29.98774958215654
-4.981175609999998,1089280,134,,658,95.01,,12652,0.0005,0.0,272064,-4389.037994384766,9.063716970384121,30.385012628510594
-4.72344841,1089728,134,,662,94.44,,12656,0.0005,0.0,272192,-4430.458892822266,9.113376006484032,29.455068469047546
-4.16587242,1090144,134,,667,93.9,,12660,0.0005,0.0,272320,-4490.3885498046875,9.18768135458231,52.89118304103613
-4.67649325,1090816,134,,670,95.85,,12664,0.0005,0.0,272448,-4394.20906829834,9.179698579013348,32.58692604675889
-9.64346628,1090976,134,,671,93.83,,12668,0.0005,0.0,272512,-4412.851913452148,9.05504222214222,34.116050120443106
-8.698451849999998,1091136,134,10.047693547130542,674,94.63,17.363597012797957,12672,0.0005,0.0,272576,-4398.959022521973,8.941476739943027,28.80500853806734
-8.60029029,1091456,134,,675,96.17,,12676,0.0005,0.0,272640,-4416.92911529541,9.123834691941738,41.00005176477134
-11.840637869999998,1091680,134,,678,96.2,,12680,0.0005,0.0,272704,-4417.245429992676,8.82889498770237,31.682395143434405
-11.831888639999999,1092192,134,,681,95.4,,12684,0.0005,0.0,272832,-4479.860298156738,9.335828371345997,46.0949780754745
-10.006661399999999,1092736,134,,685,94.45,,12688,0.0005,0.0,272960,-4450.801025390625,9.138894215226173,41.37514927238226
-12.838679969999998,1093056,135,,685,95.51,,12692,0.0005,0.0,273024,-4484.973861694336,8.807731814682484,30.072178276255727
-12.789051999999996,1093280,134,,689,94.84,,12696,0.0005,0.0,273088,-4458.863090515137,9.066689737141132,33.731871638447046
-11.319598939999997,1093856,134,,693,93.86,,12700,0.0005,0.0,273216,-4384.880905151367,9.103453047573566,27.885384695604444
-14.58548948,1094624,135,10.814094687816887,696,93.66,15.827045503785206,12704,0.0005,0.0,273408,-4425.614906311035,9.066822588443756,38.98747995868325
-14.65774981,1094944,135,,698,94.12,,12708,0.0005,0.0,273536,-4485.402374267578,8.896805629134178,30.06927054002881
-12.048244480000001,1095136,135,,699,94.25,,12712,,,,,,
-14.3012469,1095392,135,,702,94.14,,12716,0.0005,0.0,273600,-4396.001224517822,8.959571182727814,26.687402475625277
-13.052694840000001,1095520,135,,702,95.78,,12720,0.0005,0.0,273664,-4511.093635559082,9.13660929352045,49.40621270239353
-13.0187903,1096032,135,,705,96.34,,12724,0.0005,0.0,273792,-4459.241104125977,8.939048208296299,35.14321227744222
-11.06534784,1096448,135,,709,95.98,,12728,0.0005,0.0,273856,-4448.149124145508,9.257487632334232,34.526566905900836
-13.46904364,1097120,135,,713,96.35,,12732,0.0005,0.0,274048,-4534.993667602539,8.848959788680077,27.1835707873106
-15.96861251,1097216,135,,716,95.59,,12736,,,,,,
-15.64851509,1097472,135,9.9339518837658,716,94.96,17.397195047089532,12740,0.0005,0.0,274112,-4526.743110656738,8.953515626490116,25.921183370053768
-17.01002035,1097856,135,,719,95.06,,12744,0.0005,0.0,274240,-4422.28889465332,9.098372034728527,27.334539426490664
-16.846789120000004,1098336,135,,723,94.74,,12748,0.0005,0.0,274368,-4551.888023376465,9.308814257383347,52.92034203931689
-16.02049106,1098560,135,,723,94.66,,12752,0.0005,0.0,274432,-4488.063194274902,9.138038419187069,31.70157339423895
-16.634883050000003,1098880,135,,727,95.85,,12756,0.0005,0.0,274496,-4583.091705322266,8.92524866759777,39.62154356949031
-16.83486195,1099040,135,,727,95.53,,12760,0.0005,0.0,274560,-4548.563125610352,9.024821102619171,28.249381801113486
-16.161211749999996,1099392,135,21.621138994290437,730,93.34,21.080047862468476,12764,0.0005,0.0,274624,-4533.378715515137,8.918194375932217,33.619469257071614
-12.904621720000005,1099840,135,,733,91.67,,12768,0.0005,0.0,274752,-4476.864456176758,9.013963595032692,37.49252433143556
-15.562375450000005,1100000,135,,733,92.39,,12772,,,,,,
-14.282391160000001,1100512,135,,738,91.18,,12776,0.0005,0.0,274880,-4548.008720397949,9.083652071654797,33.766236094757915
-11.5708833,1101088,135,,742,90.43,,12780,0.0005,0.0,275072,-4525.641883850098,9.162524566054344,38.65923045389354
-15.650388420000002,1101344,135,,746,89.67,,12784,0.0005,0.0,275136,-4532.081573486328,9.362623862922192,31.128180185332894
-13.63492603,1101664,135,,746,90.46,,12788,0.0005,0.0,275200,-4515.1872482299805,9.025433488190174,35.279017727822065
-11.528360550000002,1102080,135,14.487394195656762,749,89.7,18.153447862547473,12792,0.0005,0.0,275264,-4524.940139770508,8.944577880203724,23.26658260077238
-15.07420722,1102368,135,,753,90.22,,12796,0.0005,0.0,275392,-4505.306526184082,9.191528208553791,36.987998597323895
-15.149218159999997,1102912,135,,757,90.91,,12800,0.0005,0.0,275520,-4477.430572509766,9.330210529267788,48.964915595948696
-12.368273779999997,1103136,135,,758,92.37,,12804,0.0005,0.0,275584,-4512.573768615723,8.768661841750145,46.14925312437117
-11.764388720000001,1103584,135,,762,91.85,,12808,0.0005,0.0,275648,-4517.917419433594,8.929117612540722,33.21384410560131
-16.77359301,1103872,135,,765,92.15,,12812,0.0005,0.0,275712,-4568.3520431518555,8.850437991321087,30.781350256875157
-13.136879459999998,1104160,135,,766,91.23,,12816,0.0005,0.0,275840,-4632.671936035156,9.390273340046406,45.501328241080046
-12.898321450000003,1104768,135,,770,90.31,,12820,0.0005,0.0,275968,-4507.242454528809,9.112478271126747,42.22933189198375
-13.276803640000002,1105280,135,,774,89.85,,12824,0.0005,0.0,276096,-4553.880599975586,8.889720097184181,26.533460726961493
-13.312403280000002,1105440,135,11.196359956753058,777,90.1,17.284986725963222,12828,0.0005,0.0,276160,-4638.622611999512,9.26509702950716,52.54664001055062
-10.745126510000002,1105664,135,,777,89.38,,12832,,,,,,
-10.448891880000001,1105856,135,,777,89.1,,12836,0.0005,0.0,276224,-4455.151275634766,8.80008590221405,35.81113097630441
-8.27219209,1106304,135,,781,90.09,,12840,0.0005,0.0,276352,-4464.656539916992,8.901338651776314,21.077514654025435
-8.32138995,1107104,135,,787,89.88,,12844,0.0005,0.0,276544,-4583.321960449219,8.838752143085003,45.07099316455424
-5.28365099,1107296,135,,788,88.72,,12848,0.0005,0.0,276608,-4547.062072753906,9.189612478017807,29.1319330483675
-2.364903160000001,1107936,135,,791,88.78,,12852,0.0005,0.0,276736,-4575.476623535156,8.966009564697742,37.837836222723126
-2.3632345199999993,1108352,135,14.370994074884345,796,88.68,19.039765072978113,12856,0.0005,0.0,276864,-4577.542778015137,8.899162754416466,30.490519979968667
-5.172976149999998,1108512,135,,799,90.44,,12860,0.0005,0.0,276928,-4628.7783203125,9.018981836736202,28.726638086140156
-7.570051939999998,1108832,135,,800,90.54,,12864,0.0005,0.0,276992,-4578.4827880859375,9.091642037034035,38.43769860640168
-11.477774530000001,1109440,135,,805,92.17,,12868,0.0005,0.0,277120,-4551.939552307129,9.002694107592106,23.798307543620467
-11.83265738,1109664,135,,808,92.34,,12872,0.0005,0.0,277184,-4560.971611022949,9.10632698237896,23.725345300510526
-12.762755400000001,1110048,134,,812,93.61,,12876,0.0005,0.0,277312,-4578.951438903809,8.9115951359272,48.64887593127787
-9.38102479,1110784,135,,815,94.7,,12880,0.0005,0.0,277440,-4668.735313415527,8.890176124870777,36.65101304091513
-11.17751303,1110912,135,,816,95.3,,12884,0.0005,0.0,277504,-4678.458030700684,9.104280441999435,32.006678922101855
-11.22857427,1111424,135,,820,95.52,,12888,0.0005,0.0,277632,-4583.790283203125,9.181158937513828,30.562997292727232
-13.502515559999997,1111712,135,10.655688964191981,823,95.9,17.49039671679206,12892,0.0005,0.0,277696,-4576.30598449707,8.738273613154888,19.960144201293588
-10.056132919999996,1112064,134,,827,96.37,,12896,0.0005,0.0,277760,-4651.771812438965,8.905235670506954,34.44897280819714
-13.01772668,1112256,135,,827,95.78,,12900,0.0005,0.0,277824,-4565.252510070801,8.74602198600769,26.122057171538472
-12.62009473,1112864,135,,830,94.87,,12904,0.0005,0.0,278016,-4525.9288330078125,9.001010313630104,34.86457852087915
-12.529586550000003,1113248,135,,833,95.81,,12908,0.0005,0.0,278080,-4533.863227844238,9.014089427888393,46.23684925958514
-7.65739742,1113760,135,,838,95.68,,12912,0.0005,0.0,278208,-4561.859161376953,9.28594109416008,32.440951339900494
-7.823962430000003,1114208,135,17.441189290464134,842,95.54,20.36700340030368,12916,0.0005,0.0,278336,-4584.835174560547,8.825215056538582,41.052327839657664
-8.97631292,1114464,135,,842,96.02,,12920,0.0005,0.0,278400,-4519.556022644043,9.004989005625248,35.02053980343044
-10.983746020000002,1114816,135,,846,96.05,,12924,0.0005,0.0,278464,-4638.632263183594,8.986721470952034,30.44615957699716
-10.51877974,1115168,134,,849,96.14,,12928,0.0005,0.0,278592,-4526.777183532715,9.047667905688286,31.21446878835559
-12.166800400000001,1115616,135,,850,96.88,,12932,0.0005,0.0,278656,-4527.523139953613,9.228386878967285,47.97510803118348
-12.621593910000003,1116000,135,,854,98.42,,12936,0.0005,0.0,278784,-4604.385719299316,8.951180011034012,36.443974152207375
-16.54668489,1116416,135,,858,99.05,,12940,0.0005,0.0,278848,-4483.917449951172,8.780140034854412,27.931154875084758
-16.008233710000003,1116768,134,,862,98.26,,12944,0.0005,0.0,278976,-4493.942237854004,8.80386234074831,35.22395998053253
-19.501799759999997,1117056,135,,862,98.59,,12948,0.0005,0.0,279040,-4530.796203613281,8.69299165904522,40.19476690329611
-19.60644432,1117664,135,,866,98.64,,12952,0.0005,0.0,279168,-4562.3316650390625,8.893036015331745,41.40417503379285
-23.69919864,1118144,135,,870,97.91,,12956,0.0005,0.0,279296,-4528.414344787598,9.095422118902206,39.1250763181597
-20.92187354,1118272,134,,873,97.41,,12960,0.0005,0.0,279360,-4500.21427154541,8.837652154266834,38.08181270211935
-19.56317846,1118496,135,9.242547014871358,873,98.32,15.866250375124288,12964,0.0005,0.0,279424,-4581.897911071777,9.37469994276762,40.138573691248894
-17.28636941,1118944,135,,876,99.46,,12968,0.0005,0.0,279488,-4553.895408630371,8.859224043786526,36.021464586257935
-10.720480469999998,1119456,135,,881,98.65,,12972,0.0005,0.0,279616,-4545.345275878906,9.099179282784462,43.45502561330795
-10.18608185,1119936,135,,884,98.54,,12976,0.0005,0.0,279744,-4572.206413269043,8.726813666522503,26.924965418875217
-12.673470850000003,1120096,135,,885,97.98,,12980,0.0005,0.0,279808,-4645.740669250488,9.064123429358006,28.400356037542224
-10.913545640000002,1120256,134,,887,96.86,,12984,,,,,,
-8.26475754,1120576,135,,889,95.72,,12988,0.0005,0.0,279936,-4617.545028686523,8.769567675888538,33.54493219405413
-5.3388848,1121024,135,,892,95.44,,12992,0.0005,0.0,280000,-4678.157920837402,9.017818093299866,28.64102888479829
-5.31336867,1121632,135,,896,94.73,,12996,0.0005,0.0,280192,-4587.563789367676,8.669435121119022,27.757821014150977
-2.042090029999999,1121952,135,,899,93.85,,13000,0.0005,0.0,280256,-4638.454986572266,9.054929360747337,32.5231028534472
-2.5135789299999987,1122464,134,,904,94.53,,13004,0.0005,0.0,280384,-4585.946334838867,8.600208148360252,26.05096972361207
-6.1756214,1122720,135,10.501836225201709,904,94.07,16.32557399626588,13008,0.0005,0.0,280448,-4607.3571853637695,8.879436232149601,28.43775280751288
-12.355832369999998,1123008,135,,907,95.13,,13012,0.0005,0.0,280512,-4615.667533874512,8.86624576151371,36.34839834831655
-12.653877699999999,1123456,135,,911,95.76,,13016,0.0005,0.0,280640,-4569.817832946777,8.66521281003952,33.259915076196194
-12.01880423,1124128,135,,915,95.38,,13020,0.0005,0.0,280832,-4594.956672668457,8.738912880420685,33.86755971238017
-10.477272220000001,1124544,135,,917,94.56,,13024,0.0005,0.0,280896,-4666.982025146484,8.943312756717205,45.79235387034714
-12.846520739999999,1124672,135,,918,94.37,,13028,0.0005,0.0,280960,-4697.254302978516,8.982267946004868,38.635252226144075
-11.92539578,1125088,135,,921,95.25,,13032,0.0005,0.0,281024,-4663.642860412598,8.457191482186317,35.27461430802941
-9.41382507,1125536,135,,925,94.6,,13036,0.0005,0.0,281152,-4668.646934509277,8.939997971057892,35.12370445393026
-5.485803299999999,1125664,135,,925,94.03,,13040,0.0005,0.0,281216,-4657.062454223633,8.910550497472286,47.21110938116908
-4.5274092,1126016,135,,928,94.37,,13044,0.0005,0.0,281280,-4635.869422912598,9.162666119635105,34.26848357357085
-2.4727403800000016,1126176,135,,929,94.33,,13048,0.0005,0.0,281344,-4604.614044189453,8.611217968165874,31.749895967543125
-2.366397480000001,1126368,135,11.883342102815888,929,94.31,18.3765521212177,13052,,,,,,
-4.363506800000001,1126976,135,,935,93.3,,13056,0.0005,0.0,281536,-4603.084762573242,8.918263033032417,25.80267933383584
-4.840549210000001,1127616,135,,940,93.04,,13060,0.0005,0.0,281664,-4601.058441162109,8.895699299871922,29.220335371792316
-6.293307630000002,1128160,135,,943,91.93,,13064,0.0005,0.0,281792,-4638.9499588012695,8.96916700154543,32.7439934425056
-6.244175100000001,1128352,135,,944,91.1,,13068,0.0005,0.0,281856,-4682.219650268555,8.623323068022728,42.69673424214125
-9.56063924,1128672,135,,947,91.55,,13072,0.0005,0.0,281920,-4583.821388244629,8.963587917387486,31.84784460812807
-12.0343163,1129056,135,7.797097146929039,950,91.18,16.213014974920913,13076,0.0005,0.0,282048,-4643.079856872559,8.879804939031601,24.951624363660812
-11.488790890000002,1129472,135,,953,91.12,,13080,0.0005,0.0,282112,-4608.715110778809,8.970258980989456,28.357445614412427
-20.86844454,1129760,135,,954,92.27,,13084,0.0005,0.0,282240,-4658.273292541504,8.967999510467052,45.67249399609864
-21.083459320000003,1129888,135,,954,93.3,,13088,,,,,,
-20.644161250000003,1130272,135,,958,92.45,,13092,0.0005,0.0,282368,-4693.3574295043945,8.778735563158989,38.78753825649619
-20.449685810000005,1130432,135,,958,91.7,,13096,,,,,,
-21.970714750000006,1131136,135,,966,93.47,,13100,0.0005,0.0,282560,-4649.303077697754,9.053910821676254,25.314877692610025
-22.38520869,1132064,135,,973,92.28,,13104,0.0005,0.0,282816,-4653.618476867676,8.791362270712852,20.857710419222713
-25.774556290000007,1132416,135,,974,91.71,,13108,0.0005,0.0,282880,-4687.650825500488,9.16153221577406,41.41813122853637
-17.56997924,1132512,135,,974,92.05,,13112,,,,,,
-18.53617843,1132960,135,,977,91.77,,13116,0.0005,0.0,283008,-4695.416297912598,8.946049720048904,38.10923128016293
-19.244747909999997,1133216,135,,981,93.23,,13120,0.0005,0.0,283072,-4623.344459533691,9.19700202345848,41.80236338078976
-23.039196070000003,1133408,135,10.252592677874913,982,93.56,16.010014231360277,13124,0.0005,0.0,283136,-4600.928535461426,8.97021021693945,41.266197791323066
-19.54575087,1133792,135,,985,93.13,,13128,0.0005,0.0,283200,-4635.150604248047,8.829571232199669,33.881435465067625
-19.654383209999995,1134048,135,,985,93.48,,13132,0.0005,0.0,283264,-4597.582618713379,9.026225738227367,38.52123755402863
-22.83293184,1134688,135,,993,92.96,,13136,0.0005,0.0,283456,-4639.559669494629,8.905536249279976,36.51426467858255
-22.92442296,1135264,135,,996,91.86,,13140,0.0005,0.0,283584,-4629.323822021484,8.87138083577156,36.75812274962664
-30.254034509999997,1135488,135,,997,90.23,,13144,0.0005,0.0,283648,-4625.5546951293945,9.160977870225906,28.328790655359626
-30.68862154,1135584,135,,997,90.25,,13148,,,,,,
-28.430080750000002,1136352,135,,1003,90.93,,13152,0.0005,0.0,283840,-4718.503875732422,8.936506569385529,47.36790416203439
-25.048702210000005,1136480,135,12.700473759183632,1003,93.3,17.282356198790755,13156,0.0005,0.0,283904,-4697.594383239746,8.875702947378159,24.55472427420318
-27.157807650000006,1136704,135,,1007,93.68,,13160,0.0005,0.0,283968,-4662.052307128906,8.79027409106493,28.2836795989424
-27.169841510000005,1137024,135,,1008,94.32,,13164,0.0005,0.0,284032,-4588.502540588379,8.807193383574486,30.515644976869226
-28.580616940000006,1137760,135,,1016,95.35,,13168,0.0005,0.0,284224,-4586.377151489258,8.989730201661587,39.44547250494361
-27.96121024,1138144,135,,1016,94.51,,13172,0.0005,0.0,284288,-4621.817687988281,8.987331345677376,29.017277332022786
-25.432699140000004,1138400,135,,1019,94.66,,13176,0.0005,0.0,284352,-4607.543724060059,8.89491719007492,45.83301757648587
-24.68370784,1138784,135,,1024,94.48,,13180,0.0005,0.0,284480,-4475.584075927734,8.850618280470371,29.30219384469092
-20.005215089999997,1139328,135,,1027,93.39,,13184,0.0005,0.0,284608,-4685.222351074219,9.014149390161037,35.6024328134954
-15.849772920000003,1139552,135,14.569787912480328,1028,93.67,19.72842546436562,13188,0.0005,0.0,284672,-4678.834663391113,8.702612422406673,39.311687745153904
-17.596228710000002,1139936,135,,1031,94.68,,13192,0.0005,0.0,284736,-4625.930633544922,8.707065150141716,38.132650047540665
-17.82433824,1140448,135,,1035,96.13,,13196,0.0005,0.0,284864,-4655.350051879883,8.738605968654156,27.829556711018085
-17.60109866,1141024,135,27.084288712342882,1039,96.33,22.749110976375327,13200,0.0005,0.0,285056,-4736.736022949219,8.652747854590416,42.240970300510526
-17.408944190000003,1141248,135,,1042,97.31,,13204,,,,,,
-12.952795400000003,1141344,135,,1042,97.39,,13208,0.0005,0.0,285120,-4745.174743652344,8.804654836654663,33.384916089475155
-13.190600060000001,1141984,135,,1046,96.26,,13212,0.0005,0.0,285248,-4689.226463317871,8.60262181609869,35.178960813209414
-13.21216615,1142432,135,,1050,96.31,,13216,0.0005,0.0,285376,-4733.826622009277,9.539098039269447,33.04697857424617
-14.537357619999998,1142784,135,,1053,95.29,,13220,0.0005,0.0,285440,-4704.122665405273,8.873675115406513,32.01734532415867
-10.500565880000002,1143040,135,,1054,94.12,,13224,0.0005,0.0,285504,-4715.491111755371,8.860358901321888,32.91289174929261
-10.38429589,1143392,135,,1058,93.67,,13228,0.0005,0.0,285632,-4785.435234069824,8.998536810278893,27.00438890233636
-14.73899194,1143616,135,,1058,92.74,,13232,0.0005,0.0,285696,-4792.343795776367,8.973169401288033,28.39552261121571
-11.908733729999996,1144000,135,,1061,93.04,,13236,0.0005,0.0,285760,-4748.7478103637695,8.751146912574768,23.14365467429161
-12.304807489999998,1144512,135,,1065,94.83,,13240,0.0005,0.0,285888,-4656.52995300293,8.798550069332123,30.51938348636031
-7.0982064099999995,1145024,135,,1069,95.13,,13244,0.0005,0.0,286016,-4734.714210510254,9.019151717424393,43.57144102267921
-3.9211249299999995,1145344,135,8.743077601744123,1072,96.5,15.078516273420144,13248,0.0005,0.0,286080,-4735.97371673584,8.862453676760197,29.651703037321568
-3.5398489400000024,1145856,134,,1077,95.51,,13252,0.0005,0.0,286208,-4692.898719787598,8.488277427852154,34.32219431735575
-7.7432014400000035,1146368,135,,1080,95.48,,13256,0.0005,0.0,286336,-4750.380744934082,9.046672120690346,34.2375954259187
-4.95686328,1146624,135,,1081,95.19,,13260,0.0005,0.0,286400,-4770.720008850098,8.72909177839756,26.112184206023812
-6.953039930000001,1147136,135,,1085,95.59,,13264,0.0005,0.0,286528,-4752.147857666016,9.012404903769493,28.130267901346087
-3.4604377900000007,1147328,135,,1085,95.0,,13268,0.0005,0.0,286592,-4716.302940368652,8.684685602784157,25.252472335472703
-2.15836228,1147584,135,,1088,96.78,,13272,0.0005,0.0,286656,-4729.641128540039,8.929372243583202,29.108474981039762
-2.5508124600000004,1148096,135,,1092,96.63,,13276,0.0005,0.0,286784,-4763.505836486816,8.685016356408596,39.06761707738042
-4.89993456,1148544,135,,1096,96.51,,13280,0.0005,0.0,286912,-4757.729820251465,8.87755923718214,38.97300634160638
-7.770041770000001,1148832,135,,1097,97.13,,13284,0.0005,0.0,286976,-4801.4489669799805,8.935877226293087,31.27564094401896
-7.2663861899999995,1149088,135,,1100,97.55,,13288,0.0005,0.0,287040,-4741.582481384277,8.763392984867096,38.86357833072543
-7.40583883,1149472,134,9.157347103363753,1105,97.17,16.055532931181684,13292,0.0005,0.0,287168,-4712.356399536133,8.56952315568924,23.51301171630621
-7.394475859999999,1149728,135,,1105,96.19,,13296,0.0005,0.0,287232,-4788.682746887207,8.642232686281204,37.96008781157434
-8.76624836,1151040,134,,1116,96.64,,13300,0.0005,0.0,287552,-4740.357437133789,8.794914796948433,33.99216501228511
-10.473065030000003,1151360,135,,1117,96.32,,13304,0.0005,0.0,287616,-4768.27001953125,9.09001786261797,30.44695296883583
-11.011593829999999,1151584,134,,1119,97.36,,13308,0.0005,0.0,287680,-4738.250076293945,8.748810775578022,32.7968527674675
-12.30815263,1152128,135,,1123,98.22,,13312,0.0005,0.0,287808,-4761.185585021973,8.704094119369984,27.264611748978496
-13.795532420000004,1152320,135,,1123,99.03,,13316,0.0005,0.0,287872,-4785.990570068359,8.660198353230953,29.138643965125084
-11.63374972,1152768,135,,1127,99.24,,13320,0.0005,0.0,287936,-4766.936340332031,9.259365998208523,45.084083346650004
-12.68343022,1153056,134,12.281054515374548,1130,101.04,19.688613943595513,13324,0.0005,0.0,288064,-4744.392692565918,9.012052953243256,40.638384168967605
-13.968498610000001,1153696,135,,1134,101.24,,13328,0.0005,0.0,288192,-4774.825523376465,8.961681969463825,35.50143591314554
-9.803426560000002,1154048,134,,1138,102.2,,13332,0.0005,0.0,288256,-4771.864929199219,8.613852754235268,32.20179586112499
-10.902217740000001,1154496,135,,1139,102.76,,13336,0.0005,0.0,288384,-4714.10400390625,8.68707113713026,12.22979691810906
-10.30822353,1154784,134,,1143,102.01,,13340,0.0005,0.0,288448,-4811.0249099731445,8.723375611007214,36.10827801190317
-11.039579890000004,1154944,135,,1144,102.37,,13344,0.0005,0.0,288512,-4707.850433349609,8.942295871675014,39.50896745920181
-12.222649680000002,1155488,134,,1148,101.83,,13348,0.0005,0.0,288640,-4763.502235412598,8.506562113761902,33.10515887476504
-12.19989807,1156000,134,,1152,101.76,,13352,0.0005,0.0,288768,-4728.45711517334,8.88293994218111,47.56105159409344
-7.5514544899999985,1156288,134,13.91928852909257,1155,102.33,19.704773820592163,13356,0.0005,0.0,288832,-4737.736442565918,8.684534512460232,26.189808934926987
-7.67451484,1156512,134,,1156,102.64,,13360,0.0005,0.0,288896,-4763.219505310059,8.831859424710274,31.47925109602511
-5.62316865,1156768,134,,1159,102.19,,13364,0.0005,0.0,288960,-4768.269966125488,8.774571932852268,30.920062351971865
-7.481808580000001,1156960,134,,1159,101.12,,13368,0.0005,0.0,289024,-4700.597595214844,8.5501000136137,26.96788807027042
-6.3032703900000016,1157376,134,,1162,99.38,,13372,0.0005,0.0,289088,-4729.202499389648,8.763258315622807,27.145156914368272
-5.53465172,1158144,134,,1169,99.17,,13376,0.0005,0.0,289280,-4846.561393737793,8.791113004088402,33.30407498404384
-0.7753907000000002,1158336,134,,1169,98.63,,13380,0.0005,0.0,289344,-4794.117004394531,8.640084728598595,40.48427548259497
1.81988182,1158528,135,17.20375680304917,1170,97.36,17.610537658339794,13384,0.0005,0.0,289408,-4873.505096435547,8.752812787890434,33.15054266899824
1.7420099899999988,1158784,134,,1173,96.87,,13388,0.0005,0.0,289472,-4808.6355056762695,8.51524642854929,33.89112173393369
-0.2831541500000015,1159488,134,,1178,97.89,,13392,0.0005,0.0,289664,-4785.533134460449,8.746325880289078,40.32501681894064
-0.6504584800000012,1159744,134,,1181,98.04,,13396,0.0005,0.0,289728,-4746.597930908203,8.57914862781763,23.971461510285735
-0.5506023600000001,1159872,134,,1181,97.12,,13400,,,,,,
-3.98555388,1160128,135,,1181,96.47,,13404,0.0005,0.0,289792,-4777.674392700195,8.853074699640274,30.29267736338079
-2.085042160000001,1160672,135,,1185,95.45,,13408,0.0005,0.0,289920,-4749.73087310791,8.568833723664284,34.64533185958862
-0.2648139500000003,1160992,135,,1189,94.45,,13412,0.0005,0.0,290048,-4731.895538330078,8.741086341440678,40.59531977586448
0.35564430000000075,1161408,134,17.101540956917155,1193,92.81,18.716812771077244,13416,0.0005,0.0,290112,-4685.292037963867,8.915536686778069,43.42406874336302
0.7457253300000007,1161824,134,,1197,92.23,,13420,0.0005,0.0,290240,-4750.903053283691,8.538198813796043,26.259917426854372
-0.4475371799999995,1162048,134,,1197,89.93,,13424,0.0005,0.0,290304,-4792.198593139648,8.988007374107838,32.548696679994464
1.0366684700000008,1162752,134,,1203,89.34,,13428,0.0005,0.0,290432,-4836.779327392578,8.459858052432537,33.544275753200054
-1.9796162100000003,1162912,134,,1203,88.89,,13432,0.0005,0.0,290496,-4774.5906982421875,8.71366386115551,22.319047164171934
-0.3071913300000013,1163232,135,22.740496605608236,1204,89.08,21.47919110689128,13436,0.0005,0.0,290560,-4838.302459716797,8.496973775327206,26.034620996564627
-2.913732950000001,1163712,135,,1207,89.9,,13440,0.0005,0.0,290688,-4753.1699142456055,8.650552250444889,37.96394941397011
-2.0834496699999994,1164000,135,,1211,89.82,,13444,0.0005,0.0,290752,-4677.9123458862305,8.792411230504513,35.38124801963568
-5.4864159699999995,1164384,134,,1214,90.03,,13448,0.0005,0.0,290880,-4718.362350463867,8.870174370706081,35.33538073860109
-7.880719989999999,1164928,135,,1217,89.74,,13452,0.0005,0.0,291008,-4735.513313293457,8.584321394562721,41.35520217195153
-8.460625870000001,1165280,135,,1218,89.92,,13456,0.0005,0.0,291072,-4799.612121582031,8.896729938685894,32.99396066740155
-8.305577780000004,1165472,135,,1222,89.25,,13460,0.0005,0.0,291136,-4805.6510009765625,8.798492439091206,36.75048401579261
-8.4907459,1165664,135,,1222,88.81,,13464,0.0005,0.0,291200,-4783.6856689453125,8.766609959304333,44.10350248403847
-6.926781470000002,1166112,135,,1225,89.64,,13468,0.0005,0.0,291328,-4709.366409301758,8.602059178054333,27.804478028789163
-6.912540379999999,1166624,135,,1230,89.1,,13472,0.0005,0.0,291456,-4751.702972412109,8.615894339978695,35.872634226456285
-7.052781040000002,1166752,135,,1230,89.11,,13476,,,,,,
-7.2690471,1167392,134,10.600737111526538,1236,90.62,16.598806889931236,13480,0.0005,0.0,291648,-4824.472129821777,8.577244609594345,29.998129000887275
-7.416419940000002,1167680,135,,1237,91.01,,13484,0.0005,0.0,291712,-4805.796180725098,8.422169677913189,36.34554170630872
-10.976487470000002,1167808,135,,1237,91.38,,13488,,,,,,
-8.123242050000002,1168448,135,,1244,90.19,,13492,0.0005,0.0,291904,-4765.787170410156,8.742679558694363,39.69005778245628
-9.146501070000001,1168512,135,,1244,89.11,,13496,,,,,,
-10.28842224,1169024,135,,1247,90.02,,13500,0.0005,0.0,292032,-4813.139091491699,8.587931916117668,39.550151942297816
-5.685816299999999,1169696,135,,1251,89.43,,13504,0.0005,0.0,292224,-4803.304054260254,8.515087828040123,30.0579074062407
-6.95404039,1169984,135,,1254,90.25,,13508,0.0005,0.0,292288,-4828.471900939941,8.612530514597893,24.0533654242754
-9.310862020000002,1170400,135,,1255,89.99,,13512,0.0005,0.0,292352,-4821.994239807129,8.653535470366478,46.69009509123862
-10.096108579999997,1170592,135,,1258,90.52,,13516,0.0005,0.0,292416,-4819.919746398926,8.728683650493622,41.62044462747872
-10.511451569999998,1170816,135,,1259,90.86,,13520,0.0005,0.0,292480,-4847.134552001953,8.723913848400116,32.28057233802974
-12.801214730000003,1171008,135,,1262,92.28,,13524,0.0005,0.0,292544,-4837.860137939453,8.206362590193748,31.52954725176096
-13.089409790000001,1171552,135,9.1098274578402,1266,93.4,14.589566547038489,13528,0.0005,0.0,292672,-4884.047332763672,8.567608617246151,32.606390381231904
-9.785894480000001,1172096,135,,1269,93.26,,13532,0.0005,0.0,292800,-4947.589256286621,8.451902620494366,26.29730135202408
-9.512817760000003,1172480,135,,1273,91.35,,13536,0.0005,0.0,292864,-4853.068145751953,8.545165620744228,27.057484801858664
-12.305722219999998,1172800,135,,1274,90.76,,13540,0.0005,0.0,292992,-4824.6310958862305,9.101712420582771,34.138202864676714
-15.56871833,1173152,135,11.32547257317387,1277,90.33,18.99726106697508,13544,0.0005,0.0,293056,-4835.1070556640625,8.681621350347996,37.482073467224836
-10.85407096,1173728,135,,1281,90.11,,13548,0.0005,0.0,293184,-4879.333671569824,8.608200319111347,25.161721382290125
-11.63163773,1173888,135,,1282,90.92,,13552,0.0005,0.0,293248,-4851.702728271484,8.653154037892818,29.798497449606657
-9.217287350000001,1174208,135,,1285,90.86,,13556,0.0005,0.0,293312,-4825.6591873168945,8.752330921590328,38.09944570250809
-9.10858243,1174592,135,,1288,90.57,,13560,0.0005,0.0,293440,-4830.556137084961,8.6408109664917,22.66377796418965
-9.122929979999999,1174880,135,,1289,90.2,,13564,0.0005,0.0,293504,-4862.368118286133,8.553816922008991,32.94583046622574
-9.78641887,1175552,135,,1296,91.46,,13568,0.0005,0.0,293632,-4888.082489013672,8.686914376914501,22.904344342648983
-9.691701979999998,1175680,135,,1296,92.27,,13572,0.0005,0.0,293696,-4871.478256225586,8.74284190684557,28.328124094754457
-14.16769132,1175840,135,,1297,92.43,,13576,0.0005,0.0,293760,-4854.653717041016,8.776732049882412,40.36927076987922
-13.995010070000003,1176000,135,,1297,91.68,,13580,,,,,,
-15.955402120000006,1176416,135,,1301,90.87,,13584,0.0005,0.0,293888,-4923.5131912231445,8.868076600134373,39.974959848448634
-13.462984690000003,1176928,135,12.215814468390837,1304,90.64,15.66945630708541,13588,0.0005,0.0,294016,-4852.011306762695,8.724431574344635,32.96693405508995
-14.195756760000002,1177504,135,,1308,90.55,,13592,0.0005,0.0,294144,-4923.098518371582,8.75532092154026,40.2633649520576
-15.64212847,1177792,135,,1311,90.27,,13596,0.0005,0.0,294208,-4873.847869873047,8.56978663802147,42.027479162439704
-14.596143330000002,1177984,135,,1311,89.02,,13600,0.0005,0.0,294272,-4859.4865646362305,8.621093012392521,31.92746572755277
-17.275883030000003,1178304,135,,1315,89.25,,13604,0.0005,0.0,294336,-4891.090957641602,8.432242222130299,31.237619824707508
-16.26669068,1178688,135,,1319,88.51,,13608,0.0005,0.0,294464,-4871.954940795898,8.431895472109318,25.568305743858218
-18.696289050000004,1179200,135,,1323,89.01,,13612,0.0005,0.0,294592,-4878.181686401367,8.480092696845531,38.22661028057337
-15.82010251,1179392,135,,1323,89.6,,13616,,,,,,
-15.74951093,1180032,135,,1327,88.8,,13620,0.0005,0.0,294784,-4785.522239685059,8.576165847480297,19.06808588653803
-11.506364740000002,1180160,135,,1331,88.83,,13624,,,,,,
-12.321245789999999,1180672,134,9.736463643702162,1335,88.37,16.132443073975104,13628,0.0005,0.0,294912,-4791.218544006348,8.619812779128551,47.01430430263281
-14.99671785,1181024,135,,1336,88.71,,13632,0.0005,0.0,295040,-4816.20036315918,8.515067085623741,29.009887931868434
-15.30190753,1181472,135,,1339,89.32,,13636,0.0005,0.0,295168,-4790.937469482422,8.469776891171932,31.030436173081398
-10.148775709999999,1181792,135,,1342,89.53,,13640,0.0005,0.0,295232,-4854.428871154785,8.515890501439571,36.66082143038511
-6.997189459999999,1182240,135,,1346,89.56,,13644,0.0005,0.0,295360,-4879.4052810668945,8.697157174348831,26.919425705447793
-7.30854862,1182496,135,,1346,89.96,,13648,0.0005,0.0,295424,-4930.269416809082,8.467975914478302,20.92730979062617
-7.14547694,1182752,135,15.77263777747247,1350,89.34,17.93119774423858,13652,0.0005,0.0,295488,-4846.5989990234375,8.780581548810005,27.15283730532974
-9.20870899,1183232,135,,1352,89.75,,13656,0.0005,0.0,295552,-4913.411926269531,8.706335380673409,42.23904760926962
-9.07596388,1183552,135,,1353,89.38,,13660,0.0005,0.0,295680,-4848.07625579834,8.511133559048176,41.28566166572273
-10.76620173,1183872,135,,1357,90.61,,13664,0.0005,0.0,295744,-4901.217399597168,8.725890673696995,32.93346896022558
-9.59864714,1184000,135,,1357,89.16,,13668,,,,,,
-10.604847330000002,1184128,135,,1357,88.97,,13672,0.0005,0.0,295808,-4915.292816162109,8.292648166418076,24.892713779583573
-5.808192380000001,1184576,135,21.448938083271305,1361,87.3,21.871662885800923,13676,0.0005,0.0,295936,-4917.734466552734,8.27305705100298,29.569396970793605
-5.641861760000001,1185056,135,,1365,87.7,,13680,0.0005,0.0,296064,-4879.335159301758,8.525973618030548,45.66591005772352
-5.862710420000002,1185504,135,,1368,87.72,,13684,0.0005,0.0,296128,-4895.931816101074,8.5438794195652,32.632976373657584
-7.118514660000001,1185824,135,,1371,86.27,,13688,0.0005,0.0,296256,-4956.165344238281,8.52908643335104,25.318289948627353
-6.613273360000002,1186208,135,,1372,87.8,,13692,0.0005,0.0,296320,-4920.983749389648,8.935394212603569,31.70709626376629
-10.029476060000002,1186432,135,,1376,88.04,,13696,0.0005,0.0,296384,-4926.20760345459,8.5442631021142,32.74003952369094
-7.402734890000001,1186752,135,,1376,88.07,,13700,0.0005,0.0,296448,-4887.695503234863,8.346528552472591,26.846026642248034
-5.25553184,1187136,135,,1380,88.57,,13704,0.0005,0.0,296576,-4882.842880249023,8.425349615514278,37.437557430937886
-4.737972340000002,1187328,135,,1383,89.17,,13708,,,,,,
-1.8663926800000004,1188096,135,10.74984078527199,1387,89.28,16.89722260237456,13712,0.0005,0.0,296768,-4883.180320739746,8.769552394747734,40.69445429369807
-2.5471311300000012,1188576,135,,1392,89.14,,13716,0.0005,0.0,296896,-4913.828948974609,8.480439491569996,30.73720666579902
-2.563859289999999,1188864,134,,1395,89.36,,13720,0.0005,0.0,296960,-4889.4949951171875,8.679108321666718,27.197568599134684
-5.36115244,1189152,135,,1396,89.91,,13724,0.0005,0.0,297088,-4870.954971313477,8.402479209005833,35.82507394813001
-4.64490399,1189408,134,,1400,89.12,,13728,0.0005,0.0,297152,-4825.4664306640625,8.175609581172466,35.10476257093251
-4.953458189999999,1189728,135,,1400,89.56,,13732,0.0005,0.0,297216,-4909.756553649902,8.450354099273682,38.511923933401704
-4.4656620799999995,1190240,135,,1404,88.65,,13736,0.0005,0.0,297344,-4774.435592651367,8.64856070280075,34.55510006286204
-7.379292419999998,1190496,135,,1406,88.1,,13740,0.0005,0.0,297408,-4854.528778076172,8.305671662092209,30.868069825693965
-10.112179519999998,1190624,135,8.456144760044726,1406,88.31,16.032346925246006,13744,,,,,,
-9.688223359999997,1190944,135,,1410,88.0,,13748,0.0005,0.0,297536,-4881.867919921875,8.659034796059132,38.21028685197234
-11.944077119999998,1191616,135,,1414,87.69,,13752,0.0005,0.0,297664,-4884.159606933594,8.575162522494793,26.845968887209892
-12.345488379999999,1192128,135,,1417,86.61,,13756,0.0005,0.0,297792,-4954.149864196777,8.284669190645218,27.61089563369751
-11.991001919999999,1192512,135,25.0293384238782,1420,86.71,22.769851838934677,13760,0.0005,0.0,297920,-4806.835655212402,8.39146388322115,23.936543863266706
-11.65284103,1193120,135,,1424,87.21,,13764,0.0005,0.0,298048,-4904.43913269043,8.615002423524857,37.36533779464662
-12.067675209999997,1193632,135,,1427,88.86,,13768,0.0005,0.0,298176,-4929.89421081543,8.55777907371521,32.130181105807424
-11.16797318,1193920,135,23.363673561233956,1428,89.63,22.911156047776593,13772,0.0005,0.0,298240,-4864.567581176758,8.399855747818947,35.91647920385003
-13.498016909999999,1194048,135,,1431,89.66,,13776,0.0005,0.0,298304,-4927.399635314941,8.512217916548252,27.818426694720984
-17.386647000000004,1194560,135,,1435,91.04,,13780,0.0005,0.0,298432,-4907.731430053711,8.51451162993908,27.770558396354318
-15.60383818,1194944,135,,1436,92.89,,13784,0.0005,0.0,298496,-4994.992950439453,8.501827746629715,29.130032189190388
-13.35020082,1195200,135,,1438,94.38,,13788,0.0005,0.0,298560,-4906.520401000977,8.585240431129932,33.82122179493308
-11.45551563,1195488,135,,1439,94.3,,13792,0.0005,0.0,298624,-4940.0380783081055,8.653946287930012,26.019765205681324
-8.410842689999999,1195904,135,,1443,94.32,,13796,0.0005,0.0,298752,-4893.429306030273,8.209626071155071,17.654009422287345
-8.458148269999999,1196256,135,,1446,94.26,,13800,0.0005,0.0,298816,-4891.090599060059,8.545231066644192,35.05892095901072
-12.77463002,1196608,135,,1450,94.91,,13804,0.0005,0.0,298944,-4940.016929626465,8.612495303153992,29.328032674267888
-14.410671270000002,1196768,135,13.342001836512363,1450,94.03,15.38611587279223,13808,,,,,,
-14.91233192,1197536,135,,1455,93.58,,13812,0.0005,0.0,299136,-4971.275276184082,8.388844937086105,39.678203009068966
-14.157979209999999,1197824,135,,1459,92.91,,13816,0.0005,0.0,299200,-4928.724060058594,8.351801879703999,39.51537995971739
-14.74149367,1198240,135,,1462,93.38,,13820,0.0005,0.0,299328,-4914.957626342773,8.59271565079689,34.81877439469099
-11.847921900000001,1198592,135,,1465,93.09,,13824,0.0005,0.0,299392,-4978.962425231934,8.556761354207993,30.046145875006914
-11.755838010000002,1198784,135,,1465,93.15,,13828,0.0005,0.0,299456,-4934.328056335449,8.635515175759792,37.28746991790831
-14.682572179999998,1199200,135,,1469,93.33,,13832,0.0005,0.0,299584,-4875.717979431152,8.5910469815135,39.36929818801582
-12.577791259999996,1199616,135,,1473,94.53,,13836,0.0005,0.0,299648,-4971.894271850586,8.39301124215126,25.49603550694883
-10.27144595,1200128,135,11.48929138019678,1477,94.52,18.615039312763887,13840,0.0005,0.0,299776,-4879.349632263184,8.600869946181774,34.86089514568448
-8.687923419999999,1200384,135,,1478,93.95,,13844,0.0005,0.0,299840,-4914.049583435059,8.246769919991493,32.47792195901275
-9.243203759999998,1200576,135,,1479,94.25,,13848,0.0005,0.0,299904,-4907.635902404785,8.276510164141655,29.404303211718798
-12.950450939999998,1201120,135,,1482,94.97,,13852,0.0005,0.0,300032,-4937.250564575195,8.468265987932682,32.873123962432146
-11.49120392,1201536,135,,1487,95.98,,13856,0.0005,0.0,300160,-4945.545516967773,8.496413215994835,26.93661237694323
-14.266368190000003,1201792,135,,1490,96.25,,13860,0.0005,0.0,300224,-5022.849517822266,8.845280602574348,30.047759788110852
-15.002170100000003,1202176,135,,1493,94.72,,13864,0.0005,0.0,300288,-5034.429061889648,8.70376941561699,46.42226829379797
-16.515075699999997,1202368,135,,1494,93.2,,13868,0.0005,0.0,300352,-4956.003387451172,8.421917423605919,31.647940443828702
-16.794022570000003,1202880,135,,1497,93.77,,13872,0.0005,0.0,300480,-4953.4306716918945,8.703794457018375,28.32712509855628
-14.850870619999997,1203360,135,13.607969175940735,1500,94.49,18.0021543853521,13876,0.0005,0.0,300608,-4942.475227355957,8.607796244323254,25.974465688690543
-13.6937876,1203680,135,,1500,93.52,,13880,0.0005,0.0,300672,-4950.358154296875,8.544025801122189,27.168218534439802
-16.547889359999996,1203968,135,,1504,92.48,,13884,0.0005,0.0,300736,-4990.782905578613,8.329957894980907,34.54903918504715
-16.052901939999998,1204544,135,,1508,92.85,,13888,0.0005,0.0,300928,-4990.206245422363,8.546294242143631,31.623737456277013
-16.114469479999997,1204736,135,,1511,92.03,,13892,,,,,,
-14.286638080000003,1205056,135,,1512,92.04,,13896,0.0005,0.0,301056,-4939.395835876465,8.7709901034832,41.28992195054889
-14.683909060000001,1205888,135,,1518,93.41,,13900,0.0005,0.0,301248,-4950.694152832031,8.63084141165018,37.672293899580836
-13.344582160000002,1206144,135,13.679026454762466,1519,92.84,18.55662628060275,13904,0.0005,0.0,301312,-4983.8049392700195,8.957658417522907,39.43349237367511
-12.59222716,1206720,135,,1523,94.4,,13908,0.0005,0.0,301440,-4968.333694458008,8.219074353575706,27.0794087536633
-14.509811389999998,1207168,135,,1526,95.21,,13912,0.0005,0.0,301568,-4989.951057434082,8.499694809317589,36.78898928500712
-14.72968713,1207488,135,,1530,96.13,,13916,0.0005,0.0,301632,-5007.370666503906,8.661794759333134,43.90348306298256
-13.592601919999998,1207712,135,,1530,94.63,,13920,0.0005,0.0,301696,-5055.353485107422,8.220317177474499,30.503511967137456
-13.154152370000002,1207904,135,,1533,95.01,,13924,0.0005,0.0,301760,-5010.71696472168,8.447349287569523,37.043042628094554
-13.35973244,1208032,135,,1533,95.58,,13928,,,,,,
-12.434661879999997,1208160,135,,1533,94.44,,13932,0.0005,0.0,301824,-5000.258399963379,8.398282058537006,32.91409335285425
-12.636708539999997,1208672,135,,1537,94.19,,13936,0.0005,0.0,301952,-5038.100479125977,8.612881749868393,30.322378719225526
-14.807165729999998,1209312,135,,1540,93.67,,13940,0.0005,0.0,302080,-5035.391693115234,8.60477302223444,24.941733760759234
-18.02641517,1209568,135,11.469897442665372,1543,93.97,14.8455773029971,13944,0.0005,0.0,302144,-4976.234649658203,8.616484209895134,31.256492968648672
-19.88420828,1210016,135,,1546,93.04,,13948,0.0005,0.0,302272,-5003.27311706543,8.529255531728268,27.019585076719522
-13.535631040000004,1210464,135,,1550,92.19,,13952,0.0005,0.0,302400,-4947.644775390625,8.226963706314564,22.545764055103064
-15.122277100000003,1210912,135,,1554,91.4,,13956,0.0005,0.0,302528,-4974.092842102051,8.539493694901466,38.16706032678485
-14.738287059999998,1211328,135,,1554,91.8,,13960,0.0005,0.0,302592,-4898.904281616211,8.618501767516136,26.791064616292715
-13.407129200000002,1211552,135,,1557,92.35,,13964,0.0005,0.0,302656,-4950.136825561523,8.506435513496399,30.933503061532974
-11.805810440000002,1211968,135,,1561,93.18,,13968,0.0005,0.0,302784,-5069.087875366211,8.692487969994545,39.22397740185261
-12.39759554,1212288,135,,1561,92.57,,13972,0.0005,0.0,302848,-5031.194244384766,8.514506220817566,29.97890223376453
-11.457990799999997,1212480,135,14.912192922648579,1565,92.42,18.224423726186853,13976,0.0005,0.0,302912,-4990.151268005371,8.581534370779991,32.19925818219781
-9.76634275,1212928,135,,1568,93.91,,13980,0.0005,0.0,302976,-5022.145919799805,8.424886591732502,19.686390047892928
-9.318979759999998,1213120,135,,1568,93.5,,13984,0.0005,0.0,303040,-4977.082382202148,8.617643758654594,35.797378616407514
-11.608334039999997,1213408,135,,1569,92.76,,13988,0.0005,0.0,303104,-5036.201484680176,8.559787549078465,30.547866152599454
-13.48726855,1214240,135,,1576,92.31,,13992,0.0005,0.0,303360,-4947.258674621582,8.256110988557339,26.557895801961422
-14.151363830000001,1214688,135,,1579,92.81,,13996,0.0005,0.0,303424,-5059.468086242676,8.701377235352993,35.70389674976468
-13.343244639999998,1214816,135,,1580,92.32,,14000,0.0005,0.0,303488,-5046.12516784668,8.658299669623375,32.90452480688691
-10.025065349999997,1215104,135,,1583,91.59,,14004,0.0005,0.0,303552,-4996.367782592773,8.54343244433403,39.89874868094921
-11.428393899999998,1215296,135,,1584,90.1,,14008,0.0005,0.0,303616,-5006.580101013184,8.498136840760708,41.10574284940958
-7.20072761,1215520,135,14.543039444866054,1587,89.58,19.212346384042934,14012,0.0005,0.0,303680,-4981.454612731934,8.313816376030445,24.349592162296176
-8.27291095,1215808,135,,1587,89.35,,14016,0.0005,0.0,303744,-4970.424072265625,8.141479708254337,28.4464103076607
-10.725981459999998,1216384,135,,1592,89.61,,14020,0.0005,0.0,303872,-5035.767807006836,8.484575122594833,21.844148118048906
-10.539029089999996,1217024,135,,1599,88.78,,14024,0.0005,0.0,304000,-4999.617965698242,8.57302276790142,29.053268203511834
-12.35843771,1217472,135,,1600,88.31,,14028,0.0005,0.0,304128,-5060.665084838867,8.415434435009956,24.335271187126637
-14.648793839999998,1217728,135,,1603,88.13,,14032,0.0005,0.0,304192,-5055.232559204102,8.408005222678185,44.15206145495176
-14.648684979999999,1218080,135,18.643933708592353,1606,87.82,20.620359205607702,14036,0.0005,0.0,304320,-4979.4006271362305,8.584817320108414,37.053648963570595
-9.694074559999999,1218432,135,,1607,88.99,,14040,0.0005,0.0,304384,-5025.55265045166,8.312552481889725,26.928253738209605
-9.956050970000001,1218528,135,,1607,90.29,,14044,,,,,,
-7.40081291,1218816,135,,1611,91.22,,14048,0.0005,0.0,304448,-5064.993576049805,8.34592467546463,40.48261930793524
-8.39781706,1219168,135,,1614,91.79,,14052,0.0005,0.0,304576,-4988.414566040039,8.204370103776455,30.8180169519037
-3.4575929100000002,1219808,135,,1618,92.04,,14056,0.0005,0.0,304704,-5077.038177490234,8.627492301166058,31.430422503501177
-3.399972410000002,1220128,135,,1621,91.25,,14060,0.0005,0.0,304832,-5022.761894226074,8.269580513238907,26.9850609973073
-2.5526742600000007,1220480,135,,1622,90.8,,14064,0.0005,0.0,304896,-5036.780494689941,8.460777148604393,26.67854061536491
-4.698630900000001,1220768,135,,1625,89.76,,14068,0.0005,0.0,304960,-5036.396919250488,8.531257256865501,49.97130496054888
-3.9744780800000026,1220960,135,,1626,89.45,,14072,0.0005,0.0,305024,-5087.915855407715,8.454549111425877,42.81132205761969
-6.377951430000004,1221792,135,,1633,88.88,,14076,0.0005,0.0,305216,-5033.3598556518555,8.550867035984993,27.216612976044416
-8.574313950000002,1222112,135,11.461130358434753,1634,88.81,16.841858182760543,14080,0.0005,0.0,305280,-4977.7916259765625,8.418557971715927,34.11555805057287
-2.9443010800000002,1222336,135,,1637,88.51,,14084,0.0005,0.0,305344,-5026.046234130859,8.506051450967789,34.76181265898049
-3.98071965,1222464,135,,1637,88.58,,14088,0.0005,0.0,305408,-5066.617889404297,8.175562269985676,32.052034536376595
-3.980331080000002,1222688,135,,1640,88.41,,14092,0.0005,0.0,305472,-5054.847351074219,8.408118173480034,22.61762958019972
-3.65787066,1223136,135,,1641,88.39,,14096,0.0005,0.0,305536,-5052.098419189453,8.44890770316124,23.33753946237266
-6.290044909999999,1223360,135,,1644,88.36,,14100,0.0005,0.0,305600,-5059.716529846191,8.499796621501446,33.24931341037154
-6.10290852,1223968,135,,1648,87.63,,14104,0.0005,0.0,305792,-5043.493911743164,8.634990029036999,40.06326157040894
-6.020637359999999,1224320,135,11.643952328008758,1652,87.34,18.523917666199463,14108,0.0005,0.0,305856,-5009.024993896484,8.569373100996017,31.71780827641487
-5.798379260000002,1224480,135,,1652,86.89,,14112,0.0005,0.0,305920,-4986.658363342285,8.420861206948757,30.5762727484107
-6.720492080000003,1224992,135,,1655,86.71,,14116,0.0005,0.0,306048,-4996.718376159668,8.35775289684534,33.536027228459716
-4.4041527500000015,1225120,135,,1655,86.51,,14120,,,,,,
-5.2973203,1225472,135,,1658,88.1,,14124,0.0005,0.0,306112,-4950.794624328613,8.242477014660835,17.133380426093936
-6.675149380000002,1225824,135,,1661,88.39,,14128,0.0005,0.0,306240,-4982.842597961426,8.266888163983822,32.44336070492864
-6.410159670000002,1225888,135,,1661,88.02,,14132,,,,,,
-6.072307510000001,1226272,135,,1665,87.88,,14136,0.0005,0.0,306368,-5064.647514343262,8.46070372313261,31.709551099687815
-5.383610640000001,1226784,135,,1670,85.92,,14140,0.0005,0.0,306496,-4975.991798400879,8.406819857656956,35.089843295514584
-3.775205130000001,1227136,135,,1670,85.41,,14144,0.0005,0.0,306560,-4934.520362854004,8.336190298199654,36.95353545807302
-3.564281450000001,1227392,135,,1672,85.1,,14148,0.0005,0.0,306624,-4918.745559692383,8.84343659132719,34.907883390784264
-2.6151136999999984,1227776,135,,1676,84.03,,14152,0.0005,0.0,306688,-4992.469795227051,8.748070031404495,43.832105699926615
-2.339320729999999,1228352,135,,1681,83.58,,14156,0.0005,0.0,306880,-4968.447769165039,8.282657042145729,37.080841068178415
-2.6405826,1228480,135,11.011749745333429,1681,84.93,16.311574798698413,14160,,,,,,
-3.0154318799999986,1228928,135,,1685,84.85,,14164,0.0005,0.0,307008,-5074.3664474487305,8.484116047620773,25.297144448384643
-0.39743871000000014,1229120,135,,1686,84.08,,14168,0.0005,0.0,307072,-5095.722694396973,8.37408372014761,21.277479773387313
-2.3516068100000003,1230016,135,,1694,85.62,,14172,0.0005,0.0,307264,-5029.345489501953,8.217182897031307,21.827632389962673
-0.21859785000000095,1230368,135,22.123061627804454,1697,86.23,21.07332019843374,14176,0.0005,0.0,307392,-5040.585350036621,8.166362449526787,32.84705055318773
1.823566579999999,1230752,135,,1698,86.18,,14180,0.0005,0.0,307456,-5021.994163513184,8.485994391143322,26.564613053575158
1.69540047,1230912,135,,1700,85.7,,14184,0.0005,0.0,307520,-5045.789085388184,8.295612283051014,35.66081427037716
2.27949487,1231680,135,,1704,87.72,,14188,0.0005,0.0,307712,-5025.2788009643555,8.578108116984367,31.569285640493035
-0.03807252000000075,1232160,135,,1707,88.75,,14192,0.0005,0.0,307840,-5005.034042358398,8.540455527603626,26.968198949471116
-0.8617389500000003,1232352,135,,1707,88.67,,14196,,,,,,
-0.48469169000000006,1232544,135,,1710,89.23,,14200,0.0005,0.0,307904,-4984.533493041992,8.197728499770164,26.266276881098747
-1.2930060999999997,1232992,135,,1715,91.37,,14204,0.0005,0.0,308032,-5010.4406814575195,8.336095698177814,21.674161069095135
1.0976725600000001,1233280,135,,1715,91.47,,14208,0.0005,0.0,308096,-5020.7363357543945,8.591811500489712,31.63604324683547
-1.3400150699999995,1233408,135,13.614646277892412,1718,91.45,18.083656342747258,14212,,,,,,
-1.4555128399999986,1233792,135,,1719,91.77,,14216,0.0005,0.0,308224,-5010.3813400268555,8.307703405618668,29.911557288840413
-1.8181232599999992,1234304,135,,1722,91.66,,14220,0.0005,0.0,308352,-5039.486557006836,8.553131259977818,24.573535995557904
-0.9880499899999998,1234784,135,,1726,90.77,,14224,0.0005,0.0,308480,-5139.600845336914,8.372278057038784,29.06348843500018
4.71504272,1235232,135,,1730,90.72,,14228,0.0005,0.0,308608,-5103.579498291016,8.501640439033508,31.769572401419282
2.3717846900000006,1235712,135,,1733,91.32,,14232,0.0005,0.0,308672,-5168.185417175293,8.70929204672575,33.33630457893014
4.649072220000001,1235968,135,,1737,91.76,,14236,0.0005,0.0,308736,-5140.448539733887,8.270466484129429,29.106814505532384
3.4471581800000006,1236192,135,,1737,93.05,,14240,0.0005,0.0,308800,-5163.726348876953,8.046863123774529,33.25289836525917
3.9993091599999997,1236384,135,,1738,93.69,,14244,0.0005,0.0,308864,-5155.324089050293,8.445240497589111,32.53979207202792
3.78231385,1236736,135,13.518343548950298,1740,93.7,19.52928465234287,14248,0.0005,0.0,308928,-5139.371360778809,8.217904776334763,33.93332735449076
3.2733545200000003,1237152,135,,1744,94.6,,14252,0.0005,0.0,309056,-5129.956878662109,8.210515454411507,24.870409136638045
2.93676987,1237440,135,,1744,95.26,,14256,0.0005,0.0,309120,-5086.921936035156,8.094958983361721,33.848652958869934
1.462363630000001,1237984,135,,1748,94.0,,14260,0.0005,0.0,309248,-5074.288803100586,8.41520131379366,31.5101773198694
-0.610600509999999,1238176,135,,1751,94.06,,14264,0.0005,0.0,309312,-5101.408493041992,8.637866392731667,32.373115902766585
-1.0210401999999983,1238624,135,,1753,95.0,,14268,0.0005,0.0,309440,-5115.8515548706055,8.600300654768944,33.86555542610586
-1.0294701399999995,1238848,135,,1754,92.9,,14272,0.0005,0.0,309504,-5074.351875305176,8.334613382816315,30.469688335433602
-1.2924468199999992,1239488,135,,1758,92.36,,14276,0.0005,0.0,309632,-5146.213035583496,8.664240345358849,39.238102074712515
-0.7085638299999982,1239712,135,,1761,91.69,,14280,0.0005,0.0,309696,-5103.199630737305,8.430152915418148,33.45454315841198
-1.2256425999999985,1240096,135,,1765,92.35,,14284,0.0005,0.0,309824,-5070.756950378418,8.427334450185299,26.595551239326596
-5.918687379999999,1240640,135,,1769,90.16,,14288,0.0005,0.0,309952,-5074.652900695801,8.488620102405548,26.35292638093233
-1.6614202999999994,1240896,135,,1769,90.34,,14292,0.0005,0.0,310016,-5075.475059509277,8.56231477856636,32.888624615967274
-0.7009829799999991,1241248,135,,1773,89.8,,14296,0.0005,0.0,310080,-5131.79167175293,8.471097275614738,26.35759310424328
0.35068362000000053,1241472,135,9.535876359997191,1773,89.53,18.313927751499357,14300,0.0005,0.0,310144,-5098.405494689941,8.107413366436958,37.789766639471054
0.4286370200000005,1242304,135,,1780,89.7,,14304,0.0005,0.0,310336,-5025.67138671875,8.246864132583141,21.60819678939879
-0.04029731999999976,1242560,135,,1781,90.85,,14308,0.0005,0.0,310400,-5022.452285766602,8.32369451969862,33.9746401514858
2.5169195400000004,1242752,135,,1784,90.78,,14312,0.0005,0.0,310464,-5067.237991333008,8.546596884727478,32.24531796760857
4.30450978,1243296,135,,1788,90.93,,14316,0.0005,0.0,310592,-5085.784576416016,8.403741545975208,31.214929403737187
4.24184492,1243584,135,,1789,91.54,,14320,0.0005,0.0,310656,-5055.113265991211,8.332999534904957,34.26007761992514
4.199866980000001,1243712,135,,1791,91.47,,14324,0.0005,0.0,310720,-5066.505195617676,8.266657076776028,30.99159936979413
3.8954359800000007,1244128,135,,1792,93.05,,14328,0.0005,0.0,310784,-5132.747993469238,8.467629373073578,33.60463847592473
6.140252010000001,1244480,135,12.407913755841193,1796,92.64,19.146527362110945,14332,0.0005,0.0,310912,-5048.779579162598,8.18904223293066,22.65041384845972
5.278939620000001,1244896,135,,1800,92.68,,14336,0.0005,0.0,310976,-5116.787406921387,8.421529859304428,37.52511065080762
6.003412330000001,1245088,135,,1800,92.47,,14340,0.0005,0.0,311040,-5055.241264343262,8.41253762692213,29.66136283427477
6.140664180000001,1245696,135,,1805,90.98,,14344,0.0005,0.0,311168,-5087.338081359863,8.329622097313404,33.56580865569413
6.34316868,1246368,135,,1810,90.89,,14348,0.0005,0.0,311360,-5060.672218322754,8.39245630800724,28.170804779976606
6.823029050000002,1246464,135,,1810,90.49,,14352,,,,,,
6.973620820000001,1246688,135,,1811,91.01,,14356,0.0005,0.0,311424,-5117.6581954956055,8.31987500935793,32.28775414079428
9.3278441,1246976,135,,1814,90.94,,14360,0.0005,0.0,311488,-5066.628257751465,8.577857911586761,35.185109563171864
11.414239820000002,1247392,135,13.718879989039284,1818,91.42,18.339246839905307,14364,0.0005,0.0,311616,-5054.78759765625,8.302591100335121,21.11789968237281
11.641212799999998,1247712,135,,1819,91.45,,14368,0.0005,0.0,311680,-5089.060195922852,8.242939554154873,25.80794047191739
13.374648359999998,1248064,135,,1823,92.21,,14372,0.0005,0.0,311808,-5089.062210083008,8.37145671993494,19.919746415689588
13.830694360000003,1248512,135,,1827,91.75,,14376,0.0005,0.0,311872,-5098.0217208862305,8.475815549492836,40.16791304200888
9.343601170000003,1248832,135,,1830,91.39,,14380,0.0005,0.0,312000,-5126.587287902832,8.244244664907455,28.39754773490131
9.702862690000002,1249312,135,,1834,91.58,,14384,0.0005,0.0,312128,-5129.871971130371,8.205194100737572,28.30052282847464
12.500251999999998,1249472,135,,1834,92.28,,14388,,,,,,
9.88296677,1250112,135,,1837,92.19,,14392,0.0005,0.0,312320,-5167.741256713867,8.31685945391655,25.34972039051354
9.905023060000001,1250432,135,14.171606311703476,1840,92.56,20.27192206065179,14396,0.0005,0.0,312384,-5106.583763122559,8.346771895885468,31.97336138226092
5.550687579999999,1250624,135,,1841,93.2,,14400,0.0005,0.0,312448,-5127.914924621582,8.15735725313425,26.77834634669125
6.27326133,1250944,135,,1844,91.36,,14404,0.0005,0.0,312512,-5159.546112060547,8.258350290358067,23.488477136939764
3.9654187800000007,1251488,135,,1848,90.11,,14408,0.0005,0.0,312640,-5078.913345336914,8.225738145411015,28.56340023688972
2.2460092599999997,1251680,135,,1848,89.66,,14412,0.0005,0.0,312704,-5105.638145446777,8.401741690933704,28.50439602509141
0.5192286700000003,1252128,135,22.299054502522715,1853,89.8,22.54398862932992,14416,0.0005,0.0,312832,-5132.140937805176,8.088068068027496,24.69749830290675
-1.4192980599999998,1252192,135,,1853,88.79,,14420,,,,,,
-1.32543977,1252576,135,,1856,88.52,,14424,0.0005,0.0,312896,-5114.931671142578,8.364873871207237,28.24475458264351
-0.81477851,1252960,135,,1860,87.71,,14428,0.0005,0.0,313024,-5098.591926574707,8.35099259763956,34.175809759646654
-3.02227829,1253504,135,,1863,88.01,,14432,0.0005,0.0,313152,-5090.221290588379,8.172607637941837,22.531354155391455
-2.0561664799999995,1253920,135,,1867,88.04,,14436,0.0005,0.0,313280,-5092.677177429199,8.214061915874481,40.518804520368576
-1.9011788700000007,1254432,135,,1871,88.22,,14440,0.0005,0.0,313408,-5178.19620513916,8.206206128001213,32.69017835892737
-4.715120850000001,1254592,135,,1871,89.33,,14444,,,,,,
-5.40490661,1255008,135,,1875,89.18,,14448,0.0005,0.0,313536,-5124.878479003906,8.394246198236942,27.60882582515478
-5.094927620000003,1255296,135,,1875,88.61,,14452,0.0005,0.0,313600,-5155.712661743164,8.187846697866917,27.934067187830806
-5.561469970000001,1255648,135,,1879,88.83,,14456,0.0005,0.0,313664,-5120.483451843262,8.38015765696764,40.92476027645171
-7.039464930000003,1255872,135,10.718044487374947,1879,89.5,15.753016531899858,14460,0.0005,0.0,313728,-5185.1374435424805,8.379288136959076,44.63769269362092
-8.150460500000001,1256416,135,,1882,89.92,,14464,0.0005,0.0,313856,-5184.513671875,8.369771607220173,30.23941421881318
-10.31203795,1256896,135,,1886,88.77,,14468,0.0005,0.0,313984,-5177.80632019043,8.41492810100317,25.495769418776035
-10.137419379999999,1257344,135,,1890,89.54,,14472,0.0005,0.0,314112,-5158.343650817871,8.414088860154152,29.829644944518805
-12.907475959999998,1257536,135,,1894,90.34,,14476,0.0005,0.0,314176,-5136.590347290039,8.260155014693737,29.740352906286716
-10.073769930000001,1257856,135,,1894,89.81,,14480,0.0005,0.0,314240,-5210.301742553711,8.314200706779957,41.34908118844032
-10.350861490000002,1258240,135,,1897,90.48,,14484,0.0005,0.0,314304,-5163.754058837891,8.385742619633675,32.81289749778807
-10.373941490000002,1258688,135,12.878013338061788,1902,90.08,19.76107083811072,14488,0.0005,0.0,314432,-5222.994201660156,8.20438101887703,26.8767916187644
-8.960412920000001,1259200,135,,1905,91.53,,14492,0.0005,0.0,314560,-5200.582061767578,8.234347432851791,29.34920970350504
-10.202134590000002,1259744,135,,1909,91.4,,14496,0.0005,0.0,314688,-5207.859886169434,8.477667517960072,28.83473663404584
-9.92396326,1260224,135,,1913,90.05,,14500,0.0005,0.0,314816,-5157.946151733398,8.132976673543453,36.573413303121924
-10.233379250000002,1260352,135,,1913,90.93,,14504,0.0005,0.0,314880,-5188.4440994262695,8.186992563307285,34.08459137007594
-7.761525630000002,1260608,135,,1915,92.14,,14508,0.0005,0.0,314944,-5196.239288330078,8.18628679215908,22.025130659341812
-5.961199690000001,1261088,135,,1918,91.97,,14512,0.0005,0.0,315072,-5149.566345214844,8.225319258868694,31.25666719302535
-4.238832299999999,1261280,135,,1919,92.93,,14516,,,,,,
-2.4225611700000003,1261792,135,,1923,93.51,,14520,0.0005,0.0,315200,-5223.47087097168,8.343997478485107,24.897435005754232
-2.625409140000001,1262112,135,,1926,93.97,,14524,0.0005,0.0,315328,-5170.6962814331055,8.246455729007721,29.6853587590158
-6.159169710000001,1262496,135,11.550855301004198,1927,94.4,15.944978576762727,14528,0.0005,0.0,315392,-5192.449821472168,8.153273299336433,31.149010844528675
-6.228144189999998,1262848,135,,1930,93.34,,14532,0.0005,0.0,315456,-5204.205406188965,7.925387658178806,33.538074634969234
-6.528410199999999,1263040,135,,1931,92.81,,14536,0.0005,0.0,315520,-5144.992408752441,8.18137376755476,25.638881152495742
-8.92003957,1263424,135,,1935,92.84,,14540,0.0005,0.0,315648,-5242.7746658325195,8.193134106695652,26.190925976261497
-6.18727153,1263616,135,,1938,92.5,,14544,,,,,,
-5.814473949999998,1264000,135,,1939,92.9,,14548,0.0005,0.0,315776,-5179.597938537598,8.225635677576065,28.022964410483837
-5.981569649999998,1264384,135,,1943,92.51,,14552,0.0005,0.0,315840,-5226.849990844727,8.361889109015465,40.312468994408846
-6.102677569999998,1264960,135,,1948,92.94,,14556,0.0005,0.0,316032,-5134.6830978393555,8.402934893965721,21.881384678184986
-4.933597319999998,1265280,135,,1951,92.22,,14560,0.0005,0.0,316096,-5122.155418395996,8.105604954063892,35.76492300257087
-3.4205860899999987,1265696,135,,1954,91.08,,14564,0.0005,0.0,316224,-5171.454887390137,8.287065669894218,36.60669435746968
-1.1423033899999995,1265888,135,13.268643325885668,1954,92.12,17.670749696193937,14568,,,,,,
-1.2422987500000005,1266144,135,,1955,91.65,,14572,0.0005,0.0,316288,-5189.138694763184,8.529340513050556,32.26365519501269
-1.3853805699999995,1266656,135,,1959,91.26,,14576,0.0005,0.0,316416,-5165.382194519043,8.583192259073257,38.296108186244965
-1.6411160399999993,1266848,135,,1962,91.6,,14580,0.0005,0.0,316480,-5180.2219314575195,8.424350798130035,34.10634269379079
-1.1856370299999999,1267200,135,,1965,90.5,,14584,0.0005,0.0,316544,-5227.377502441406,8.207121692597866,30.034467041492462
-3.6828975600000002,1267520,135,,1966,90.05,,14588,0.0005,0.0,316672,-5183.531784057617,7.9379574209451675,22.470659848302603
-2.318152199999999,1267744,135,,1969,88.37,,14592,0.0005,0.0,316736,-5083.981430053711,8.26170051842928,31.705332688987255
1.4214906799999998,1268256,135,,1973,87.04,,14596,0.0005,0.0,316864,-5257.5596923828125,7.983796663582325,28.972759507596493
4.311783089999999,1268544,135,,1974,88.36,,14600,0.0005,0.0,316928,-5200.3896560668945,7.995799280703068,28.810615800321102
4.427698149999999,1269088,135,,1978,87.56,,14604,0.0005,0.0,317056,-5151.452934265137,8.211960099637508,23.902456413954496
2.3657074500000004,1269568,135,,1982,86.71,,14608,0.0005,0.0,317184,-5253.016098022461,7.97804456949234,34.61434448696673
0.7442746999999996,1269920,135,,1984,88.26,,14612,0.0005,0.0,317248,-5237.116981506348,8.14558331668377,25.79229612648487
1.1396479499999996,1270048,135,,1985,87.01,,14616,0.0005,0.0,317312,-5192.324172973633,8.154753513634205,28.51894156821072
1.6280478999999997,1270464,135,,1989,86.4,,14620,0.0005,0.0,317376,-5209.691619873047,8.06714540719986,25.77300424128771
-0.011205840000000897,1270816,135,9.299688407400206,1992,87.37,17.960226067305413,14624,0.0005,0.0,317504,-5202.186866760254,8.455698117613792,31.999205108731985
5.4916781299999995,1271296,135,,1995,87.35,,14628,0.0005,0.0,317568,-5214.262016296387,8.284146972000599,29.711932439357042
5.666040239999998,1271552,135,,1996,87.36,,14632,0.0005,0.0,317632,-5223.098793029785,8.053327336907387,26.158471420407295
6.78741345,1271840,135,,1999,87.74,,14636,0.0005,0.0,317760,-5193.013488769531,8.037381269037724,27.00076961517334
6.929972779999999,1272000,135,,1999,87.56,,14640,,,,,,
6.987335949999999,1272416,135,,2002,88.04,,14644,0.0005,0.0,317888,-5212.707855224609,8.185529962182045,38.004301780834794
7.261160729999999,1272896,135,,2005,86.65,,14648,0.0005,0.0,318016,-5269.219032287598,8.102417193353176,35.814521949738264
6.608228819999999,1273152,135,17.128727529131275,2006,87.26,20.232117074305503,14652,0.0005,0.0,318080,-5187.002540588379,8.046833969652653,13.53481008298695
6.63866482,1273920,135,,2013,87.0,,14656,0.0005,0.0,318272,-5205.334075927734,8.24440149217844,29.327255625277758
4.946672770000001,1274112,135,,2013,87.99,,14660,,,,,,
4.9547576300000005,1274240,135,,2013,88.19,,14664,0.0005,0.0,318336,-5270.857963562012,8.154060676693916,32.47160301171243
5.129934069999999,1274560,135,,2017,87.29,,14668,0.0005,0.0,318400,-5341.564353942871,8.120387390255928,32.27333883009851
5.249300989999999,1275072,135,,2021,86.97,,14672,0.0005,0.0,318528,-5233.212135314941,8.330094464123249,36.17179018165916
4.421231650000002,1275488,135,,2025,87.01,,14676,0.0005,0.0,318656,-5208.106101989746,8.357527300715446,36.30871765688062
5.190574070000001,1275968,135,,2028,88.06,,14680,0.0005,0.0,318784,-5177.669845581055,8.048634856939316,17.034406131133437
2.8323991099999994,1276160,135,14.011708503325032,2028,88.48,19.11433309764991,14684,,,,,,
5.446985729999999,1276416,135,,2032,88.37,,14688,0.0005,0.0,318848,-5194.804588317871,8.04723346978426,29.93159519135952
7.66884397,1276672,135,,2032,88.8,,14692,0.0005,0.0,318912,-5198.504951477051,8.379635617136955,32.11040883138776
7.319300310000002,1276864,135,,2033,89.87,,14696,0.0005,0.0,318976,-5198.725791931152,8.268618576228619,33.96515499986708
7.576450660000001,1277280,135,,2036,88.17,,14700,0.0005,0.0,319104,-5218.876403808594,8.134279243648052,16.301188746467233
7.743459999999999,1277824,135,,2040,87.33,,14704,0.0005,0.0,319232,-5164.33268737793,8.307547964155674,30.24777939915657
8.22159684,1278144,135,,2043,88.2,,14708,0.0005,0.0,319296,-5188.734840393066,8.211452186107635,21.8821181897074
10.00887052,1278272,135,,2044,86.56,,14712,0.0005,0.0,319360,-5180.7449951171875,7.954886548221111,26.55839262343943
9.11848213,1279040,135,,2051,87.69,,14716,0.0005,0.0,319552,-5227.602409362793,7.866521283984184,24.227550953626633
9.265613260000002,1279104,135,14.827331270781121,2051,87.83,18.79319335980175,14720,,,,,,
10.37268458,1279328,135,,2052,86.7,,14724,0.0005,0.0,319616,-5212.584976196289,8.09622373431921,31.006451750174165
7.296835279999998,1279808,135,,2055,86.38,,14728,0.0005,0.0,319744,-5194.965423583984,7.999869868159294,28.194344921037555
4.883647859999999,1280032,135,,2059,86.49,,14732,0.0005,0.0,319808,-5192.0688400268555,8.336598806083202,28.223240333609283
6.110901859999999,1280512,135,,2062,86.89,,14736,0.0005,0.0,319872,-5194.21125793457,8.140916183590889,28.269220063462853
6.047453530000001,1280928,135,24.80847492797486,2063,87.25,22.192697227060272,14740,0.0005,0.0,320000,-5236.3603439331055,8.194997422397137,32.05511858686805
3.6531363599999995,1281120,135,,2067,86.94,,14744,0.0005,0.0,320064,-5153.235420227051,8.142216637730598,17.50216167420149
3.1596029600000004,1281472,135,,2067,86.55,,14748,0.0005,0.0,320128,-5206.80485534668,8.208878464996815,20.95841017924249
1.4886559300000004,1281728,135,,2070,86.97,,14752,0.0005,0.0,320192,-5255.480255126953,8.229474648833275,23.947453409433365
1.67691361,1282336,135,,2074,86.96,,14756,0.0005,0.0,320384,-5233.854415893555,7.985991947352886,24.250968862324953
2.99632259,1282784,135,,2078,85.71,,14760,0.0005,0.0,320448,-5242.3056716918945,8.041208557784557,22.027163110673428
2.0959795599999995,1283264,135,,2081,86.35,,14764,0.0005,0.0,320576,-5323.633262634277,7.948421955108643,24.715660693123937
1.97802306,1283456,135,,2082,86.32,,14768,0.0005,0.0,320640,-5333.587226867676,7.910521425306797,25.768712747842073
-0.04082214999999934,1283616,135,,2084,86.04,,14772,0.0005,0.0,320704,-5290.501502990723,7.992447704076767,25.26180775091052
3.8440019999999997,1283936,135,,2085,86.59,,14776,0.0005,0.0,320768,-5255.414176940918,8.146031342446804,30.049325488507748
5.171988009999998,1284288,135,,2088,85.78,,14780,0.0005,0.0,320832,-5278.263313293457,7.964904643595219,19.274484472349286
7.068814510000001,1285088,136,,2092,85.99,,14784,0.0005,0.0,321024,-5215.700721740723,7.973028361797333,35.43695986829698
6.9412499500000004,1285344,135,9.843913465758,2096,87.22,16.28928258878479,14788,0.0005,0.0,321088,-5238.103363037109,8.001824274659157,22.792100958526134
6.78549873,1285440,135,,2096,87.98,,14792,0.0005,0.0,321152,-5274.128349304199,7.93086838722229,28.508866481482983
7.20853261,1285664,135,,2099,86.98,,14796,0.0005,0.0,321216,-5258.667701721191,8.004736214876175,24.765932576730847
4.94608796,1285888,135,,2099,86.91,,14800,,,,,,
1.8126002399999999,1286112,136,,2100,87.6,,14804,0.0005,0.0,321280,-5284.996871948242,7.847979709506035,28.871047282591462
0.9147643400000004,1286848,135,,2107,87.22,,14808,0.0005,0.0,321472,-5313.13264465332,8.098262593150139,40.5048003513366
-0.009855730000000165,1287232,135,24.768719551987886,2111,88.43,21.813601267163794,14812,0.0005,0.0,321600,-5244.747978210449,7.974006675183773,32.13120739534497
0.3078241399999992,1287872,135,,2115,87.04,,14816,0.0005,0.0,321728,-5265.208755493164,7.93931669741869,25.86032323539257
-0.24702641000000078,1288096,135,,2115,87.11,,14820,0.0005,0.0,321792,-5251.1928787231445,8.087982460856438,27.287160901352763
0.08019540999999951,1288416,135,,2118,87.84,,14824,0.0005,0.0,321856,-5318.942474365234,8.05627279728651,27.338240299373865
3.4948956899999986,1288544,135,,2119,87.87,,14828,0.0005,0.0,321920,-5315.57780456543,8.044970124959946,20.520951392129064
5.916964499999999,1289024,135,26.19282569899619,2122,87.71,22.296332738344002,14832,0.0005,0.0,322048,-5229.34033203125,7.8819006979465485,24.210603523999453
5.8516753999999995,1289312,135,,2126,87.22,,14836,0.0005,0.0,322112,-5259.849052429199,7.598170876502991,28.041052468121052
5.909640529999999,1289632,135,,2127,87.3,,14840,0.0005,0.0,322176,-5204.572959899902,8.06873556226492,34.37547072395682
8.197191820000002,1289856,135,,2130,88.11,,14844,0.0005,0.0,322240,-5212.647796630859,7.805642634630203,18.869286216795444
8.778125399999999,1290272,135,,2133,88.42,,14848,0.0005,0.0,322368,-5222.866539001465,7.817059352993965,22.217802016064525
11.11221767,1290880,135,,2138,88.17,,14852,0.0005,0.0,322496,-5320.271102905273,8.020906545221806,36.1694526001811
11.183014989999998,1291232,135,,2138,88.84,,14856,0.0005,0.0,322560,-5255.080345153809,8.079574637115002,32.76155295036733
11.565136179999998,1291904,135,,2146,90.03,,14860,0.0005,0.0,322752,-5275.920372009277,8.03964838385582,29.479264641180634
12.00028872,1292352,135,,2149,90.1,,14864,0.0005,0.0,322880,-5237.625587463379,7.776544325053692,16.293804148212075
11.319409569999998,1292800,135,12.182325886822936,2152,91.14,18.757291213568667,14868,0.0005,0.0,322944,-5180.313949584961,8.019892908632755,25.82040231488645
12.72837114,1292992,135,,2153,91.59,,14872,0.0005,0.0,323008,-5223.028472900391,8.197510406374931,28.38380699045956
12.174324399999998,1293280,135,,2154,92.19,,14876,0.0005,0.0,323072,-5235.984191894531,7.854178875684738,23.091680547222495
12.120303880000002,1293536,135,,2157,93.41,,14880,0.0005,0.0,323136,-5254.880760192871,7.805751532316208,36.912129156291485
11.426818110000001,1293920,135,,2160,93.69,,14884,0.0005,0.0,323264,-5241.576225280762,7.901538290083408,30.439341731369495
11.464524170000002,1294112,135,,2161,92.85,,14888,0.0005,0.0,323328,-5281.80110168457,7.736541770398617,24.884330151602626
9.187854390000002,1294688,135,,2165,92.03,,14892,0.0005,0.0,323456,-5212.264999389648,8.038762219250202,31.67676194012165
9.060991789999997,1294944,135,,2168,92.89,,14896,0.0005,0.0,323520,-5221.890281677246,7.958334445953369,25.08052946254611
11.014958959999994,1295520,135,,2172,93.3,,14900,0.0005,0.0,323648,-5350.1132888793945,7.907963514328003,28.822175731882453
14.18213071,1295744,135,,2173,92.5,,14904,0.0005,0.0,323712,-5308.829193115234,8.128100641071796,25.489844968542457
14.2194957,1296000,135,,2175,92.13,,14908,0.0005,0.0,323776,-5325.888442993164,8.183474987745285,28.961984027177095
14.820490030000004,1296352,135,12.537850432978276,2176,91.77,17.57293713121396,14912,0.0005,0.0,323840,-5347.040985107422,7.754714667797089,26.801398081704974
14.80669632,1296800,135,,2180,92.96,,14916,0.0005,0.0,323968,-5334.953086853027,7.878155015408993,22.12499458901584
15.352242910000003,1297440,135,,2188,92.4,,14920,0.0005,0.0,324160,-5292.699295043945,7.679956920444965,21.867826586589217
15.580743320000002,1297568,135,,2188,91.48,,14924,,,,,,
15.705601849999999,1297952,135,,2191,91.37,,14928,0.0005,0.0,324288,-5297.373680114746,7.755057871341705,26.57254585251212
15.391394349999999,1298240,135,,2192,92.61,,14932,0.0005,0.0,324352,-5287.567558288574,7.855804979801178,28.853380132466555
15.33459161,1298592,135,,2195,93.31,,14936,0.0005,0.0,324416,-5340.8914794921875,7.780920758843422,24.8501213286072
15.194301910000002,1298784,135,14.373820588660246,2196,93.46,19.64913891277292,14940,0.0005,0.0,324480,-5320.713348388672,7.848087951540947,22.564628291875124
15.3159305,1299328,135,,2200,92.33,,14944,0.0005,0.0,324608,-5339.0805587768555,7.8096142783761024,19.32653139345348
14.95757619,1300064,135,,2207,93.59,,14948,0.0005,0.0,324800,-5307.446014404297,7.762685768306255,26.63472430035472
14.791164560000002,1300192,135,,2207,93.78,,14952,,,,,,
14.9742699,1300544,135,,2210,92.87,,14956,0.0005,0.0,324928,-5323.64542388916,7.690427877008915,36.428279124200344
14.73078047,1300768,135,,2211,92.82,,14960,0.0005,0.0,324992,-5305.679336547852,7.821972154080868,17.303742995485663
15.302644549999998,1301024,135,,2214,92.37,,14964,0.0005,0.0,325056,-5285.475128173828,8.050068229436874,22.13263277709484
13.138344269999997,1301120,135,,2214,91.76,,14968,,,,,,
11.069641600000002,1301920,135,,2218,91.92,,14972,0.0005,0.0,325248,-5321.542411804199,7.929609306156635,33.910213308408856
11.60683646,1302272,135,13.508171963530494,2222,90.23,16.565046792841834,14976,0.0005,0.0,325312,-5289.163612365723,7.773150064051151,34.49251667410135
11.243431389999998,1302688,135,,2226,89.08,,14980,0.0005,0.0,325440,-5310.3276290893555,7.814541354775429,30.32092566229403
11.915943370000003,1303040,135,,2229,88.59,,14984,0.0005,0.0,325504,-5332.711502075195,8.112321384251118,35.07163077779114
12.12461544,1303456,135,,2230,88.59,,14988,0.0005,0.0,325632,-5353.019241333008,7.846634209156036,23.138028748333454
14.35990689,1303968,135,,2234,88.55,,14992,0.0005,0.0,325760,-5289.86279296875,7.9100063517689705,33.419433895498514
14.274799239999998,1304096,135,,2237,89.04,,14996,0.0005,0.0,325824,-5279.605278015137,7.790382131934166,20.63892281614244
13.86225925,1304576,135,,2239,89.8,,15000,0.0005,0.0,325888,-5289.844032287598,8.177165076136589,28.547063197940588
13.86951981,1304768,135,,2240,91.11,,15004,0.0005,0.0,325952,-5246.098205566406,7.882959105074406,24.41246878542006
15.29908146,1304992,135,,2240,91.11,,15008,0.0005,0.0,326016,-5288.723472595215,7.923554517328739,28.034272955730557
14.58536592,1305728,135,11.085781895352147,2247,91.58,12.564993546326548,15012,0.0005,0.0,326208,-5369.003456115723,7.829012766480446,28.714199172332883
14.48761055,1306208,135,,2251,91.19,,15016,0.0005,0.0,326336,-5307.615127563477,7.7685485780239105,24.246750945225358
14.67831669,1306400,135,,2251,91.46,,15020,0.0005,0.0,326400,-5306.716781616211,7.891782872378826,23.15615708939731
14.5808971,1306688,135,,2254,91.79,,15024,0.0005,0.0,326464,-5319.700828552246,7.870343968272209,24.663804408162832
14.54329534,1307040,135,,2255,91.94,,15028,0.0005,0.0,326528,-5283.066116333008,7.941644348204136,34.26195742934942
14.148819799999998,1307136,135,,2257,91.74,,15032,,,,,,
12.018833560000001,1307648,135,,2260,91.36,,15036,0.0005,0.0,326656,-5342.544891357422,7.823702424764633,34.56801210902631
12.28553667,1307936,135,,2261,90.99,,15040,0.0005,0.0,326784,-5385.362533569336,7.883700132369995,35.695867678150535
12.591429859999998,1308544,135,,2265,91.71,,15044,0.0005,0.0,326912,-5271.1779861450195,7.96762278676033,33.10205682553351
12.79912614,1308864,135,11.340502815697493,2268,91.17,14.521554135271945,15048,0.0005,0.0,326976,-5318.043395996094,7.9589744210243225,34.24841486662626
10.61015827,1309120,136,,2269,90.89,,15052,0.0005,0.0,327040,-5287.396751403809,7.703470915555954,25.06519478932023
6.031767199999999,1309440,135,,2272,90.68,,15056,0.0005,0.0,327104,-5284.797187805176,8.102239735424519,34.080203387886286
6.40398165,1309600,135,,2273,90.46,,15060,0.0005,0.0,327168,-5292.260589599609,7.5527054369449615,22.948187178000808
6.5199232700000005,1309984,135,,2277,89.48,,15064,0.0005,0.0,327296,-5250.241325378418,7.926664598286152,21.165559966117144
9.19385828,1310176,135,,2277,89.69,,15068,,,,,,
5.648513130000002,1310720,135,,2284,88.68,,15072,0.0005,0.0,327424,-5286.652801513672,7.7226346880197525,34.37830771505833
5.67585094,1311136,135,16.78052918765536,2285,88.61,20.63834717996502,15076,0.0005,0.0,327552,-5325.42448425293,7.48291627317667,17.409656366333365
6.073812570000001,1311776,135,,2292,89.26,,15080,0.0005,0.0,327744,-5419.222625732422,7.952112078666687,37.781301936134696
6.201721350000001,1311936,135,,2292,88.96,,15084,,,,,,
6.18424886,1312512,135,,2296,89.03,,15088,0.0005,0.0,327872,-5326.086799621582,7.783680319786072,26.09115793183446
5.435853100000002,1312608,135,,2296,89.89,,15092,0.0005,0.0,327936,-5288.390594482422,7.767401181161404,32.15102971717715
5.150349090000002,1312896,135,,2299,89.48,,15096,0.0005,0.0,328000,-5346.601982116699,7.797754742205143,21.012742986902595
4.92414284,1313408,135,,2303,89.26,,15100,0.0005,0.0,328128,-5379.9797439575195,7.559492275118828,28.72019358165562
2.8282908100000004,1313728,135,9.913997183607377,2304,89.16,17.800256200416115,15104,0.0005,0.0,328192,-5339.326988220215,7.924515299499035,23.223357163369656
3.4774970900000004,1314144,135,,2307,89.42,,15108,0.0005,0.0,328320,-5289.481628417969,7.543333850800991,28.374516993761063
4.190805430000001,1314304,135,,2311,89.17,,15112,,,,,,
4.878995220000001,1314624,135,,2312,88.59,,15116,0.0005,0.0,328448,-5333.604835510254,7.734747178852558,29.62345141917467
2.5042361900000008,1314848,135,,2315,88.21,,15120,0.0005,0.0,328512,-5358.861831665039,7.545215025544167,29.414940159767866
2.4274341799999997,1315264,135,22.996618924269285,2316,87.72,21.022666150452633,15124,0.0005,0.0,328576,-5348.9593505859375,7.917272828519344,22.919582622125745
1.5516704299999995,1315904,135,,2323,87.6,,15128,0.0005,0.0,328768,-5229.239280700684,7.607968509197235,22.903216190636158
1.93625969,1316320,135,,2323,87.64,,15132,0.0005,0.0,328832,-5289.893516540527,7.3379650339484215,21.054885311052203
4.126838939999999,1316800,135,,2327,87.77,,15136,0.0005,0.0,328960,-5315.85701751709,7.731467731297016,18.90564212948084
1.7609690699999994,1316992,135,,2330,87.77,,15140,0.0005,0.0,329024,-5384.195358276367,7.491626590490341,24.435469910502434
1.4663537000000002,1317312,135,,2330,88.3,,15144,0.0005,0.0,329088,-5378.733619689941,7.277799010276794,31.73638809286058
-2.8854816100000007,1317728,135,,2334,87.74,,15148,0.0005,0.0,329216,-5310.754211425781,7.682342171669006,31.67353153973818
1.6694721500000003,1318176,135,,2338,87.83,,15152,0.0005,0.0,329344,-5362.74072265625,7.784550577402115,27.26151193678379
3.7090523100000006,1318336,135,,2338,88.65,,15156,,,,,,
3.60023233,1318688,135,,2341,88.88,,15160,0.0005,0.0,329472,-5368.8758544921875,7.716758608818054,23.64429209008813
3.3745904700000007,1319008,135,12.123932558339126,2345,90.17,16.672229175037657,15164,0.0005,0.0,329536,-5326.880012512207,7.7225765362381935,32.22443050518632
3.6770714900000008,1319232,135,,2346,89.3,,15168,0.0005,0.0,329600,-5256.989143371582,7.629705809056759,29.76456634979695
7.7494219,1319648,135,,2348,88.66,,15172,0.0005,0.0,329664,-5322.222145080566,7.64677045494318,24.01484553515911
7.70701899,1320160,135,,2352,89.59,,15176,0.0005,0.0,329792,-5379.6047439575195,7.465734086930752,23.557693565264344
7.93789676,1320448,135,,2356,89.21,,15180,0.0005,0.0,329856,-5365.566787719727,7.616238057613373,27.632710030302405
5.64842252,1320512,135,,2356,88.92,,15184,0.0005,0.0,329920,-5355.256172180176,7.695835083723068,25.39456276036799
5.34132705,1320864,135,,2357,89.41,,15188,0.0005,0.0,329984,-5394.898872375488,7.669860303401947,23.02122724801302
6.103534570000001,1321376,135,16.276245471265952,2361,88.89,20.58015445549593,15192,0.0005,0.0,330112,-5393.551071166992,7.765947297215462,25.151324661448598
6.234156929999999,1321984,135,,2367,88.2,,15196,0.0005,0.0,330240,-5351.673843383789,7.58609813451767,28.80311680585146
7.04584257,1322112,135,,2368,88.01,,15200,0.0005,0.0,330304,-5368.817672729492,7.655125819146633,20.0303243547678
9.289365149999998,1322432,135,,2368,87.62,,15204,0.0005,0.0,330368,-5412.858306884766,7.337026871740818,23.921516455709934
9.130092090000003,1322752,135,,2372,87.36,,15208,0.0005,0.0,330432,-5355.396995544434,7.589638568460941,23.922258257865906
8.67469928,1323232,135,,2375,86.85,,15212,0.0005,0.0,330560,-5408.603759765625,7.505984015762806,29.38896937482059
8.633787750000002,1323616,135,,2379,86.67,,15216,0.0005,0.0,330688,-5448.585876464844,7.2549800127744675,25.797849755734205
10.673176060000001,1324000,135,14.606696792554148,2380,87.63,18.961157358304458,15220,0.0005,0.0,330752,-5411.972915649414,7.770832367241383,27.258003659546375
8.34579118,1324352,135,,2383,89.2,,15224,0.0005,0.0,330880,-5435.673675537109,7.801382601261139,22.41629189439118
9.26117776,1324704,135,,2387,89.13,,15228,0.0005,0.0,330944,-5376.230972290039,7.712804168462753,21.30243355408311
9.518824430000002,1324864,135,,2387,88.41,,15232,0.0005,0.0,331008,-5405.703971862793,7.451382473111153,25.81436201557517
9.542303890000001,1325184,135,,2390,88.36,,15236,0.0005,0.0,331072,-5446.863258361816,7.398470163345337,33.89547138661146
11.368951860000003,1325568,135,,2393,89.18,,15240,0.0005,0.0,331136,-5397.973907470703,7.294824592769146,27.476709185168147
9.38417337,1325920,135,,2394,87.87,,15244,0.0005,0.0,331264,-5430.619247436523,7.512634187936783,26.2634840849787
11.755866840000001,1326208,135,,2398,87.43,,15248,0.0005,0.0,331328,-5357.2338790893555,7.5049313604831696,26.184545934200287
11.689552170000002,1326368,135,15.48509368339379,2398,87.98,19.106889531686182,15252,0.0005,0.0,331392,-5359.452491760254,7.518243499100208,24.22530841641128
12.028268569999998,1326912,135,,2402,86.51,,15256,0.0005,0.0,331520,-5361.623336791992,7.682170510292053,27.066358264535666
12.28887906,1327520,135,,2406,85.16,,15260,0.0005,0.0,331648,-5383.960357666016,7.431080974638462,19.608970686793327
9.732817859999999,1327776,135,,2409,84.77,,15264,0.0005,0.0,331712,-5446.9028244018555,7.763028137385845,31.52076480165124
9.67590899,1328032,135,,2409,85.03,,15268,0.0005,0.0,331776,-5404.292991638184,7.646014869213104,37.70053465664387
8.74913744,1328256,135,23.92148263230102,2412,85.37,21.605685176769125,15272,0.0005,0.0,331840,-5415.895668029785,7.48047748953104,31.74153141118586
10.83463025,1328576,135,,2412,85.81,,15276,0.0005,0.0,331904,-5294.45735168457,7.571936696767807,26.419659089297056
10.98461846,1328896,135,,2415,85.92,,15280,0.0005,0.0,331968,-5302.3088455200195,7.574722804129124,23.021044846624136
8.431531519999998,1329184,135,,2418,86.41,,15284,0.0005,0.0,332096,-5412.379058837891,7.465984627604485,31.68922547623515
11.310917520000002,1329728,135,,2422,85.76,,15288,0.0005,0.0,332224,-5419.421722412109,7.438815094530582,30.90908527188003
10.37155823,1330176,135,,2425,87.23,,15292,0.0005,0.0,332288,-5392.822044372559,7.659877322614193,21.016258515417576
7.69883964,1330464,136,,2426,86.87,,15296,0.0005,0.0,332416,-5363.863128662109,7.499782547354698,21.093701431527734
7.88252735,1330816,136,,2429,86.44,,15300,0.0005,0.0,332480,-5410.281951904297,7.447232127189636,31.40135212801397
7.684524399999998,1330912,136,,2429,86.9,,15304,,,,,,
7.7462868,1331296,135,,2433,86.25,,15308,0.0005,0.0,332608,-5415.382987976074,7.28068870306015,32.271977100521326
7.754104219999999,1331680,136,14.189420816850793,2433,86.68,18.398404112421392,15312,0.0005,0.0,332672,-5390.31364440918,7.460825711488724,40.0601901113987
8.150856359999999,1331904,136,,2437,85.98,,15316,0.0005,0.0,332736,-5363.444732666016,7.394982784986496,26.57484699226916
6.338008639999999,1332384,136,,2440,85.19,,15320,0.0005,0.0,332864,-5396.352760314941,7.25932078063488,31.545686677098274
8.399154929999998,1332928,136,,2443,85.48,,15324,0.0005,0.0,332992,-5412.920806884766,7.366797432303429,29.9884088113904
8.32078802,1333248,135,,2447,84.83,,15328,0.0005,0.0,333056,-5338.843276977539,7.729105122387409,18.37545463629067
8.19764833,1333440,136,,2447,84.86,,15332,0.0005,0.0,333120,-5286.289779663086,7.589652985334396,24.905964609235525
7.771793959999999,1333920,136,,2451,84.73,,15336,0.0005,0.0,333248,-5350.912559509277,7.57682079821825,25.918495148420334
5.59834897,1334176,136,,2452,83.53,,15340,0.0005,0.0,333312,-5352.656761169434,7.30527076125145,18.59519276767969
7.282983589999999,1334528,136,,2454,84.39,,15344,0.0005,0.0,333376,-5400.455963134766,7.439592495560646,24.79123600386083
9.175491580000001,1334688,136,,2455,84.35,,15348,0.0005,0.0,333440,-5410.647758483887,7.319437548518181,24.530563805252314
9.167968049999999,1335264,136,,2458,84.67,,15352,0.0005,0.0,333568,-5389.094993591309,7.245402120053768,30.28388045169413
8.294799569999999,1335712,136,,2462,86.66,,15356,0.0005,0.0,333696,-5433.876235961914,7.30228379368782,20.63019642047584
7.978607259999999,1335872,136,10.023247899673446,2465,87.43,14.861881094311842,15360,0.0005,0.0,333760,-5425.953140258789,7.151433572173119,18.072727613151073
10.166720229999997,1336256,136,,2465,87.44,,15364,0.0005,0.0,333824,-5326.147087097168,7.558539152145386,22.684938790276647
10.156765599999998,1336672,136,,2468,87.24,,15368,0.0005,0.0,333952,-5394.1942138671875,7.695533134043217,32.35947348549962
10.53802781,1336928,136,,2472,87.16,,15372,0.0005,0.0,334016,-5378.631637573242,7.344012469053268,22.50537669286132
10.80648077,1337312,136,,2472,86.04,,15376,0.0005,0.0,334080,-5435.130157470703,7.749509833753109,31.636544791981578
10.64188076,1337600,136,,2475,85.34,,15380,0.0005,0.0,334144,-5372.966873168945,7.3582863211631775,24.73056746274233
12.238355029999997,1337760,136,,2476,86.69,,15384,0.0005,0.0,334208,-5447.687927246094,7.378057055175304,23.402071468532085
11.66365841,1338688,136,,2484,88.09,,15388,0.0005,0.0,334464,-5409.2680587768555,7.2596835270524025,27.190529733896255
12.848380530000002,1339040,136,,2487,86.06,,15392,0.0005,0.0,334528,-5394.164215087891,7.28719636797905,25.280740529298782
12.829939190000003,1339168,136,,2487,86.75,,15396,0.0005,0.0,334592,-5412.519309997559,7.396541111171246,31.997194964438677
12.40257073,1339808,136,12.569205657885597,2491,88.16,17.857413087776003,15400,0.0005,0.0,334720,-5408.481597900391,7.308517158031464,25.951327675953507
12.117737539999998,1340128,136,,2494,88.44,,15404,0.0005,0.0,334784,-5425.955993652344,7.5753782987594604,30.227109361439943
12.460302449999999,1340192,136,,2494,89.09,,15408,0.0005,0.0,334848,-5410.333282470703,7.606547869741917,27.30360482633114
12.486593399999997,1340512,136,,2497,88.74,,15412,0.0005,0.0,334912,-5330.179573059082,7.4332165122032166,27.768056094646454
10.230059409999999,1340896,136,,2498,89.07,,15416,0.0005,0.0,334976,-5457.5842208862305,7.293833218514919,20.558671198785305
12.014291670000002,1341472,136,19.410268835759965,2505,89.37,22.495760649319177,15420,0.0005,0.0,335168,-5434.096786499023,7.525443881750107,31.377937166020274
11.51819107,1341664,136,,2506,88.98,,15424,,,,,,
11.233838150000002,1342208,136,,2509,89.24,,15428,0.0005,0.0,335296,-5422.78173828125,7.577197909355164,31.848462561145425
10.899359489999997,1342528,136,,2512,89.81,,15432,0.0005,0.0,335424,-5405.154708862305,7.231922261416912,27.298025960102677
11.551919049999999,1342848,136,,2512,89.21,,15436,0.0005,0.0,335488,-5484.242942810059,7.2328787967562675,32.9225917365402
14.35594519,1343136,136,,2516,89.22,,15440,0.0005,0.0,335552,-5401.519111633301,7.563691146671772,19.982941472902894
12.836589000000002,1343488,136,,2519,88.34,,15444,0.0005,0.0,335616,-5400.162574768066,7.514741599559784,28.379635455086827
12.615469260000003,1343584,136,16.768793337066025,2520,89.97,20.812575575880615,15448,0.0005,0.0,335680,-5433.288398742676,7.261690899729729,24.057509254664183
12.45605034,1344032,136,,2523,90.6,,15452,0.0005,0.0,335808,-5445.617256164551,7.3598413318395615,22.588957861065865
12.86211446,1344736,136,,2527,90.35,,15456,0.0005,0.0,335936,-5465.433120727539,7.221253417432308,19.49975166283548
10.755048849999998,1344992,136,,2527,89.71,,15460,0.0005,0.0,336000,-5378.742263793945,7.289108715951443,26.790283016860485
8.873583689999998,1345184,136,,2530,88.84,,15464,0.0005,0.0,336064,-5418.316802978516,6.990491516888142,31.10192813165486
8.78381804,1345376,136,,2531,89.06,,15468,0.0005,0.0,336128,-5451.766044616699,7.368227392435074,19.864021487534046
6.1001666699999975,1345632,136,,2534,89.65,,15472,0.0005,0.0,336192,-5455.621429443359,7.482181116938591,22.012794556096196
6.1866761100000005,1346208,136,19.284364736098365,2538,89.73,21.17196090862596,15476,0.0005,0.0,336320,-5429.065475463867,7.544231824576855,30.664993952959776
6.155188640000001,1346816,136,,2541,90.69,,15480,0.0005,0.0,336448,-5432.361251831055,7.5919704511761665,28.043071685358882
7.0389243,1347392,136,,2545,88.8,,15484,0.0005,0.0,336640,-5370.077842712402,7.381336346268654,28.6334249060601
5.24279749,1347584,136,,2548,87.36,,15488,,,,,,
5.10175186,1347680,136,,2548,88.33,,15492,0.0005,0.0,336704,-5391.132034301758,7.694915421307087,20.913967818021774
6.649528,1348032,136,,2549,89.16,,15496,0.0005,0.0,336768,-5451.672248840332,7.347805634140968,18.654648376628757
6.997555210000001,1348480,136,,2553,87.67,,15500,0.0005,0.0,336896,-5442.843826293945,7.267169274389744,24.07015704549849
6.93430023,1348640,136,,2555,88.28,,15504,0.0005,0.0,336960,-5451.705619812012,7.291877269744873,27.761977983638644
6.84767739,1349280,136,11.125448052995925,2560,88.2,15.897825484035948,15508,0.0005,0.0,337088,-5442.603324890137,7.179203979671001,19.415969118475914
6.93971098,1349632,136,,2563,88.88,,15512,0.0005,0.0,337152,-5425.5930099487305,7.258318401873112,35.548129400238395
9.08846195,1349856,136,,2564,89.48,,15516,0.0005,0.0,337216,-5494.697799682617,7.569282419979572,21.710427971556783
9.30051321,1350656,136,,2570,89.72,,15520,0.0005,0.0,337408,-5490.160850524902,7.40564288944006,35.75288932584226
9.718174249999999,1350912,136,,2570,88.61,,15524,0.0005,0.0,337472,-5498.278457641602,7.634529709815979,27.937950674444437
10.238881260000001,1351136,136,,2571,90.12,,15528,0.0005,0.0,337536,-5539.428977966309,7.284529305994511,29.56764505431056
10.038344539999999,1351360,136,,2574,90.08,,15532,0.0005,0.0,337600,-5481.951637268066,7.333249561488628,20.78787523508072
9.396731309999998,1351904,136,,2577,91.22,,15536,0.0005,0.0,337728,-5476.135711669922,7.3452731519937515,38.79527501389384
6.547037319999999,1352288,136,,2581,91.48,,15540,0.0005,0.0,337856,-5529.850685119629,7.419671572744846,18.51149170473218
8.03524808,1352768,136,,2585,92.52,,15544,0.0005,0.0,337984,-5444.598609924316,7.410904534161091,34.27900197356939
8.159097299999999,1353024,136,11.549907757195653,2586,92.08,17.020920393594782,15548,0.0005,0.0,338048,-5447.867835998535,7.352621830999851,31.85921486094594
8.39604453,1353504,136,,2589,91.77,,15552,0.0005,0.0,338176,-5516.8625411987305,7.500874117016792,32.599630534648895
8.69078221,1353760,136,,2593,90.97,,15556,0.0005,0.0,338240,-5488.7458572387695,7.2136780470609665,30.54081022925675
10.35425289,1354176,136,,2593,91.62,,15560,0.0005,0.0,338304,-5448.810096740723,7.293675482273102,19.45921752601862
12.52338646,1354528,136,,2596,92.06,,15564,0.0005,0.0,338432,-5455.251625061035,7.265701457858086,27.71271058358252
12.47020036,1354688,136,,2596,92.24,,15568,,,,,,
14.717672710000002,1354944,136,,2600,91.84,,15572,0.0005,0.0,338496,-5451.63151550293,7.436997205018997,19.833443636074662
14.320778080000002,1355616,136,,2604,92.45,,15576,0.0005,0.0,338688,-5444.10750579834,7.069301888346672,19.140364304184914
14.293554460000001,1355936,136,,2608,92.13,,15580,0.0005,0.0,338752,-5366.216941833496,7.313473857939243,29.036227237433195
11.50893967,1356256,136,,2608,92.03,,15584,0.0005,0.0,338816,-5434.304458618164,7.263798750936985,20.59065929427743
11.200760129999999,1356384,136,,2611,92.43,,15588,0.0005,0.0,338880,-5468.383995056152,7.26192332804203,23.790940886363387
10.9659925,1357024,136,,2614,92.54,,15592,0.0005,0.0,339008,-5492.969657897949,7.273899726569653,28.323642106726766
12.105725109999998,1357216,136,,2615,91.47,,15596,0.0005,0.0,339072,-5523.719444274902,6.909290947020054,26.216060200706124
11.758275430000001,1357408,136,8.876822542981222,2617,92.19,16.3775502018582,15600,0.0005,0.0,339136,-5459.044525146484,7.009539291262627,15.960173780098557
9.167067040000001,1357920,136,,2621,91.55,,15604,0.0005,0.0,339264,-5487.023254394531,7.0891129076480865,26.078612376004457
9.350479339999998,1358272,136,,2621,91.22,,15608,0.0005,0.0,339328,-5390.326927185059,7.207764111459255,24.42479550279677
7.34551783,1358592,136,,2624,90.87,,15612,0.0005,0.0,339392,-5471.872055053711,7.074244573712349,20.898648677393794
7.3069149399999995,1358752,136,,2625,90.35,,15616,0.0005,0.0,339456,-5460.883399963379,7.4960593059659,29.804016157984734
7.019367099999999,1359360,136,,2631,90.45,,15620,0.0005,0.0,339584,-5508.573181152344,7.346743389964104,25.88831697590649
6.3978892300000005,1359488,136,,2632,90.42,,15624,0.0005,0.0,339648,-5540.617965698242,7.16921553760767,30.11982138082385
6.4841478000000015,1360000,136,,2635,89.6,,15628,0.0005,0.0,339776,-5396.003273010254,7.0649751871824265,24.901311215013266
7.006941960000001,1360544,136,,2638,88.85,,15632,0.0005,0.0,339904,-5465.82258605957,7.218708015978336,30.184527041390538
7.290642879999999,1360960,136,10.256767180952716,2642,88.69,16.57255873163239,15636,0.0005,0.0,340032,-5529.371994018555,6.926864705979824,14.919533394277096
5.00687351,1361344,136,,2642,89.31,,15640,0.0005,0.0,340096,-5534.544967651367,7.148942150175571,29.691148430109024
8.1783162,1361504,136,,2646,89.03,,15644,0.0005,0.0,340160,-5504.357887268066,7.303064204752445,31.235022025182843
8.00264599,1361760,136,,2646,89.17,,15648,0.0005,0.0,340224,-5464.4680252075195,7.032740704715252,18.609958773478866
8.088106280000002,1362208,136,,2650,88.25,,15652,0.0005,0.0,340352,-5473.4364013671875,7.000246912240982,17.57060120254755
7.29865716,1362912,136,,2653,89.75,,15656,0.0005,0.0,340480,-5501.952735900879,7.2120464369654655,35.705154333263636
7.934384270000001,1363104,136,,2656,89.31,,15660,0.0005,0.0,340544,-5506.932891845703,7.140752963721752,26.908348385244608
8.06993007,1363424,136,,2657,89.81,,15664,0.0005,0.0,340608,-5491.939414978027,7.248619824647903,26.08841061964631
5.6555345699999995,1363584,136,,2660,90.13,,15668,0.0005,0.0,340672,-5456.756141662598,7.244667872786522,26.649979485198855
6.957492809999998,1364032,136,14.477574223777642,2664,89.39,18.774684876076005,15672,0.0005,0.0,340800,-5462.959892272949,7.204714670777321,26.30660885758698
6.97933782,1364416,136,,2664,89.58,,15676,0.0005,0.0,340864,-5519.780853271484,7.196183055639267,23.483519442379475
7.110787409999998,1364640,136,,2668,89.37,,15680,0.0005,0.0,340928,-5474.9964599609375,7.1266390308737755,18.585777901113033
9.82694538,1365248,136,,2672,90.56,,15684,0.0005,0.0,341056,-5483.975257873535,7.268435902893543,27.44557902403176
7.468861909999998,1365792,136,,2677,89.91,,15688,0.0005,0.0,341248,-5550.5,7.06986790895462,26.9156752564013
10.210654,1366048,136,,2679,89.93,,15692,0.0005,0.0,341312,-5510.7221755981445,7.0203234031796455,38.35927890241146
10.613957319999997,1366368,136,,2680,89.38,,15696,0.0005,0.0,341376,-5512.635940551758,7.127748414874077,28.46258084475994
10.910129159999999,1366528,136,,2683,89.13,,15700,,,,,,
13.082755169999999,1366592,136,,2683,89.63,,15704,0.0005,0.0,341440,-5534.464653015137,7.074123241007328,23.19567953981459
13.122199859999998,1366976,136,16.786717309883493,2684,89.79,18.842502391921077,15708,0.0005,0.0,341504,-5673.01252746582,7.049518324434757,32.057066487148404
14.70223495,1367424,136,,2687,89.81,,15712,0.0005,0.0,341632,-5594.455154418945,7.162398092448711,23.995873793959618
14.372476289999998,1367968,136,,2691,90.11,,15716,0.0005,0.0,341760,-5565.822982788086,6.998716041445732,31.87471889331937
14.64997214,1368512,136,25.563334645262806,2695,90.45,23.355345100627577,15720,0.0005,0.0,341888,-5512.86686706543,7.402970850467682,31.72009115666151
15.086114760000001,1368832,136,,2697,90.22,,15724,0.0005,0.0,341952,-5586.359474182129,6.87780374288559,26.324820078909397
15.24109044,1369120,136,,2701,90.08,,15728,0.0005,0.0,342080,-5545.983825683594,7.017504669725895,14.959500754252076
15.216073319999998,1369376,136,,2701,90.8,,15732,0.0005,0.0,342144,-5651.691383361816,6.983287651091814,22.56996150314808
15.298442909999999,1369728,136,,2705,90.52,,15736,0.0005,0.0,342208,-5543.551338195801,6.871390305459499,23.879906186833978
17.88875554,1369856,136,,2705,89.78,,15740,,,,,,
15.301381660000004,1370368,136,,2709,89.33,,15744,0.0005,0.0,342336,-5554.01749420166,6.849276289343834,26.80299784243107
15.3852851,1370688,136,,2713,89.52,,15748,0.0005,0.0,342464,-5487.608726501465,7.089350700378418,21.604615163058043
12.472775379999996,1371008,136,,2713,89.81,,15752,0.0005,0.0,342528,-5476.572311401367,6.937189772725105,19.14702291600406
12.933931709999998,1371488,136,13.695313643280763,2716,88.59,15.138126390281121,15756,0.0005,0.0,342656,-5573.274200439453,7.082768850028515,25.9036319591105
13.126980249999999,1371840,136,,2720,87.69,,15760,0.0005,0.0,342720,-5531.166793823242,7.03829151391983,36.74996192753315
13.11097213,1372224,136,,2723,86.75,,15764,0.0005,0.0,342848,-5491.13508605957,7.20237572491169,20.47566346824169
15.676966109999999,1372576,136,,2724,85.83,,15768,0.0005,0.0,342912,-5543.028793334961,6.997355118393898,15.231318663805723
15.61693983,1372704,136,,2727,86.02,,15772,0.0005,0.0,342976,-5425.223915100098,7.086551323533058,38.12283513508737
14.600952249999999,1373120,136,22.564937729504813,2728,86.97,21.482212660223503,15776,0.0005,0.0,343040,-5551.264694213867,6.788776189088821,18.466227097436786
14.26262537,1373408,136,,2731,87.81,,15780,0.0005,0.0,343104,-5528.941696166992,7.241229772567749,33.89666522666812
11.90182006,1374016,136,,2735,87.78,,15784,0.0005,0.0,343296,-5533.644477844238,7.162184678018093,11.889125358313322
9.99466321,1374304,136,,2738,87.48,,15788,0.0005,0.0,343360,-5489.921348571777,6.827081799507141,30.9291838016361
12.110576510000001,1374496,136,,2739,88.23,,15792,0.0005,0.0,343424,-5476.164726257324,7.024114698171616,20.58303128182888
12.409330460000001,1375040,136,,2742,87.19,,15796,0.0005,0.0,343552,-5555.9593505859375,7.21020482480526,24.38029706478119
10.164866660000001,1375232,136,,2745,87.1,,15800,,,,,,
10.83794281,1375712,136,14.061863249647605,2746,87.0,16.761370358297757,15804,0.0005,0.0,343680,-5449.601112365723,7.059317320585251,22.027661200612783
9.99147145,1375904,136,,2749,86.99,,15808,0.0005,0.0,343744,-5514.947120666504,7.0176157876849174,29.001904468983412
10.545675880000001,1376192,136,,2749,86.96,,15812,0.0005,0.0,343808,-5509.840972900391,7.13958889991045,23.527801007032394
10.91994271,1376544,136,,2753,87.27,,15816,0.0005,0.0,343936,-5548.265228271484,7.006220296025276,21.06607454828918
11.04174813,1376800,136,,2756,86.96,,15820,0.0005,0.0,344000,-5550.897422790527,7.130618490278721,21.918998308479786
11.290269630000001,1377056,136,,2757,86.84,,15824,0.0005,0.0,344064,-5554.772880554199,7.04861319065094,23.82061613537371
10.98799098,1377504,136,22.249599232153788,2760,86.58,21.483379853160663,15828,0.0005,0.0,344128,-5493.437759399414,7.189477048814297,28.798922654241323
10.921830810000001,1378016,136,,2764,86.51,,15832,0.0005,0.0,344256,-5558.684875488281,6.921599626541138,19.224005170166492
10.38027512,1378240,136,,2764,85.61,,15836,0.0005,0.0,344320,-5557.3056564331055,6.9875655099749565,18.88746321387589
7.258953100000002,1378720,136,,2768,85.28,,15840,0.0005,0.0,344448,-5519.558319091797,6.832895502448082,18.086117258295417
9.827310480000001,1378880,136,,2772,85.54,,15844,0.0005,0.0,344512,-5477.007011413574,7.105612054467201,28.52982682362199
9.880729599999999,1379072,136,,2772,84.86,,15848,,,,,,
12.695641099999998,1379648,136,,2775,84.31,,15852,0.0005,0.0,344704,-5520.416931152344,7.023022547364235,24.238188330084085
10.466954860000001,1380000,136,,2779,84.22,,15856,0.0005,0.0,344768,-5603.59171295166,7.238713778555393,32.66129560768604
10.31655649,1380192,136,,2780,85.0,,15860,0.0005,0.0,344832,-5500.581657409668,6.896587394177914,19.948146430775523
9.850704600000002,1380480,136,12.91217587632493,2782,85.85,15.646863084092285,15864,0.0005,0.0,344896,-5582.503158569336,7.014748722314835,26.43584346026182
10.035082220000003,1380800,136,,2783,86.04,,15868,0.0005,0.0,344960,-5630.779769897461,6.923667065799236,16.060931123793125
8.102090410000002,1381216,136,,2786,85.48,,15872,0.0005,0.0,345088,-5521.788352966309,7.202784068882465,25.310590643435717
6.476258760000002,1381376,136,,2788,84.74,,15876,,,,,,
8.911916020000001,1381696,136,,2789,83.92,,15880,0.0005,0.0,345216,-5704.0288162231445,7.130176700651646,17.516549464315176
9.0717342,1382016,136,,2793,83.09,,15884,0.0005,0.0,345280,-5615.1926345825195,7.129893124103546,33.72933733463287
11.34474543,1382496,136,,2796,83.21,,15888,0.0005,0.0,345408,-5563.732223510742,6.950234077870846,26.543590297922492
11.53697026,1383072,136,,2801,81.84,,15892,0.0005,0.0,345536,-5628.527488708496,6.88114707171917,17.458391243591905
10.306870300000003,1383200,136,,2801,82.97,,15896,0.0005,0.0,345600,-5602.025772094727,7.320455424487591,26.010708337649703
12.493575090000002,1383520,136,14.04888045308545,2804,84.11,20.790706465266503,15900,0.0005,0.0,345664,-5606.898147583008,6.822369545698166,19.852977795526385
12.13519036,1383680,136,,2804,83.38,,15904,,,,,,
12.676764129999999,1384448,136,,2811,83.17,,15908,0.0005,0.0,345856,-5658.531158447266,7.197003558278084,17.594667429104447
11.65539525,1384736,136,,2812,83.4,,15912,0.0005,0.0,345984,-5523.411949157715,6.758001424372196,39.65229715593159
11.25052591,1384832,136,,2812,83.43,,15916,,,,,,
10.82357584,1385184,136,,2815,82.94,,15920,0.0005,0.0,346048,-5565.881805419922,6.807325012981892,25.138143656775355
10.88757202,1385472,136,,2818,82.84,,15924,0.0005,0.0,346112,-5618.318466186523,6.708038941025734,21.02299460582435
11.26096057,1385728,136,,2819,83.24,,15928,0.0005,0.0,346176,-5616.367156982422,6.718357279896736,29.958753375336528
8.981768059999998,1386464,136,,2823,83.36,,15932,0.0005,0.0,346368,-5612.410949707031,6.81920799612999,13.254721140488982
9.253442459999999,1386752,136,,2826,83.53,,15936,0.0005,0.0,346432,-5578.458221435547,6.926804400980473,26.751554096117616
7.427836249999998,1387104,136,,2830,83.48,,15940,0.0005,0.0,346560,-5576.55655670166,6.869230590760708,19.524330589920282
7.33427175,1387296,136,10.509571898548575,2831,84.54,15.41191295727596,15944,0.0005,0.0,346624,-5570.182891845703,7.161095775663853,23.340030254796147
7.549049319999999,1387520,136,,2834,84.14,,15948,,,,,,
4.8350732,1387968,136,,2835,83.86,,15952,0.0005,0.0,346752,-5631.036064147949,6.939952597022057,23.461038345471025
7.036636660000002,1388320,136,,2839,84.5,,15956,0.0005,0.0,346880,-5599.684387207031,7.128027029335499,23.871126728132367
6.4070499,1388512,136,,2839,84.54,,15960,,,,,,
6.923082429999999,1388864,136,,2842,83.81,,15964,0.0005,0.0,347008,-5655.380012512207,7.091129668056965,32.86182083375752
6.790023520000001,1389568,136,,2849,83.51,,15968,0.0005,0.0,347136,-5678.640472412109,6.660234980285168,29.162444580346346
7.5225576000000025,1389984,136,,2850,84.56,,15972,0.0005,0.0,347264,-5643.590057373047,6.812030464410782,24.162183554843068
9.595117750000002,1390304,136,,2854,84.75,,15976,0.0005,0.0,347328,-5611.65739440918,6.875936936587095,32.682645285502076
9.11383842,1390624,136,12.857060667182242,2857,85.63,15.797544307394762,15980,0.0005,0.0,347456,-5622.995094299316,7.03868555277586,21.25413559563458
8.609608730000001,1391008,136,,2858,86.61,,15984,0.0005,0.0,347520,-5660.418258666992,7.001385696232319,27.76796228811145
8.473631200000002,1391200,136,,2861,86.82,,15988,0.0005,0.0,347584,-5685.766189575195,6.883215084671974,18.573641054332256
8.09522867,1391488,136,,2861,87.77,,15992,0.0005,0.0,347648,-5647.591232299805,6.81206452101469,23.071243220940232
6.38136545,1391936,136,,2864,87.73,,15996,0.0005,0.0,347776,-5665.503067016602,6.892221361398697,22.225977400317788
6.54325463,1392000,136,,2864,87.43,,16000,,,,,,
7.02969755,1392384,136,23.38034906876733,2867,87.11,21.532807584015114,16004,0.0005,0.0,347840,-5647.242164611816,6.669561825692654,15.270633020438254
7.248448569999999,1392704,136,,2871,86.61,,16008,0.0005,0.0,347968,-5669.5979080200195,6.871590360999107,34.26090729422867
8.201068560000003,1393152,136,,2874,85.66,,16012,0.0005,0.0,348032,-5637.858116149902,6.920007593929768,21.627447487786412
8.39712706,1393600,136,,2876,84.97,,16016,0.0005,0.0,348160,-5682.070037841797,6.816633984446526,23.398875702172518
8.76921305,1393792,136,,2879,85.34,,16020,0.0005,0.0,348224,-5694.685981750488,6.734922870993614,33.69707928597927
8.45110417,1394048,136,,2879,85.82,,16024,0.0005,0.0,348288,-5753.250549316406,6.776177652180195,23.841859774664044
8.328975000000002,1394560,136,,2883,86.01,,16028,0.0005,0.0,348416,-5650.996505737305,6.713888309895992,19.221176590770483
10.29347901,1394752,136,,2887,85.38,,16032,0.0005,0.0,348480,-5664.696380615234,6.892919227480888,20.82312572747469
10.26602705,1395072,136,,2887,85.71,,16036,0.0005,0.0,348544,-5695.702163696289,6.685525581240654,22.28714245185256
14.844714249999997,1395744,136,,2894,86.25,,16040,0.0005,0.0,348736,-5660.238609313965,6.816542483866215,16.003599589690566
12.80651969,1396000,136,,2895,85.02,,16044,0.0005,0.0,348800,-5617.235458374023,6.569140776991844,22.98736959695816
12.81854267,1396256,136,,2899,85.36,,16048,0.0005,0.0,348864,-5673.766067504883,6.812317065894604,20.548548644408584
13.191307740000003,1396544,136,9.270369998485522,2899,85.85,15.703355601156902,16052,0.0005,0.0,348928,-5671.070014953613,6.51298900693655,18.983782801777124
13.67757541,1396896,136,,2902,84.57,,16056,0.0005,0.0,348992,-5623.339157104492,6.72839092835784,24.71003812737763
13.931940990000003,1397088,136,,2902,85.72,,16060,0.0005,0.0,349056,-5696.830604553223,6.706710711121559,25.71156251244247
14.121340150000002,1397280,136,,2905,85.75,,16064,0.0005,0.0,349120,-5659.6968994140625,6.830384351313114,33.20451230742037
11.703853880000002,1397632,136,,2906,85.97,,16068,0.0005,0.0,349184,-5650.104957580566,6.8874038606882095,25.332114953547716
13.012170280000003,1398112,136,,2909,85.47,,16072,0.0005,0.0,349312,-5655.013732910156,6.66063067317009,20.474477156996727
11.013844909999998,1398592,136,,2912,84.78,,16076,0.0005,0.0,349440,-5722.100547790527,6.958125494420528,24.774731028825045
11.634782809999999,1398880,136,,2915,83.93,,16080,0.0005,0.0,349504,-5702.604179382324,6.518316835165024,31.157439328730106
11.919334930000002,1399264,136,13.203157372921062,2916,83.24,16.48984231322238,16084,0.0005,0.0,349568,-5725.663917541504,7.027246631681919,27.554564399644732
11.839462209999999,1399744,136,,2920,83.1,,16088,0.0005,0.0,349696,-5692.279518127441,6.533561483025551,32.022084487602115
12.259782030000004,1399936,136,,2923,82.69,,16092,0.0005,0.0,349760,-5709.427017211914,6.733631931245327,12.960091250017285
14.71526606,1400096,136,,2924,82.83,,16096,0.0005,0.0,349824,-5770.359954833984,7.038253530859947,34.91520553082228
14.61144824,1400384,136,,2927,83.06,,16100,0.0005,0.0,349888,-5749.093338012695,6.8497914001345634,24.711197305470705
14.53426541,1400640,136,,2928,83.54,,16104,0.0005,0.0,349952,-5682.702796936035,6.7404605448246,19.42492150142789
14.37462999,1401408,136,20.231060033768998,2934,83.61,21.707509605152207,16108,0.0005,0.0,350144,-5652.090408325195,6.841054163873196,28.739700984209776
12.15259389,1401696,136,,2935,84.24,,16112,0.0005,0.0,350208,-5746.31307220459,6.761453419923782,29.636292066425085
12.42959262,1401984,136,,2938,84.42,,16116,0.0005,0.0,350272,-5647.404411315918,6.865136004984379,40.12238432653248
12.614905399999996,1402144,136,,2938,83.93,,16120,0.0005,0.0,350336,-5672.462738037109,6.628017917275429,21.0114076603204
12.236057719999998,1402624,136,,2941,83.65,,16124,0.0005,0.0,350400,-5688.771186828613,6.595483724027872,21.964307291433215
10.373197049999996,1402944,136,21.81730947589724,2945,82.38,22.95947599424732,16128,0.0005,0.0,350528,-5768.099365234375,6.7384819984436035,34.06063185445964
10.560213649999998,1403040,136,,2945,83.42,,16132,,,,,,
10.461676790000002,1403648,136,,2949,83.76,,16136,0.0005,0.0,350656,-5651.012893676758,6.764376014471054,23.404216462746263
7.27393301,1404256,136,,2953,85.04,,16140,0.0005,0.0,350848,-5674.155746459961,6.528712727129459,18.895871141925454
9.586326750000001,1404416,136,,2955,84.78,,16144,,,,,,
7.26929755,1404768,136,,2956,84.11,,16148,0.0005,0.0,350976,-5630.368392944336,6.459482446312904,15.18254430219531
9.615241580000001,1405120,136,,2959,84.37,,16152,0.0005,0.0,351040,-5542.368064880371,6.865370437502861,21.799481604248285
9.24907303,1405280,136,,2960,84.78,,16156,0.0005,0.0,351104,-5599.422210693359,6.815943658351898,32.82928143069148
9.38490071,1405792,136,,2963,84.99,,16160,0.0005,0.0,351232,-5726.060874938965,6.787413232028484,18.472621569409966
9.182228279999999,1406080,136,,2967,84.25,,16164,0.0005,0.0,351296,-5674.706283569336,6.835185907781124,32.63995281793177
11.47197218,1406240,136,,2967,84.32,,16168,0.0005,0.0,351360,-5698.765098571777,6.800339423120022,17.201996916905046
9.89947518,1406528,136,12.942538309229663,2971,84.99,17.500646558606693,16172,0.0005,0.0,351424,-5766.131805419922,6.724766992032528,14.935599204152822
11.966954390000001,1406976,136,,2973,85.81,,16176,0.0005,0.0,351488,-5756.8117599487305,6.668927267193794,26.186450857669115
11.948276759999999,1407584,136,,2978,85.01,,16180,0.0005,0.0,351680,-5626.383285522461,6.794086650013924,22.038689360022545
11.89066628,1408096,136,,2981,85.25,,16184,0.0005,0.0,351808,-5657.875045776367,6.754750333726406,32.303701382130384
11.492358459999998,1408224,136,,2981,85.56,,16188,,,,,,
11.08178261,1408384,136,,2982,86.08,,16192,0.0005,0.0,351872,-5687.823860168457,6.895713627338409,21.08010963909328
8.34163571,1408832,136,18.4980107453852,2986,85.45,20.747365896760325,16196,0.0005,0.0,352000,-5632.291862487793,6.56899244338274,28.33836585097015
8.16475133,1409248,136,,2989,85.61,,16200,0.0005,0.0,352064,-5648.302223205566,6.806247055530548,19.946677763015032
7.75693217,1409440,136,,2989,86.11,,16204,0.0005,0.0,352128,-5691.115539550781,6.981664590537548,23.052306286990643
9.851921930000001,1409856,136,,2992,87.12,,16208,0.0005,0.0,352256,-5689.062927246094,6.626929238438606,18.93934033624828
9.80616845,1410208,136,,2996,86.66,,16212,0.0005,0.0,352320,-5673.516616821289,6.624709978699684,12.79636280797422
9.37177472,1410368,136,,2996,86.27,,16216,0.0005,0.0,352384,-5758.52742767334,6.906904332339764,25.997589889913797
6.4322607,1410880,136,9.446556231727131,3000,87.33,15.90203331266173,16220,0.0005,0.0,352512,-5729.7819747924805,6.701928347349167,35.397686544805765
6.73803959,1411200,136,,3003,87.16,,16224,0.0005,0.0,352576,-5681.147308349609,6.548066020011902,27.555564675480127
6.875166539999998,1411552,136,,3003,87.12,,16228,0.0005,0.0,352640,-5724.665710449219,6.848486743867397,27.470102790743113
8.92145605,1412096,136,,3009,86.56,,16232,0.0005,0.0,352768,-5754.69637298584,7.019786983728409,22.047197131440043
9.334017480000002,1412416,136,,3010,86.19,,16236,0.0005,0.0,352896,-5790.878860473633,6.824640430510044,32.24508912116289
11.956340420000002,1412608,136,,3013,85.95,,16240,,,,,,
12.054715080000001,1412928,136,19.30773084884386,3014,86.49,20.48324293261057,16244,0.0005,0.0,353024,-5664.773742675781,6.679077014327049,24.30243598856032
14.12678249,1413248,136,,3017,86.91,,16248,0.0005,0.0,353088,-5726.456199645996,6.7869508638978004,16.028210205957294
11.901921119999999,1413632,136,,3021,86.31,,16252,0.0005,0.0,353152,-5792.584114074707,6.5204578042030334,27.21816641651094
11.753490059999997,1413824,136,,3021,87.51,,16256,0.0005,0.0,353216,-5821.955795288086,6.620272651314735,19.496100227348506
11.95232925,1414272,136,,3025,86.03,,16260,0.0005,0.0,353344,-5689.47762298584,6.574259355664253,22.091309562325478
9.812794199999999,1414464,136,,3025,85.92,,16264,0.0005,0.0,353408,-5738.411949157715,6.769316628575325,18.939516458660364
9.94269657,1414656,136,,3028,85.64,,16268,,,,,,
11.358260100000003,1414848,136,,3029,85.49,,16272,0.0005,0.0,353472,-5764.269371032715,6.479001298546791,19.15811165422201
11.53506423,1415264,136,,3032,84.44,,16276,0.0005,0.0,353600,-5680.803031921387,6.573028467595577,22.32069144025445
11.517188790000002,1415520,136,15.90564152304055,3033,85.29,20.447827440128968,16280,0.0005,0.0,353664,-5641.182327270508,6.402226224541664,16.161250092089176
10.767128579999998,1416064,136,,3036,83.56,,16284,0.0005,0.0,353792,-5729.835861206055,6.524304665625095,28.25354363769293
11.49832873,1416576,136,,3040,82.57,,16288,0.0005,0.0,353920,-5731.179458618164,6.639892242848873,21.94376633875072
11.495184000000002,1416704,136,,3042,81.52,,16292,,,,,,
12.199230140000003,1417312,136,,3046,81.68,,16296,0.0005,0.0,354112,-5787.063919067383,6.822778105735779,32.00582885555923
12.3385377,1417568,136,19.81667320136425,3047,81.66,20.954024982984865,16300,0.0005,0.0,354176,-5789.266059875488,6.839425399899483,24.070014836266637
12.53534961,1417824,136,,3049,81.3,,16304,0.0005,0.0,354240,-5727.674018859863,6.6325624361634254,24.615718657150865
12.601422809999999,1418272,136,,3054,81.25,,16308,0.0005,0.0,354368,-5862.874206542969,6.68283686041832,13.653439108282328
12.375350780000002,1418624,136,,3054,82.63,,16312,0.0005,0.0,354432,-5759.885559082031,6.575128421187401,22.404798505827785
12.511740420000002,1419008,136,,3058,83.91,,16316,0.0005,0.0,354496,-5648.3992919921875,6.363311596214771,18.40574881248176
15.16956032,1419392,136,,3062,84.17,,16320,0.0005,0.0,354624,-5679.32527923584,6.498820323497057,17.477722758427262
11.046926370000001,1419968,136,,3066,83.65,,16324,0.0005,0.0,354752,-5788.1658935546875,6.700006604194641,26.978633288294077
10.388574,1420352,136,,3069,84.98,,16328,0.0005,0.0,354880,-5776.3139572143555,6.5357997715473175,25.35883456096053
10.758699310000003,1420576,136,,3070,85.1,,16332,0.0005,0.0,354944,-5841.457206726074,6.49001170694828,14.120613617822528
10.825884669999999,1420768,136,,3070,85.64,,16336,,,,,,
11.085519440000002,1420896,136,,3073,85.26,,16340,0.0005,0.0,355008,-5710.666030883789,6.561954326927662,20.681410202756524
10.763016989999999,1421152,136,10.748981141021167,3073,85.69,14.959338859885765,16344,0.0005,0.0,355072,-5627.518608093262,6.324404254555702,24.428034907206893
8.74925745,1421600,136,,3077,84.88,,16348,0.0005,0.0,355200,-5686.437683105469,6.851907439529896,24.127306658774614
10.92339023,1422048,136,,3080,84.97,,16352,0.0005,0.0,355264,-5671.068153381348,6.641301952302456,26.788834596052766
10.97042467,1422496,136,,3084,84.22,,16356,0.0005,0.0,355392,-5804.581520080566,6.4624994546175,27.25177659280598
8.754753460000003,1422880,136,,3089,83.73,,16360,0.0005,0.0,355520,-5753.558242797852,6.692995876073837,20.260965283960104
10.661199900000002,1423008,136,,3089,85.17,,16364,,,,,,
10.79108954,1423168,136,,3089,85.18,,16368,0.0005,0.0,355584,-5702.837860107422,6.515473484992981,21.26110659353435
10.87671263,1423712,136,16.77542072970577,3092,85.54,21.454275189178666,16372,0.0005,0.0,355712,-5684.4511642456055,6.621140226721764,25.649294579401612
11.003806880000003,1423936,136,,3095,85.9,,16376,0.0005,0.0,355776,-5666.855354309082,6.52013535797596,20.186501275748014
11.218221689999998,1424192,136,,3096,84.83,,16380,0.0005,0.0,355840,-5656.342994689941,6.574440725147724,28.50525856949389
9.96838332,1424640,136,,3100,86.62,,16384,0.0005,0.0,355904,-5710.454055786133,6.408015914261341,24.54555331915617
9.39987248,1425312,136,,3105,88.0,,16388,0.0005,0.0,356096,-5753.463882446289,6.414494052529335,15.428720770403743
9.86843732,1425760,136,,3108,88.62,,16392,0.0005,0.0,356224,-5836.5950927734375,6.531922668218613,21.77563694678247
12.13289219,1425888,136,,3109,88.57,,16396,,,,,,
12.34273254,1426240,136,,3111,87.97,,16400,0.0005,0.0,356352,-5793.444961547852,6.544705241918564,26.022646747529507
12.058085759999999,1426528,136,,3114,88.35,,16404,0.0005,0.0,356416,-5778.828506469727,6.538530044257641,15.272413728758693
12.04168343,1426720,136,,3115,88.2,,16408,0.0005,0.0,356480,-5726.22184753418,6.414621166884899,25.337976748123765
12.053912650000003,1426944,136,,3118,86.04,,16412,,,,,,
12.156988480000003,1427040,136,,3118,85.34,,16416,0.0005,0.0,356544,-5664.9395751953125,6.470242891460657,25.87343538366258
9.142099170000002,1427520,136,10.607983893759588,3122,85.06,16.881594494633703,16420,0.0005,0.0,356672,-5747.155288696289,6.47347117215395,15.312409315258265
13.582011009999999,1428032,136,,3127,85.31,,16424,0.0005,0.0,356800,-5777.973854064941,6.465069185942411,15.002521893009543
11.916453180000001,1428544,136,,3131,83.74,,16428,0.0005,0.0,356928,-5837.975006103516,6.497207418084145,22.799730425700545
11.76696607,1428800,136,,3131,83.94,,16432,0.0005,0.0,356992,-5742.228706359863,6.445567473769188,26.42978766001761
11.872425020000001,1429216,136,,3134,83.09,,16436,0.0005,0.0,357056,-5764.754066467285,6.312441520392895,22.39032118022442
11.951087779999998,1429536,136,,3137,83.1,,16440,0.0005,0.0,357184,-5762.233825683594,6.430573396384716,20.619248336181045
10.22620597,1429984,136,,3138,80.98,,16444,0.0005,0.0,357248,-5767.178337097168,6.388431213796139,16.21145736053586
9.823766160000003,1430144,136,,3141,82.07,,16448,0.0005,0.0,357312,-5781.981773376465,6.56341565400362,24.29661287739873
9.6016193,1430400,136,,3142,83.07,,16452,0.0005,0.0,357376,-5854.15096282959,6.476444289088249,28.377308199182153
7.329125039999997,1430688,136,12.83052180329707,3145,83.75,17.940894896808384,16456,0.0005,0.0,357440,-5668.029403686523,6.316710911691189,20.614300411194563
9.190121299999998,1431136,136,,3149,84.55,,16460,0.0005,0.0,357568,-5754.867095947266,6.411911591887474,24.67495777644217
9.519897130000002,1431456,136,,3149,84.5,,16464,0.0005,0.0,357632,-5729.728843688965,6.5623825415968895,33.192030750215054
7.169832860000001,1431616,136,,3152,84.55,,16468,0.0005,0.0,357696,-5769.388580322266,6.241339214146137,29.040595972910523
4.680913290000001,1432096,136,,3156,84.19,,16472,0.0005,0.0,357824,-5738.933647155762,6.63155671954155,25.990571595728397
4.567040580000001,1432320,136,23.82270964848721,3156,83.83,22.988672947719355,16476,,,,,,
4.55208039,1433088,136,,3163,84.34,,16480,0.0005,0.0,358016,-5806.797172546387,6.765602834522724,22.858689999207854
6.628514100000001,1433408,136,,3163,83.79,,16484,0.0005,0.0,358144,-5816.022132873535,6.406204253435135,26.441424960270524
4.425279049999999,1433696,136,,3167,83.93,,16488,0.0005,0.0,358208,-5774.737609863281,6.59974529594183,18.926276564598083
-0.7074736399999992,1433984,136,,3168,83.98,,16492,0.0005,0.0,358272,-5788.914085388184,6.660430185496807,18.237719397991896
-0.8831607000000002,1434208,136,,3171,84.89,,16496,0.0005,0.0,358336,-5803.367935180664,6.681163467466831,34.91035216487944
-0.8360055699999995,1434464,136,,3171,85.26,,16500,0.0005,0.0,358400,-5770.234832763672,6.7604290172457695,21.58591235242784
-0.7346343800000018,1434944,136,,3175,84.7,,16504,0.0005,0.0,358528,-5895.135192871094,6.453618988394737,31.275477312505245
-0.3538627700000017,1435424,136,,3178,84.54,,16508,0.0005,0.0,358656,-5785.404014587402,6.610220305621624,25.02380192093551
-0.13669319999999993,1435744,136,11.29676469440924,3181,85.88,15.586379534938693,16512,0.0005,0.0,358720,-5775.478492736816,6.462824642658234,22.86825843527913
-2.3925916199999993,1436160,136,,3185,85.84,,16516,0.0005,0.0,358784,-5801.808532714844,6.514921933412552,25.92341303266585
0.8065249099999989,1436736,136,,3188,85.38,,16520,0.0005,0.0,358976,-5789.715995788574,6.424907386302948,23.84112081117928
0.5663142800000001,1436992,136,,3189,85.49,,16524,0.0005,0.0,359040,-5794.946350097656,6.427529655396938,21.449185978621244
2.60845385,1437152,136,,3189,86.96,,16528,,,,,,
2.6627002099999992,1437472,136,,3193,86.98,,16532,0.0005,0.0,359168,-5747.184761047363,6.340906605124474,19.430748833343387
2.3732325499999987,1437792,136,,3196,87.67,,16536,0.0005,0.0,359232,-5787.650360107422,6.37824472039938,18.193162817507982
-0.12705428999999951,1437984,136,16.367556122944073,3196,87.78,20.356087746705896,16540,0.0005,0.0,359296,-5733.1696853637695,6.394779242575169,24.406426958739758
1.742656620000002,1438336,136,,3199,88.98,,16544,0.0005,0.0,359360,-5785.692344665527,6.2455776408314705,17.43380830064416
2.0228293500000016,1438528,136,,3199,88.29,,16548,0.0005,0.0,359424,-5741.762542724609,6.375843591988087,22.430623926222324
4.681336940000001,1438912,136,,3202,86.87,,16552,0.0005,0.0,359488,-5780.503379821777,6.432641722261906,12.435240104794502
7.286220750000001,1439264,136,,3206,85.63,,16556,0.0005,0.0,359616,-5850.228485107422,6.53363760560751,25.05679620616138
7.799941690000002,1439616,136,,3206,84.98,,16560,0.0005,0.0,359680,-5868.4270095825195,6.2986375615000725,28.418976752087474
5.771557360000002,1439904,136,,3209,84.14,,16564,0.0005,0.0,359744,-5775.346725463867,6.820696294307709,15.561381187289953
7.77763563,1440352,136,,3213,84.0,,16568,0.0005,0.0,359872,-5943.050621032715,6.346876829862595,19.149017935618758
10.04359594,1440704,136,,3213,84.74,,16572,0.0005,0.0,359936,-5785.0916748046875,6.52448283880949,31.13477849587798
9.87704093,1441088,136,12.235215218109179,3217,84.63,17.650561309756338,16576,0.0005,0.0,360064,-5734.826850891113,6.424434192478657,17.2165124155581
9.90722671,1441312,136,,3220,84.97,,16580,0.0005,0.0,360128,-5767.034210205078,6.478981800377369,26.73091397061944
7.777259130000002,1441504,136,,3220,84.97,,16584,,,,,,
9.90215152,1442176,136,,3224,85.15,,16588,0.0005,0.0,360320,-5896.3251876831055,6.5102760419249535,16.194704085588455
10.119221840000002,1442464,136,,3227,83.81,,16592,0.0005,0.0,360384,-5805.159973144531,6.504190668463707,23.69645167887211
10.0179976,1442496,136,,3227,83.27,,16596,,,,,,
9.4418587,1442816,136,,3230,83.87,,16600,0.0005,0.0,360448,-5774.256973266602,6.302321642637253,28.216460295021534
9.767115709999999,1443296,137,,3231,83.89,,16604,0.0005,0.0,360576,-5901.219512939453,6.172891929745674,21.529249174520373
9.825183599999997,1443712,137,,3234,83.53,,16608,0.0005,0.0,360704,-5863.900749206543,6.231927968561649,24.448126861825585
9.87003105,1443840,136,,3236,83.01,,16612,,,,,,
12.359067319999994,1444128,137,,3237,82.63,,16616,0.0005,0.0,360832,-5807.669952392578,6.461197674274445,25.380939930677414
12.190300239999997,1445024,136,14.49862354948102,3245,83.46,18.971510111235823,16620,0.0005,0.0,361024,-5848.484344482422,6.3352721855044365,42.910915369167924
9.934005469999999,1445344,137,,3246,83.33,,16624,0.0005,0.0,361088,-5830.780029296875,6.217554446309805,10.789946490898728
7.47864552,1445600,136,,3249,82.67,,16628,0.0005,0.0,361152,-5785.462142944336,6.3814762607216835,24.717591613531113
7.577514469999999,1445792,137,,3249,82.61,,16632,0.0005,0.0,361216,-5836.034912109375,6.42575616389513,28.023443365469575
7.886158029999999,1446016,136,,3253,82.28,,16636,0.0005,0.0,361280,-5805.713661193848,6.3437318205833435,21.854279888793826
10.35215721,1446176,136,,3254,82.24,,16640,0.0005,0.0,361344,-5823.13020324707,6.474056355655193,25.14357348717749
10.456100249999999,1446624,136,,3258,82.64,,16644,0.0005,0.0,361408,-5749.742965698242,6.285103529691696,25.1569216363132
10.52949956,1446880,136,,3258,82.4,,16648,0.0005,0.0,361472,-5826.176567077637,6.342397801578045,25.91074401512742
10.435724440000001,1447456,136,,3265,83.23,,16652,0.0005,0.0,361664,-5691.197372436523,6.524465903639793,20.942294102162123
8.023839529999998,1447840,136,,3266,83.51,,16656,0.0005,0.0,361728,-5774.433555603027,6.362666562199593,29.79427646100521
7.93224997,1448352,136,10.434500162156944,3271,84.07,16.46028845044693,16660,0.0005,0.0,361856,-5789.585784912109,6.253505423665047,26.738837337121367
9.94953994,1448672,136,,3273,84.85,,16664,0.0005,0.0,361920,-5794.493087768555,6.25069972127676,29.644158815965056
10.060084820000002,1448992,136,,3276,85.82,,16668,0.0005,0.0,362048,-5871.178558349609,6.2135447189211845,25.907840808853507
10.108435340000002,1449312,136,,3277,85.62,,16672,0.0005,0.0,362112,-5934.283920288086,6.217589117586613,15.864068040624261
9.79071894,1449440,136,,3277,86.2,,16676,,,,,,
9.84911456,1449728,136,,3280,86.55,,16680,0.0005,0.0,362176,-5914.158058166504,6.210196636617184,14.633226519450545
12.289920070000003,1449920,136,,3281,86.51,,16684,0.0005,0.0,362240,-5906.6280517578125,6.375535599887371,33.716207057237625
12.82492354,1450688,136,,3286,84.9,,16688,0.0005,0.0,362432,-5856.097587585449,6.1691915690898895,26.021022837609053
15.04634822,1450880,137,15.459417934276992,3287,86.36,18.305842590859278,16692,0.0005,0.0,362496,-5850.618347167969,6.430219724774361,30.044133679941297
17.47903107,1451104,136,,3290,85.52,,16696,0.0005,0.0,362560,-5874.0517501831055,6.197718758136034,25.544815089553595
17.94045514,1451456,137,,3291,83.96,,16700,0.0005,0.0,362624,-5863.019073486328,6.244759626686573,34.79068605042994
17.775404289999997,1451648,136,,3294,83.71,,16704,0.0005,0.0,362688,-5774.110107421875,6.403318770229816,26.643733393400908
15.334877389999999,1451936,137,,3295,84.13,,16708,0.0005,0.0,362752,-5859.561073303223,6.299513012170792,23.195990042760968
15.027816249999999,1452640,136,,3301,84.67,,16712,0.0005,0.0,362944,-5707.573539733887,6.09402322024107,20.94386367686093
14.55903237,1452928,137,,3302,84.3,,16716,0.0005,0.0,363008,-5734.7976150512695,6.218277797102928,18.011354031041265
14.616561899999999,1453056,136,,3304,83.9,,16720,,,,,,
14.98291833,1453568,136,19.50084109083335,3308,84.3,18.85703712343826,16724,0.0005,0.0,363136,-5910.177192687988,6.267634056508541,24.886885145679116
17.26124873,1453760,136,,3309,83.87,,16728,0.0005,0.0,363200,-5863.672622680664,6.157577946782112,15.709178803488612
17.11817727,1453920,137,,3309,84.0,,16732,0.0005,0.0,363264,-5866.739158630371,6.352628216147423,31.8000599835068
17.32778383,1454144,136,,3312,83.43,,16736,0.0005,0.0,363328,-5751.160011291504,5.987926758825779,28.543827913701534
16.753521650000003,1454624,136,,3315,83.61,,16740,0.0005,0.0,363456,-5864.721542358398,6.191016174852848,17.05019132234156
14.207139929999999,1455040,137,,3316,82.94,,16744,0.0005,0.0,363520,-5853.429534912109,6.314806755632162,25.354259237647057
14.120093319999997,1455360,137,,3319,82.88,,16748,0.0005,0.0,363584,-5803.603477478027,5.947572812438011,18.414360880851746
14.314839130000001,1455744,137,,3323,82.36,,16752,0.0005,0.0,363712,-5879.816757202148,6.549410358071327,29.17466069944203
16.51317503,1455968,137,,3323,82.88,,16756,0.0005,0.0,363776,-5946.178024291992,6.247329235076904,28.856745675206184
16.16418253,1456512,137,13.095862006484468,3326,82.75,15.931189761998645,16760,0.0005,0.0,363904,-5755.420112609863,6.120395131409168,26.97335305251181
15.703518169999997,1456800,137,,3329,82.19,,16764,0.0005,0.0,363968,-5854.151168823242,5.886968959122896,16.72802663780749
15.51460432,1457088,137,,3330,82.45,,16768,0.0005,0.0,364032,-5753.680114746094,6.145182326436043,30.032295115292072
15.385086639999999,1457312,137,,3333,82.1,,16772,0.0005,0.0,364096,-5841.314659118652,6.263058643788099,26.223532749339938
15.754456599999996,1457792,137,,3336,81.74,,16776,0.0005,0.0,364224,-5839.67098236084,6.3082321137189865,28.845036387443542
15.941543000000001,1457984,137,,3337,81.42,,16780,0.0005,0.0,364288,-5823.6083984375,6.3094225116074085,21.144278226420283
13.755737929999999,1458400,137,14.920283396247813,3340,80.6,19.785348487715215,16784,0.0005,0.0,364352,-5948.549736022949,6.002605345100164,17.930255454033613
12.970594330000004,1458720,137,,3343,82.67,,16788,0.0005,0.0,364480,-5962.325149536133,6.108410842716694,17.105063853785396
12.51913047,1459136,137,,3343,81.67,,16792,0.0005,0.0,364544,-5954.881935119629,6.4059858322143555,23.516786608844995
10.552621500000003,1459424,137,,3346,81.98,,16796,0.0005,0.0,364608,-5879.472602844238,6.19409054517746,23.511356215924025
10.08220698,1459680,137,,3347,82.42,,16800,0.0005,0.0,364672,-5902.342330932617,6.3670215755701065,28.94843165576458
8.06699818,1459936,137,,3350,82.08,,16804,0.0005,0.0,364736,-5952.210517883301,6.183300323784351,15.380138101056218
7.830731839999999,1460224,137,,3353,82.59,,16808,0.0005,0.0,364800,-5929.050018310547,6.377028055489063,22.349029978737235
7.488893230000001,1460576,137,,3354,82.22,,16812,0.0005,0.0,364928,-5806.029579162598,6.2456043884158134,26.727986617013812
8.02134561,1460992,137,13.312812750711732,3358,81.73,19.516349178483214,16816,0.0005,0.0,364992,-5785.696319580078,6.199508830904961,21.269830724224448
7.75650978,1461440,137,,3361,82.65,,16820,0.0005,0.0,365120,-5747.768348693848,6.0899326875805855,22.816382121294737
3.908182950000001,1461760,137,,3363,82.09,,16824,0.0005,0.0,365184,-5735.6990966796875,6.067475505173206,24.08709741383791
4.23834013,1462144,137,,3364,81.91,,16828,0.0005,0.0,365312,-5806.161758422852,6.107204549014568,24.501839973032475
6.60682139,1462240,137,,3364,81.92,,16832,,,,,,
6.531168640000001,1462720,137,,3368,82.03,,16836,0.0005,0.0,365440,-5779.945724487305,6.172918789088726,16.118612609803677
6.65358654,1463104,137,,3372,82.84,,16840,0.0005,0.0,365568,-5808.47061920166,6.094592694193125,24.14044921658933
4.825321529999999,1463552,137,,3375,83.02,,16844,0.0005,0.0,365632,-5811.870422363281,6.236443035304546,22.647535856813192
4.93272824,1463776,137,15.916803399782717,3376,83.22,19.075615563236827,16848,0.0005,0.0,365696,-5902.347549438477,6.0570188239216805,17.781301647424698
4.313011070000001,1463872,137,,3378,83.16,,16852,0.0005,0.0,365760,-5875.793754577637,6.206368751823902,28.11121472530067
3.977700320000001,1464384,137,,3383,82.78,,16856,0.0005,0.0,365888,-5776.044342041016,6.215267010033131,26.62224494665861
3.9383407500000005,1464672,137,,3383,83.46,,16860,0.0005,0.0,365952,-5923.399711608887,6.148263115435839,26.141875872388482
4.60287276,1464768,137,,3383,84.26,,16864,,,,,,
5.1360481600000005,1465024,137,,3386,82.91,,16868,0.0005,0.0,366016,-5920.871894836426,6.115726135671139,37.51894522085786
4.99824444,1465472,137,,3389,82.7,,16872,0.0005,0.0,366144,-5878.911598205566,6.0560925006866455,25.47418175265193
4.690430589999999,1466048,137,,3393,82.23,,16876,0.0005,0.0,366272,-5848.690116882324,5.953265719115734,16.55157458409667
2.076944089999999,1466752,137,12.992041603642338,3398,83.23,16.54265269643418,16880,0.0005,0.0,366464,-5897.440376281738,6.138794265687466,26.474106512963772
4.098745019999999,1466944,137,,3401,83.64,,16884,0.0005,0.0,366528,-5939.7268142700195,5.852404423058033,17.733504271134734
4.6949107,1467168,137,,3401,82.85,,16888,0.0005,0.0,366592,-5929.308906555176,6.097359016537666,27.147338807582855
4.4977125099999995,1467392,137,,3404,83.7,,16892,,,,,,
6.16023757,1467712,137,,3405,83.75,,16896,0.0005,0.0,366720,-5861.794212341309,5.978570446372032,21.498311964794993
6.095353839999998,1468256,137,,3409,84.7,,16900,0.0005,0.0,366848,-5814.166397094727,6.0359576269984245,30.175832157954574
7.70360369,1468384,137,,3409,85.61,,16904,,,,,,
9.920081960000001,1468832,137,,3412,85.55,,16908,0.0005,0.0,366976,-5903.18342590332,6.2334607765078545,27.798931820318103
10.3459582,1469696,137,12.504428405180287,3419,86.18,17.21077845219656,16912,0.0005,0.0,367168,-5893.734146118164,6.050661955028772,20.73315966129303
10.53997958,1469824,137,,3419,86.25,,16916,0.0005,0.0,367232,-6005.128829956055,6.103978186845779,24.295644083991647
10.526154950000002,1469984,137,,3422,85.69,,16920,0.0005,0.0,367296,-5974.569221496582,5.81969041377306,21.02561371959746
14.12707792,1470272,137,,3423,85.69,,16924,0.0005,0.0,367360,-5900.040351867676,6.234080001711845,34.18763009645045
13.61297621,1470432,137,,3423,86.4,,16928,,,,,,
13.63326675,1470592,137,,3426,86.47,,16932,0.0005,0.0,367424,-5903.473731994629,6.290004059672356,30.415860937908292
13.3839767,1471168,137,,3430,87.32,,16936,0.0005,0.0,367552,-5736.51407623291,6.1132193095982075,26.879780683666468
13.67309647,1471744,137,,3434,86.04,,16940,0.0005,0.0,367680,-5940.150894165039,6.054369390010834,21.166163757443428
18.53351539,1471968,137,,3435,85.35,,16944,0.0005,0.0,367744,-5893.9138259887695,5.858231872320175,14.933455515652895
18.131046960000006,1472224,137,,3438,85.4,,16948,0.0005,0.0,367808,-5873.096366882324,6.093445859849453,25.918188020586967
19.219870049999997,1472544,137,13.414767428039498,3441,84.93,17.008618797366832,16952,0.0005,0.0,367936,-5870.994125366211,6.10855758190155,23.585641752928495
18.80979936,1472960,137,,3442,85.86,,16956,0.0005,0.0,368000,-5876.564315795898,6.061879605054855,22.71991491317749
19.135104469999998,1473088,137,,3444,84.82,,16960,0.0005,0.0,368064,-5884.168243408203,5.871169321238995,22.056097639724612
18.90614925,1473568,137,,3448,85.32,,16964,0.0005,0.0,368192,-5818.745803833008,6.083040297031403,18.41585578210652
18.38579414,1473792,137,,3449,86.58,,16968,,,,,,
16.29338853,1474112,137,,3452,85.82,,16972,0.0005,0.0,368320,-5932.451469421387,5.9119792357087135,25.03854680620134
16.77748167,1474208,137,,3452,85.95,,16976,,,,,,
19.15025246,1474624,137,,3455,84.58,,16980,0.0005,0.0,368448,-5944.526008605957,5.808248467743397,12.597021643072367
19.148302920000003,1474880,137,,3456,84.48,,16984,0.0005,0.0,368512,-5959.094535827637,6.0090634897351265,27.3117952439934
19.374646809999998,1475392,137,,3459,83.2,,16988,0.0005,0.0,368640,-5904.251434326172,5.98765904456377,26.747537894174457
20.003507969999998,1475552,137,14.984558825585811,3460,83.05,18.690891247890015,16992,,,,,,
20.55149654,1476000,137,,3464,82.4,,16996,0.0005,0.0,368768,-5965.791816711426,6.098427884280682,21.9883864633739
21.03324219,1476224,137,,3466,81.95,,17000,0.0005,0.0,368832,-5975.633949279785,6.01392438262701,37.663682132959366
21.427745659999996,1476736,137,,3470,80.96,,17004,0.0005,0.0,368960,-5992.744422912598,6.0204062089324,25.901975424960256
21.545486279999995,1477216,137,,3474,80.85,,17008,0.0005,0.0,369088,-5930.215354919434,6.086611274629831,31.04476099833846
21.960718449999998,1477408,137,,3474,80.35,,17012,0.0005,0.0,369152,-5998.242919921875,5.9005398489534855,24.011426175013185
21.90441539,1477568,137,,3474,80.21,,17016,,,,,,
21.941774139999996,1477888,137,,3478,81.52,,17020,0.0005,0.0,369216,-6007.399360656738,6.033350735902786,24.30117849074304
17.74832332,1478272,137,,3481,80.5,,17024,0.0005,0.0,369344,-5974.510452270508,6.1125595942139626,30.98756020516157
18.12587774,1478688,137,12.903160475269749,3484,79.9,14.587289981635864,17028,0.0005,0.0,369472,-6000.653221130371,6.018441751599312,17.046344313770533
18.203078509999997,1479040,137,,3485,79.87,,17032,0.0005,0.0,369536,-6002.121017456055,6.111575875431299,22.96013661287725
16.14463762,1479456,137,,3488,79.15,,17036,0.0005,0.0,369664,-5974.247001647949,5.957205042243004,24.9904688000679
16.1103761,1479712,137,,3491,79.78,,17040,0.0005,0.0,369728,-5929.473617553711,5.981981463730335,25.286410823464394
15.438558530000002,1480352,137,,3495,81.77,,17044,0.0005,0.0,369856,-5889.817840576172,5.980707220733166,30.71972801722586
15.931181469999999,1480768,137,,3499,81.46,,17048,0.0005,0.0,369984,-6000.579818725586,6.071783185005188,21.320718260481954
15.75735815,1481120,137,,3499,82.2,,17052,0.0005,0.0,370048,-6052.917617797852,5.964367534965277,21.648521453142166
15.83020563,1481216,137,,3502,82.57,,17056,,,,,,
15.84780128,1481536,137,,3503,82.53,,17060,0.0005,0.0,370176,-5974.103096008301,6.01954559981823,14.270602729171515
15.751279070000002,1481728,137,12.200023898312178,3506,82.11,16.228533760894436,17064,,,,,,
15.963541749999997,1482144,137,,3507,82.13,,17068,0.0005,0.0,370304,-6067.299781799316,5.972062267363071,19.259733578190207
18.2237353,1482464,137,,3511,83.44,,17072,0.0005,0.0,370368,-6089.753135681152,6.2685806304216385,21.477844471111894
18.404809670000002,1482656,137,,3511,84.46,,17076,0.0005,0.0,370432,-6006.453987121582,6.193669535219669,29.370263028889894
18.545041899999998,1482976,137,,3514,84.28,,17080,0.0005,0.0,370496,-5998.416244506836,5.853818446397781,16.841419795528054
18.6972349,1483712,137,,3519,84.39,,17084,0.0005,0.0,370688,-6027.787200927734,6.06501279771328,30.25135120563209
18.47401438,1483904,137,,3521,84.7,,17088,0.0005,0.0,370752,-5985.913795471191,6.011924125254154,27.14495386555791
18.788382719999994,1484032,137,19.542062947784032,3522,84.37,20.713131779499044,17092,,,,,,
18.887169219999997,1484288,137,,3524,84.01,,17096,0.0005,0.0,370816,-5965.646659851074,5.941633358597755,25.492529436945915
19.04488979,1484864,137,,3528,83.96,,17100,0.0005,0.0,371008,-5965.339416503906,6.01260781288147,18.88726350478828
17.0509613,1484960,137,,3528,84.56,,17104,,,,,,
16.74113803,1485184,137,,3528,84.76,,17108,0.0005,0.0,371072,-5974.411468505859,6.021245203912258,27.530507657676935
16.72281393,1485792,137,,3532,84.5,,17112,0.0005,0.0,371200,-5925.007591247559,5.902904629707336,18.66450478695333
14.428127279999998,1486016,137,,3535,84.83,,17116,0.0005,0.0,371264,-5872.482765197754,6.110048517584801,21.47375839948654
14.47904646,1486752,137,,3540,83.61,,17120,0.0005,0.0,371456,-6012.852500915527,5.871307946741581,24.321407159790397
18.677353349999997,1486848,137,,3542,84.48,,17124,,,,,,
18.761346649999997,1486976,137,,3543,84.24,,17128,0.0005,0.0,371520,-5980.402313232422,5.898638933897018,19.60990820452571
18.534043199999996,1487488,137,12.483324507527131,3546,84.72,18.8748066853851,17132,0.0005,0.0,371648,-6051.156150817871,5.853468876332045,19.404039965942502
20.896110959999998,1487680,137,,3547,84.9,,17136,0.0005,0.0,371712,-6075.034713745117,5.946108136326075,21.70128316618502
20.947350500000002,1487872,137,,3549,84.7,,17140,,,,,,
21.330416689999996,1488576,137,,3553,82.93,,17144,0.0005,0.0,371904,-6049.151237487793,5.867508709430695,23.878312945365906
18.860283329999998,1488800,137,,3554,83.1,,17148,0.0005,0.0,371968,-6059.2818603515625,5.968854583799839,12.389191763475537
19.208862640000003,1488896,137,,3556,83.03,,17152,,,,,,
18.753059500000003,1489088,137,,3557,81.67,,17156,0.0005,0.0,372032,-6065.032646179199,5.716905873268843,19.685320176184177
18.46374302,1489408,137,,3560,82.37,,17160,0.0005,0.0,372096,-5973.589447021484,5.6746328584849834,20.798530286177993
18.405276339999997,1489632,137,,3561,81.52,,17164,0.0005,0.0,372160,-6062.44384765625,5.713479194790125,18.79253859259188
18.36355599,1490016,137,13.224291327597728,3564,80.61,16.151641277951533,17168,0.0005,0.0,372288,-6069.178489685059,6.024320725351572,24.548403702676296
17.67937021,1490720,137,,3569,80.16,,17172,0.0005,0.0,372480,-5948.805252075195,5.766685724258423,26.934726973995566
18.05420925,1491168,137,,3571,78.35,,17176,0.0005,0.0,372544,-6033.302146911621,5.974753566086292,17.756365248933434
17.11667049,1491456,137,,3574,79.79,,17180,0.0005,0.0,372608,-6018.251426696777,5.673149585723877,17.115276396274567
16.836444919999998,1491808,137,,3575,80.6,,17184,0.0005,0.0,372736,-6066.04598236084,5.867873448878527,20.051888279616833
14.147404790000001,1491968,137,,3578,81.11,,17188,,,,,,
13.948471829999999,1492192,137,,3579,81.52,,17192,0.0005,0.0,372800,-6072.200157165527,6.0374406315386295,29.619357081130147
13.657202019999998,1492704,137,,3581,82.53,,17196,0.0005,0.0,372928,-5971.251243591309,5.993212804198265,24.598738066852093
13.307529480000001,1493120,137,,3585,83.12,,17200,0.0005,0.0,373056,-6103.152458190918,5.787119470536709,15.059415016323328
15.166492929999997,1493152,137,,3585,83.48,,17204,,,,,,
15.37008716,1493344,137,12.992108333137034,3586,83.39,17.484902740330373,17208,0.0005,0.0,373120,-6086.290718078613,5.834320768713951,14.23405052907765
13.464600009999996,1493920,137,,3590,82.59,,17212,0.0005,0.0,373248,-5966.258186340332,5.86160396784544,35.0811605732888
15.807529090000001,1494240,137,,3593,81.82,,17216,0.0005,0.0,373312,-6010.70450592041,5.575933206826448,21.877635618671775
15.960340100000002,1494496,137,,3594,81.71,,17220,0.0005,0.0,373376,-6015.514701843262,5.780757926404476,16.933068048208952
15.814320089999999,1494688,137,,3597,81.3,,17224,0.0005,0.0,373440,-6030.254776000977,6.0501692444086075,16.29690057039261
15.612824110000002,1494816,137,,3598,81.59,,17228,0.0005,0.0,373504,-6040.768493652344,6.045472599565983,19.671918474137783
13.466462749999998,1495296,137,,3601,80.43,,17232,0.0005,0.0,373568,-6009.773620605469,5.907131843268871,35.78128169476986
13.287023430000001,1495712,137,,3605,79.94,,17236,0.0005,0.0,373696,-6068.729339599609,5.686544429510832,36.348106974735856
8.86180333,1496160,137,,3608,78.85,,17240,0.0005,0.0,373824,-6042.20866394043,5.737795125693083,29.18899072520435
8.43192514,1496352,137,13.420672078968986,3608,79.45,14.201624180651113,17244,0.0005,0.0,373888,-6121.171524047852,6.0113824903965,37.03786947205663
10.53787738,1496640,137,,3611,80.28,,17248,0.0005,0.0,373952,-6206.300918579102,5.862350448966026,22.869696689769626
10.532653579999998,1496896,137,,3612,79.7,,17252,0.0005,0.0,374016,-6007.473739624023,6.006628565490246,15.808589106425643
10.889610269999999,1497312,137,,3615,80.77,,17256,0.0005,0.0,374080,-6026.037651062012,5.97963510453701,16.793364319950342
11.104436580000002,1497792,137,,3618,80.32,,17260,0.0005,0.0,374208,-6147.634765625,5.709142565727234,17.080407155677676
11.253348569999996,1498336,137,18.349931895141967,3622,81.11,19.51943428469719,17264,0.0005,0.0,374336,-6044.741401672363,5.79811342805624,17.0381932631135
10.92144605,1498560,137,,3622,82.01,,17268,0.0005,0.0,374400,-6045.496673583984,5.7526610270142555,29.665113849565387
8.840223940000001,1498976,137,,3626,82.74,,17272,0.0005,0.0,374528,-6084.939178466797,5.734063643962145,15.43962886929512
8.69195872,1499200,137,,3629,83.62,,17276,0.0005,0.0,374592,-6096.786994934082,5.806943818926811,28.219917703419924
8.650588130000001,1499744,137,,3633,82.75,,17280,0.0005,0.0,374720,-6068.282928466797,5.724577475339174,21.424021508544683
8.632837619999998,1499872,137,,3633,83.17,,17284,,,,,,
11.466208000000002,1500160,137,,3636,82.84,,17288,0.0005,0.0,374784,-6143.153861999512,5.580161776393652,20.19176646322012
11.56576329,1500800,137,,3641,82.82,,17292,0.0005,0.0,374976,-6156.813049316406,5.929650120437145,14.354408141225576
11.49930848,1501088,137,,3641,82.77,,17296,0.0005,0.0,375040,-6127.898864746094,5.749441262334585,23.02864671126008
11.514008660000002,1501440,137,,3645,83.19,,17300,0.0005,0.0,375104,-6026.58268737793,5.678108975291252,17.881052050739527
11.8653982,1501856,137,,3647,82.82,,17304,0.0005,0.0,375232,-6092.478927612305,5.803845729678869,24.27037811651826
11.364375620000002,1502144,137,9.993221890238864,3648,83.3,16.26739555033466,17308,0.0005,0.0,375296,-6082.132225036621,5.949608191847801,18.14993381127715
10.70831107,1502944,137,,3654,84.28,,17312,0.0005,0.0,375488,-6119.648384094238,5.768354877829552,14.421313360333443
10.4427958,1503040,137,,3655,85.5,,17316,0.0005,0.0,375552,-6064.655464172363,5.690791487693787,22.073058735579252
8.16380178,1503264,137,,3658,85.73,,17320,0.0005,0.0,375616,-6086.460174560547,5.681166082620621,14.274562526494265
7.996092839999999,1503584,137,,3659,86.28,,17324,0.0005,0.0,375680,-6136.36555480957,5.834212675690651,30.33038760535419
8.286845369999998,1503680,137,,3659,86.43,,17328,,,,,,
8.14955374,1504000,137,,3662,86.92,,17332,0.0005,0.0,375744,-6063.286643981934,5.772249918431044,29.066986864432693
5.796001460000001,1504512,137,15.454387011729633,3666,88.13,17.236352486544256,17336,0.0005,0.0,375872,-6098.481353759766,5.831587769091129,29.618065733462572
10.34874205,1504896,137,,3669,89.05,,17340,0.0005,0.0,376000,-6130.2482986450195,5.795497067272663,25.43839236162603
10.678599250000001,1505024,137,,3669,89.38,,17344,,,,,,
10.506708060000001,1505568,137,,3673,88.22,,17348,0.0005,0.0,376192,-6059.051681518555,5.783009547740221,21.789476793259382
7.871770009999998,1506080,137,,3677,88.55,,17352,0.0005,0.0,376320,-6020.941047668457,5.669456887990236,17.323078867048025
8.205188889999999,1506400,137,23.881359537408542,3680,87.83,22.671887123368098,17356,0.0005,0.0,376384,-6130.134254455566,5.713342443108559,19.386836694553494
7.687732089999998,1506528,137,,3681,87.54,,17360,,,,,,
7.673252739999999,1506816,137,,3684,88.12,,17364,0.0005,0.0,376448,-6038.277076721191,5.76321978494525,20.996099032461643
6.8774348599999975,1507008,137,,3684,87.0,,17368,0.0005,0.0,376512,-5991.328880310059,5.667512305080891,17.458879999816418
9.282221479999999,1507200,137,,3685,86.28,,17372,0.0005,0.0,376576,-6058.8227615356445,5.668576620519161,18.74400787986815
9.29670647,1507520,137,,3688,86.61,,17376,0.0005,0.0,376640,-6046.189468383789,5.907044492661953,14.447691781446338
9.561521,1508160,137,,3691,86.59,,17380,0.0005,0.0,376832,-6007.111770629883,5.742618337273598,20.50912127457559
9.58761316,1508384,137,,3694,85.82,,17384,0.0005,0.0,376896,-6068.619026184082,5.85143656283617,25.459710597991943
9.749756679999999,1508608,137,,3694,85.1,,17388,,,,,,
9.81083224,1509056,137,,3698,84.35,,17392,0.0005,0.0,377024,-5982.879783630371,5.838218957185745,25.32474005781114
9.654925519999999,1509376,137,12.00450455457042,3700,83.81,16.40128134441417,17396,0.0005,0.0,377088,-6043.56046295166,5.601139135658741,25.05963988415897
9.74850104,1509920,137,,3704,83.59,,17400,0.0005,0.0,377280,-6061.480995178223,5.762538317590952,28.444323547184467
9.72253567,1510144,137,,3705,84.1,,17404,,,,,,
8.03071058,1510528,137,,3708,83.05,,17408,0.0005,0.0,377408,-6011.8080978393555,5.741485837846994,23.88827284798026
7.657535629999999,1510720,137,,3709,83.25,,17412,0.0005,0.0,377472,-6033.698387145996,5.55444198101759,16.62506389990449
10.12905999,1510848,137,,3709,82.99,,17416,,,,,,
10.15180226,1511232,137,20.801457557874,3713,82.07,22.01369635615102,17420,0.0005,0.0,377600,-6152.562187194824,5.596079062670469,15.652145449072123
8.26343809,1511584,137,,3716,80.88,,17424,0.0005,0.0,377664,-6141.548942565918,5.6603101417422295,21.50735616311431
7.996024400000001,1511968,137,,3719,82.15,,17428,0.0005,0.0,377792,-6222.311080932617,5.702834777534008,21.457956314086914
9.989567440000002,1512480,137,,3723,81.38,,17432,0.0005,0.0,377920,-6100.915954589844,5.608597703278065,33.40345925092697
9.94305375,1512832,137,,3723,81.4,,17436,0.0005,0.0,377984,-6066.4501876831055,5.693396359682083,24.565538071095943
9.743252460000003,1513184,137,,3727,80.8,,17440,0.0005,0.0,378048,-6096.765045166016,5.642379734665155,19.215348916128278
9.59386914,1513312,137,,3728,80.48,,17444,0.0005,0.0,378112,-6070.214859008789,5.456323705613613,13.256603389978409
12.687785709999998,1513952,137,16.195770190790252,3731,81.38,18.687304238044455,17448,0.0005,0.0,378240,-6093.814521789551,5.657125134021044,22.546304719522595
10.45191344,1514272,137,,3734,81.55,,17452,0.0005,0.0,378368,-6088.476638793945,5.568543244153261,17.71018331684172
10.02779848,1514464,137,,3734,83.01,,17456,,,,,,
10.544878619999997,1514656,137,,3737,83.68,,17460,0.0005,0.0,378432,-6047.6942138671875,5.7275140807032585,21.94499273598194
8.13772372,1515072,137,,3741,82.85,,17464,0.0005,0.0,378560,-6067.114440917969,5.921763814985752,21.54627783410251
9.44602208,1515616,137,,3744,83.0,,17468,0.0005,0.0,378688,-6041.5197677612305,5.578402392566204,14.78748189844191
6.53937345,1515904,137,,3745,83.3,,17472,0.0005,0.0,378752,-5989.765365600586,5.700677193701267,25.719885202124715
6.5666825100000015,1516128,137,17.429016045552828,3748,82.41,20.55108940643956,17476,0.0005,0.0,378816,-5946.6804275512695,5.623926378786564,31.135199509561062
7.346818300000001,1516512,137,,3749,81.87,,17480,0.0005,0.0,378880,-6045.708198547363,5.499359782785177,21.0018260627985
6.89038324,1516704,137,,3751,82.32,,17484,0.0005,0.0,378944,-6051.673202514648,5.6129251308739185,14.486347755417228
6.636905730000002,1517088,137,,3755,82.93,,17488,0.0005,0.0,379072,-6182.336883544922,5.695521734654903,16.54814244247973
6.120830390000001,1517312,137,,3755,84.93,,17492,,,,,,
6.462797100000001,1517920,137,,3759,84.62,,17496,0.0005,0.0,379264,-6122.7218017578125,5.737226784229279,15.909867467358708
6.507566870000001,1518176,137,,3763,84.73,,17500,0.0005,0.0,379328,-6096.528648376465,5.606195796281099,20.288431702181697
8.99182992,1518464,137,16.147317386284808,3764,83.49,19.161244931558482,17504,0.0005,0.0,379392,-6020.147605895996,5.57956125587225,17.03434469923377
8.901514310000001,1518880,137,,3767,83.38,,17508,0.0005,0.0,379520,-6052.887260437012,5.5411471500992775,18.271306298673153
9.322680220000002,1519072,137,,3767,82.93,,17512,,,,,,
6.93281576,1519296,137,,3770,82.87,,17516,0.0005,0.0,379584,-6028.320693969727,5.472051426768303,22.911876698955894
6.7311897300000005,1519552,137,,3771,83.86,,17520,0.0005,0.0,379648,-6000.455833435059,5.883459020406008,24.70735176280141
8.0114398,1519968,137,,3774,84.18,,17524,0.0005,0.0,379776,-6126.2600021362305,5.66392744332552,16.276033041998744
8.172111710000001,1520352,137,,3777,83.23,,17528,0.0005,0.0,379840,-6035.574989318848,5.540191054344177,22.02176845818758
8.57571175,1520800,137,,3780,83.84,,17532,0.0005,0.0,379968,-6117.062553405762,5.565891735255718,21.11648421548307
10.889509419999998,1521216,137,,3784,83.85,,17536,0.0005,0.0,380096,-6024.231918334961,5.452259503304958,26.968168823048472
10.986761040000001,1521472,137,,3784,84.01,,17540,0.0005,0.0,380160,-6051.620094299316,5.79700393229723,28.421559441834688
11.120595320000001,1521824,137,,3787,84.37,,17544,0.0005,0.0,380224,-6065.222923278809,5.452094424515963,13.550576882436872
8.568968830000001,1522400,137,,3791,84.43,,17548,0.0005,0.0,380352,-6041.843711853027,5.456817045807838,21.059533327817917
10.74483743,1522528,137,,3791,84.32,,17552,0.0005,0.0,380416,-6137.45442199707,5.835616819560528,13.593796530738473
11.005839059999998,1523104,137,9.289814099197047,3795,83.79,15.338879391428087,17556,0.0005,0.0,380544,-6090.64762878418,5.416695509105921,19.433961106464267
10.915884290000001,1523232,137,,3798,84.54,,17560,0.0005,0.0,380608,-6194.449882507324,5.52971825376153,25.462155865505338
13.416476460000002,1523552,137,,3799,85.17,,17564,0.0005,0.0,380672,-6130.3020095825195,5.368535287678242,14.88634836487472
13.190679490000003,1524032,137,,3802,85.5,,17568,0.0005,0.0,380800,-6097.20881652832,5.575719021260738,13.499910969287157
15.74953109,1524416,137,,3805,84.62,,17572,0.0005,0.0,380864,-6246.805793762207,5.549934130162001,18.052598847076297
15.97694321,1524544,137,,3806,84.8,,17576,0.0005,0.0,380928,-6147.321746826172,5.496417619287968,25.841163992881775
13.65418318,1524768,137,,3809,85.4,,17580,0.0005,0.0,380992,-6251.959609985352,5.342982150614262,10.184286519885063
13.909569269999997,1525280,137,,3812,85.29,,17584,0.0005,0.0,381120,-6157.163642883301,5.526291705667973,15.690558522939682
10.81440235,1525888,137,,3815,85.7,,17588,0.0005,0.0,381248,-6136.484680175781,5.565161474049091,30.249680183827877
11.165774310000002,1526080,137,,3816,84.55,,17592,0.0005,0.0,381312,-6169.965003967285,5.659557096660137,24.874572083353996
11.21619647,1526368,137,,3818,84.0,,17596,0.0005,0.0,381376,-6157.545928955078,5.520459391176701,26.290538229048252
11.418038999999998,1526656,137,,3819,84.44,,17600,0.0005,0.0,381440,-6180.617782592773,5.501927521079779,37.456884579733014
11.29312965,1526976,137,,3822,85.33,,17604,0.0005,0.0,381504,-6137.281959533691,5.382572300732136,11.165676902979612
11.346607159999998,1527232,137,11.13131681748672,3823,86.58,15.89116327023383,17608,0.0005,0.0,381568,-6041.015808105469,5.4606544859707355,20.82151921465993
13.74242422,1527680,137,,3827,86.32,,17612,0.0005,0.0,381696,-5983.14208984375,5.320530228316784,16.40126035735011
15.698765759999997,1527968,137,,3829,86.49,,17616,0.0005,0.0,381760,-6005.89826965332,5.324493069201708,14.557117467746139
15.739617740000002,1528544,137,,3833,86.16,,17620,0.0005,0.0,381888,-6091.227996826172,5.538944214582443,13.872497944161296
16.530825229999998,1528832,137,20.975724314593226,3836,85.76,20.378909434084512,17624,0.0005,0.0,381952,-6042.931411743164,5.471500299870968,30.192925937473774
16.20301983,1529088,137,,3836,86.21,,17628,0.0005,0.0,382016,-6115.881011962891,5.333324052393436,15.40909693390131
16.233179319999998,1529408,137,,3840,86.69,,17632,0.0005,0.0,382144,-6085.221115112305,5.609586626291275,16.71533066406846
16.52537556,1529504,137,,3840,86.24,,17636,,,,,,
16.19450859,1529824,137,,3841,86.83,,17640,0.0005,0.0,382208,-6085.370101928711,5.478672828525305,16.59536386281252
16.28235743,1530272,137,,3844,86.98,,17644,0.0005,0.0,382336,-6103.632286071777,5.469666633754969,19.21975076943636
16.54903601,1530848,137,21.885049641945194,3848,86.59,21.030932392954945,17648,0.0005,0.0,382464,-6112.293365478516,5.443485405296087,21.177501985803246
16.1845727,1531168,137,,3851,86.4,,17652,0.0005,0.0,382592,-5987.914566040039,5.599457897245884,20.535022910684347
13.68637408,1531520,137,,3854,85.91,,17656,0.0005,0.0,382656,-5971.98942565918,5.498312629759312,16.89945719204843
13.896675750000002,1531648,137,,3854,84.4,,17660,,,,,,
13.711748399999998,1532320,137,,3858,84.01,,17664,0.0005,0.0,382848,-6106.563209533691,5.413147583603859,21.911028677597642
13.668429819999997,1532608,137,,3862,84.02,,17668,0.0005,0.0,382912,-6018.98477935791,5.409818131476641,27.313091970048845
11.358499399999998,1532768,137,,3862,86.05,,17672,0.0005,0.0,382976,-6103.981071472168,5.392829407006502,19.495395071804523
10.927327989999998,1533088,137,,3866,87.24,,17676,0.0005,0.0,383040,-6135.522247314453,5.381173063069582,10.656483229249716
13.294211119999998,1533472,137,,3870,86.85,,17680,0.0005,0.0,383168,-5962.338363647461,5.415577199310064,19.73541376553476
13.580167000000001,1533664,137,,3870,85.97,,17684,,,,,,
16.62162329,1533888,137,,3870,85.34,,17688,0.0005,0.0,383232,-6061.719085693359,5.376151546835899,18.584879418835044
16.55271171,1534368,137,10.888433572750968,3874,85.75,16.1951863912012,17692,0.0005,0.0,383360,-6017.495544433594,5.380828984081745,15.728688806295395
16.56171525,1534944,137,,3877,86.75,,17696,0.0005,0.0,383488,-6097.646110534668,5.312239855527878,17.334322929382324
14.236114669999997,1535168,137,,3880,85.74,,17700,0.0005,0.0,383552,-6128.1965255737305,5.312226343899965,12.263264529407024
14.266763059999999,1535456,137,,3881,84.62,,17704,0.0005,0.0,383616,-6094.066062927246,5.390432719141245,21.266488267108798
13.925979,1535968,137,,3885,84.04,,17708,0.0005,0.0,383744,-6081.577323913574,5.25734219700098,21.10661907494068
13.36660543,1536256,137,,3888,84.52,,17712,0.0005,0.0,383808,-6120.684783935547,5.218867048621178,29.382613437250257
10.97318689,1536512,137,,3891,84.73,,17716,0.0005,0.0,383872,-6106.3422927856445,5.089880254119635,18.275237273424864
11.1861034,1536768,137,,3892,85.16,,17720,0.0005,0.0,383936,-6164.459930419922,5.041371017694473,16.710853843018413
11.363258030000003,1537184,137,13.540834969400363,3895,85.52,16.913880778028588,17724,0.0005,0.0,384064,-6126.711311340332,5.242689412087202,25.270313918590546
11.220386550000002,1537472,137,,3896,86.06,,17728,0.0005,0.0,384128,-5987.855880737305,5.206881061196327,18.12776237167418
11.05793482,1538048,137,,3901,85.6,,17732,0.0005,0.0,384256,-6062.243560791016,5.3742870464921,24.39512873440981
10.877195080000002,1538112,137,,3901,85.64,,17736,0.0005,0.0,384320,-6097.076477050781,5.401027657091618,21.518680969253182
11.331911510000003,1538592,137,,3905,84.84,,17740,0.0005,0.0,384448,-6049.742431640625,5.2831986248493195,22.425220442935824
11.315775839999999,1538752,137,,3905,84.38,,17744,,,,,,
11.227094529999997,1539296,137,,3909,83.6,,17748,0.0005,0.0,384576,-6174.071113586426,5.231314688920975,18.34496189467609
13.91869968,1539488,137,,3909,83.77,,17752,0.0005,0.0,384640,-6179.184104919434,5.294595189392567,23.577129431068897
16.26726442,1539680,137,,3912,84.4,,17756,0.0005,0.0,384704,-6216.292831420898,5.214476775377989,21.046531392261386
13.94856879,1539904,137,,3913,84.57,,17760,0.0005,0.0,384768,-6131.837852478027,5.256536051630974,23.171924608759582
14.274681699999999,1540096,137,,3916,83.78,,17764,,,,,,
14.410821030000001,1540640,137,,3920,83.26,,17768,0.0005,0.0,384960,-6100.462097167969,5.246440447866917,11.886975584551692
14.771240849999996,1541056,137,,3921,81.28,,17772,0.0005,0.0,385024,-6040.801864624023,5.15916608273983,11.157361911609769
13.034235709999997,1541312,137,,3923,79.37,,17776,0.0005,0.0,385088,-6090.023307800293,5.213624268770218,17.278545765206218
11.974356099999998,1541696,137,8.95520000288773,3926,80.1,13.257093626397307,17780,0.0005,0.0,385216,-6102.486106872559,5.279411759227514,24.71465373598039
11.87023951,1541952,137,,3927,81.11,,17784,0.0005,0.0,385280,-6043.14924621582,5.321167692542076,20.01219985820353
11.920120970000001,1542208,137,,3931,81.99,,17788,0.0005,0.0,385344,-6093.574165344238,5.254698798060417,17.46734436042607
12.020481260000004,1542624,137,,3931,81.74,,17792,0.0005,0.0,385408,-6093.226516723633,5.138629335910082,27.883670238777995
11.877780869999997,1543392,137,,3939,81.93,,17796,0.0005,0.0,385600,-6046.217437744141,5.304347261786461,20.470054127275944
14.169016939999999,1543456,137,18.8126413864233,3939,82.62,18.732913812745455,17800,0.0005,0.0,385664,-6134.8757400512695,5.385542385280132,19.131058091297746
14.207644079999998,1543648,137,,3939,83.0,,17804,,,,,,
14.28796664,1544160,137,,3943,83.12,,17808,0.0005,0.0,385792,-6118.209030151367,5.436366409063339,29.0434152148664
14.745744019999997,1544448,137,,3946,82.99,,17812,0.0005,0.0,385856,-6112.360595703125,5.5625064224004745,34.402846002951264
17.63141721,1544768,137,,3948,83.12,,17816,0.0005,0.0,385984,-6137.774612426758,5.064396940171719,17.094207713380456
17.54278679,1545056,137,,3949,82.49,,17820,0.0005,0.0,386048,-6115.154228210449,5.221889425069094,18.006159994751215
17.54862182,1545312,137,,3953,83.29,,17824,0.0005,0.0,386112,-6181.411819458008,4.976045917719603,14.913665173575282
17.657963640000002,1545920,137,,3956,82.33,,17828,0.0005,0.0,386240,-6127.38850402832,5.035456370562315,19.943559313192964
17.77827867,1546208,137,,3957,82.07,,17832,0.0005,0.0,386304,-6137.926712036133,5.342199459671974,19.91134149208665
17.610268650000002,1546720,137,13.570690119235445,3961,82.66,18.220172876097436,17836,0.0005,0.0,386432,-6181.47566986084,5.123909022659063,20.367755183950067
17.116759270000003,1546976,137,,3964,82.49,,17840,0.0005,0.0,386496,-6150.276580810547,5.284852761775255,26.872704062610865
16.544299029999998,1547136,137,,3965,82.48,,17844,0.0005,0.0,386560,-6076.546012878418,5.2325791493058205,14.210025114938617
16.58372496,1547424,137,,3969,83.19,,17848,0.0005,0.0,386624,-6096.394073486328,5.079708233475685,26.764979623258114
15.878177589999998,1547680,137,,3969,83.95,,17852,0.0005,0.0,386688,-6013.814308166504,5.269381333142519,19.761721555143595
15.579773110000001,1548064,137,,3973,84.35,,17856,0.0005,0.0,386816,-6110.720916748047,5.196212135255337,19.93668962828815
15.385885739999999,1548864,137,,3979,84.46,,17860,0.0005,0.0,387008,-6131.436325073242,5.235413774847984,24.253864634782076
14.626476579999999,1549120,137,,3980,85.35,,17864,0.0005,0.0,387072,-6174.153251647949,5.281249418854713,18.94211190007627
14.803126409999997,1549312,137,,3982,84.68,,17868,,,,,,
17.077991259999997,1549696,137,,3983,85.43,,17872,0.0005,0.0,387200,-6036.4174880981445,5.3283927999436855,15.523639298975468
19.2082542,1550048,137,,3986,86.11,,17876,0.0005,0.0,387264,-6186.409706115723,5.1475204192101955,33.50511775910854
19.82037281,1550432,137,13.166136842503143,3990,86.06,18.153232123283672,17880,0.0005,0.0,387392,-6178.753143310547,5.361838441342115,37.03579023480415
19.488805,1550912,137,,3994,87.29,,17884,0.0005,0.0,387520,-6134.638687133789,5.183388665318489,10.381748471409082
19.51511373,1551072,137,,3994,87.06,,17888,,,,,,
19.51507592,1551488,137,,3997,86.99,,17892,0.0005,0.0,387648,-6156.567237854004,5.083704616874456,18.68795605748892
19.408089920000002,1551840,137,,3997,87.39,,17896,0.0005,0.0,387712,-6108.479446411133,5.0381914265453815,15.36089993827045
19.565117430000004,1552000,137,23.60681089584412,4001,87.25,22.060332281589393,17900,0.0005,0.0,387776,-6171.315269470215,5.137489337474108,29.816017435863614
17.31532276,1552256,137,,4001,87.01,,17904,0.0005,0.0,387840,-6133.397155761719,5.066614542156458,15.936464834958315
17.731989589999998,1552672,137,,4004,86.3,,17908,0.0005,0.0,387968,-6101.126686096191,4.999055352061987,22.19037421606481
16.96615252,1552960,137,,4008,86.01,,17912,0.0005,0.0,388032,-6159.574012756348,5.084732633084059,19.742104338482022
12.43253633,1553248,137,,4008,84.4,,17916,0.0005,0.0,388096,-6128.710845947266,5.243892434984446,16.831283831968904
12.180649630000003,1553792,137,,4012,85.33,,17920,0.0005,0.0,388224,-6115.629058837891,5.005309045314789,20.45470549724996
12.213206009999999,1554112,137,,4015,85.0,,17924,0.0005,0.0,388288,-6153.437515258789,5.1774933487176895,19.206867450848222
12.64753916,1554208,137,,4016,85.21,,17928,0.0005,0.0,388352,-6140.993858337402,5.342646401375532,21.786287885159254
12.39983925,1554560,137,,4019,85.41,,17932,0.0005,0.0,388416,-6203.592071533203,5.15024222061038,21.72029285505414
12.612863699999998,1554752,137,17.046182139006667,4020,84.44,18.72724619549839,17936,0.0005,0.0,388480,-6254.766868591309,5.256796430796385,20.517337761819363
13.087332829999998,1554944,137,,4022,84.46,,17940,,,,,,
13.305273620000001,1555552,137,,4026,85.25,,17944,0.0005,0.0,388672,-6187.7462158203125,5.1939500123262405,20.082026911899447
13.723030089999998,1555872,137,,4026,84.09,,17948,0.0005,0.0,388736,-6212.748405456543,5.045042350888252,28.807158755138516
14.289163560000002,1556448,137,,4029,83.94,,17952,0.0005,0.0,388864,-6161.059135437012,4.9064322374761105,16.47609125263989
14.811790980000001,1556896,137,,4033,82.27,,17956,0.0005,0.0,388992,-6276.347518920898,5.125778429210186,20.00692223198712
17.165444179999998,1557120,137,,4036,83.26,,17960,0.0005,0.0,389056,-6315.033622741699,5.1640110574662685,30.461956085637212
15.457332100000004,1557184,137,15.527903624446711,4036,83.35,18.71764506636983,17964,,,,,,
15.017786139999998,1557312,137,,4036,84.64,,17968,0.0005,0.0,389120,-6355.09162902832,5.135376617312431,23.714447313919663
12.753868400000002,1557952,137,,4040,83.99,,17972,0.0005,0.0,389248,-6255.677642822266,4.899262450635433,20.439440732821822
12.986219239999999,1558144,137,,4043,83.71,,17976,0.0005,0.0,389312,-6273.876525878906,5.031612444669008,16.778804978355765
13.05871595,1558336,137,,4044,84.02,,17980,0.0005,0.0,389376,-6245.018081665039,5.035236798226833,31.681047860533
11.377517769999999,1558720,137,9.358521264119307,4047,81.44,16.893580487017573,17984,0.0005,0.0,389440,-6181.87654876709,5.078251291066408,21.42774978466332
11.501765140000002,1558976,137,,4047,81.11,,17988,0.0005,0.0,389504,-6383.585662841797,5.213309492915869,33.24480298161507
11.78426186,1559200,137,,4051,80.54,,17992,0.0005,0.0,389568,-6272.478775024414,5.168624922633171,16.815384404733777
12.064529980000001,1559616,137,,4054,78.97,,17996,0.0005,0.0,389696,-6390.229293823242,5.1333151906728745,20.261084731668234
11.346712929999999,1560000,137,,4055,79.05,,18000,0.0005,0.0,389760,-6292.667289733887,4.834425423294306,15.18312299437821
13.6829502,1560320,137,,4058,79.52,,18004,0.0005,0.0,389824,-6304.371841430664,5.013362769037485,16.90680685080588
13.676369229999999,1560576,137,,4061,78.92,,18008,0.0005,0.0,389888,-6267.673637390137,5.0260747745633125,15.057203376665711
14.674385249999998,1560864,137,17.84201358972114,4062,79.02,19.254156939740767,18012,0.0005,0.0,390016,-6153.2626953125,5.241819050163031,28.016089553013444
19.09286847,1561088,137,,4064,79.98,,18016,,,,,,
19.161920749999997,1561312,137,,4065,79.1,,18020,0.0005,0.0,390080,-6201.405700683594,5.066595651209354,29.852802224457264
19.33766602,1561696,137,,4068,78.05,,18024,0.0005,0.0,390208,-6345.6796951293945,5.057603448629379,15.219865936785936
19.26512874,1562048,138,,4069,78.3,,18028,0.0005,0.0,390272,-6371.71346282959,4.882231775671244,21.89690508507192
19.502395169999996,1562272,137,,4071,78.68,,18032,0.0005,0.0,390336,-6300.741798400879,4.9203261360526085,16.839503394439816
17.32230464,1562496,138,,4072,78.51,,18036,0.0005,0.0,390400,-6182.987365722656,4.776995744556189,25.955071361735463
17.39594008,1562848,138,,4074,77.77,,18040,0.0005,0.0,390464,-6228.947364807129,4.872802544385195,20.98210186138749
17.37073034,1563072,138,,4075,77.13,,18044,0.0005,0.0,390528,-6206.699188232422,5.12407985702157,19.272914335131645
17.15620529,1563232,137,15.607804712645894,4078,77.28,19.55990025108807,18048,0.0005,0.0,390592,-6201.696754455566,4.796325977891684,10.567286940291524
15.036040680000001,1563680,137,,4081,76.41,,18052,0.0005,0.0,390720,-6190.6208572387695,5.095945335924625,19.87993740476668
12.778062540000002,1564128,138,,4082,76.18,,18056,0.0005,0.0,390784,-6260.8877029418945,4.983129095286131,17.92735329270363
12.895533100000002,1564256,137,,4085,75.3,,18060,0.0005,0.0,390848,-6325.570663452148,5.012178707867861,24.369323709979653
15.275907250000005,1564544,138,,4086,74.0,,18064,0.0005,0.0,390912,-6253.533164978027,4.960867039859295,15.259473221376538
15.769957320000003,1564736,137,,4089,72.92,,18068,0.0005,0.0,390976,-6194.396759033203,5.012592609971762,25.63401390425861
17.89734855,1565472,138,,4094,74.1,,18072,0.0005,0.0,391168,-6309.118911743164,4.800936106592417,17.961980490013957
17.97133879,1565632,138,19.317805313963785,4094,73.23,18.599510209286617,18076,,,,,,
15.863968960000005,1565792,137,,4096,72.46,,18080,0.0005,0.0,391232,-6242.110260009766,5.108481056988239,17.840661326423287
15.437655190000001,1566304,138,,4099,73.99,,18084,0.0005,0.0,391360,-6192.689292907715,4.930991865694523,14.04568505473435
15.369611220000001,1566592,138,,4100,74.49,,18088,0.0005,0.0,391424,-6197.275924682617,4.972837816923857,12.884921069256961
15.137688750000002,1566944,138,,4103,75.08,,18092,0.0005,0.0,391488,-6284.629295349121,4.946774784475565,20.824612418189645
14.955726529999998,1567424,138,,4107,75.55,,18096,0.0005,0.0,391616,-6296.683921813965,4.895052216947079,13.906294632703066
15.55004342,1567648,138,,4108,75.2,,18100,0.0005,0.0,391680,-6326.354637145996,5.001748651266098,21.48777544312179
15.476113629999997,1567936,138,,4110,75.79,,18104,0.0005,0.0,391744,-6349.256103515625,5.040174070745707,19.058922396972775
15.205582159999997,1568384,138,,4114,77.01,,18108,0.0005,0.0,391872,-6235.275009155273,4.811405744403601,22.65683015808463
15.097319210000002,1568832,138,14.145686878697969,4117,77.15,16.358626493320443,18112,0.0005,0.0,392000,-6232.912216186523,4.969523161649704,27.252620860934258
14.367574939999999,1569280,138,,4120,77.4,,18116,0.0005,0.0,392064,-6098.479682922363,4.841721963137388,13.404983393847942
12.438475799999999,1569568,138,,4121,77.07,,18120,0.0005,0.0,392192,-6197.667274475098,4.828877028077841,24.75634023360908
12.424026670000003,1569696,138,,4121,77.2,,18124,,,,,,
12.17680957,1569952,138,,4124,78.11,,18128,0.0005,0.0,392256,-6253.028625488281,4.9120200127363205,18.320274505764246
9.610650609999999,1570464,138,,4128,78.21,,18132,0.0005,0.0,392384,-6231.616432189941,4.751728184521198,14.383876556530595
9.62225638,1570656,138,,4129,79.32,,18136,0.0005,0.0,392448,-6194.325325012207,4.794134382158518,23.268846636638045
9.346657759999996,1571424,138,,4135,80.56,,18140,0.0005,0.0,392640,-6160.305458068848,4.742896620184183,13.758233727887273
9.223505659999997,1571520,138,,4135,80.84,,18144,,,,,,
9.269001869999999,1571904,138,,4139,81.48,,18148,0.0005,0.0,392768,-6246.767555236816,4.8733386024832726,26.4719704259187
11.319061769999998,1572192,138,10.888064808364573,4140,82.66,16.732802422863998,18152,0.0005,0.0,392832,-6246.240562438965,4.742898274213076,19.51066473685205
13.62685296,1572544,138,,4142,83.16,,18156,0.0005,0.0,392896,-6306.2695236206055,4.717113506048918,23.929066728800535
13.332063180000002,1573184,138,,4146,84.19,,18160,0.0005,0.0,393088,-6307.561630249023,4.798556983470917,11.10113375633955
13.331973770000001,1573376,138,,4148,85.34,,18164,,,,,,
13.070096150000001,1573664,138,,4149,86.25,,18168,0.0005,0.0,393216,-6274.250434875488,4.788114912807941,22.26280082575977
12.960182150000001,1573920,138,,4152,86.31,,18172,0.0005,0.0,393280,-6302.890396118164,4.812588084489107,16.64848599396646
12.714422930000001,1574144,138,,4153,87.38,,18176,,,,,,
14.92096963,1574528,138,,4157,87.99,,18180,0.0005,0.0,393408,-6314.0952072143555,4.84519911929965,13.663535101339221
17.39704442,1574976,138,18.920426079188026,4160,87.78,20.607214977714865,18184,0.0005,0.0,393536,-6303.620628356934,4.770420461893082,26.25135306827724
17.51364804,1575200,138,,4161,87.47,,18188,0.0005,0.0,393600,-6470.165863037109,4.756556738168001,20.89343397319317
17.469563100000002,1575552,138,,4164,87.18,,18192,0.0005,0.0,393664,-6434.149200439453,4.637856289744377,21.90404828824103
17.508680660000003,1576064,138,,4168,86.74,,18196,0.0005,0.0,393792,-6357.074317932129,4.790784239768982,19.859925063326955
17.56242996,1576384,138,,4168,86.07,,18200,0.0005,0.0,393856,-6326.826324462891,4.80864080041647,29.671005953103304
17.36333689,1576832,138,,4173,86.17,,18204,0.0005,0.0,393984,-6356.820602416992,4.674070943146944,18.98910134844482
17.59014695,1577024,138,,4175,85.48,,18208,0.0005,0.0,394048,-6258.573776245117,4.7490971349179745,14.846548307687044
17.26416755,1577216,138,,4175,86.16,,18212,,,,,,
17.73880125,1577536,138,,4179,86.65,,18216,0.0005,0.0,394176,-6401.558578491211,4.835024498403072,21.51835606060922
19.659396949999998,1577952,138,12.348285614428889,4180,87.62,17.609297037887764,18220,0.0005,0.0,394240,-6362.901054382324,4.766862858086824,19.534090476110578
19.51359416,1578048,138,,4182,87.95,,18224,0.0005,0.0,394304,-6228.720077514648,4.920174781233072,11.086997279897332
19.78486302,1578592,138,,4185,86.14,,18228,0.0005,0.0,394432,-6273.523765563965,4.753024302423,15.408005187287927
22.10078313,1578848,138,,4186,85.85,,18232,0.0005,0.0,394496,-6379.627380371094,4.872465740889311,25.231257934123278
24.314891510000002,1579072,138,,4188,84.89,,18236,0.0005,0.0,394560,-6331.083190917969,4.776715733110905,15.999250762164593
24.47364998,1579488,138,,4189,84.52,,18240,0.0005,0.0,394624,-6346.170669555664,4.904429450631142,18.24814640544355
24.317414199999998,1579776,138,,4191,84.19,,18244,0.0005,0.0,394688,-6268.003387451172,4.760097112506628,9.729337584227324
24.36767859,1580192,138,19.270394808016555,4195,84.4,19.028901628906358,18248,0.0005,0.0,394816,-6367.510154724121,4.672188103199005,24.591509906575084
22.23490358,1580480,138,,4195,83.39,,18252,0.0005,0.0,394880,-6329.363342285156,4.937378391623497,18.15639504790306
22.028902900000002,1580704,138,,4199,83.59,,18256,0.0005,0.0,394944,-6356.3338623046875,4.843198515474796,18.71376532688737
22.34844641,1581024,138,,4200,82.59,,18260,0.0005,0.0,395008,-6316.180694580078,4.761278364807367,22.32702444307506
22.498165560000007,1581344,138,,4202,82.05,,18264,0.0005,0.0,395136,-6240.491241455078,4.676845248788595,25.317068576812744
22.44120946,1581696,138,,4205,82.32,,18268,0.0005,0.0,395200,-6311.010231018066,4.519163127988577,17.31312593445182
22.776704730000006,1582176,138,,4209,81.1,,18272,0.0005,0.0,395328,-6303.850196838379,4.811138328164816,13.942279361188412
22.59970905,1582624,138,,4212,81.88,,18276,0.0005,0.0,395456,-6350.240745544434,4.703105051070452,19.06613022275269
22.62385123,1583040,138,,4213,81.39,,18280,0.0005,0.0,395520,-6345.531204223633,4.540593095123768,16.25848025456071
22.27626816,1583360,138,12.97133857724167,4216,80.58,16.993362973164416,18284,0.0005,0.0,395584,-6273.705474853516,4.667559128254652,15.488046191632748
22.120485170000002,1583424,138,,4216,81.0,,18288,0.0005,0.0,395648,-6318.0086669921875,4.753090284764767,14.38360409066081
21.864689360000003,1583584,138,,4216,81.08,,18292,,,,,,
21.57663228,1583904,138,,4220,81.7,,18296,0.0005,0.0,395776,-6286.488334655762,4.735809497535229,24.60141422599554
19.332698439999998,1584160,138,,4223,81.78,,18300,0.0005,0.0,395840,-6245.139144897461,4.707345623522997,16.786271492019296
19.319921519999998,1584672,138,,4226,82.05,,18304,0.0005,0.0,395968,-6249.657928466797,4.7568600587546825,15.113298179581761
17.16304839,1585088,138,,4227,81.63,,18308,0.0005,0.0,396032,-6283.970603942871,4.632940482348204,5.45566245354712
17.874004329999998,1585536,138,20.646196166550574,4230,80.69,19.422336634483788,18312,0.0005,0.0,396160,-6225.81330871582,4.616687402129173,16.14059646613896
17.84783355,1585920,138,,4234,80.21,,18316,0.0005,0.0,396224,-6320.056259155273,4.437930595129728,10.982686817646027
18.01593981,1586080,138,,4234,79.81,,18320,0.0005,0.0,396288,-6389.680038452148,4.5618000738322735,13.440727028995752
18.02403781,1586528,138,,4238,80.16,,18324,0.0005,0.0,396416,-6344.965965270996,4.618324246257544,22.672191336750984
17.57819178,1586816,138,,4241,81.66,,18328,0.0005,0.0,396480,-6207.050651550293,4.6139040775597095,13.338266445323825
17.563966089999997,1587232,138,,4244,82.27,,18332,0.0005,0.0,396608,-6234.787628173828,4.74462541565299,24.460431499406695
17.498140339999996,1587488,138,,4245,83.12,,18336,0.0005,0.0,396672,-6313.021789550781,4.755857277661562,16.179835570976138
17.462899229999998,1587936,138,,4248,83.33,,18340,0.0005,0.0,396736,-6411.422698974609,4.577876690775156,18.33075175434351
17.986158689999996,1588352,138,,4251,82.86,,18344,0.0005,0.0,396864,-6256.448471069336,4.667507100850344,22.372235871851444
17.95225879,1588576,138,,4252,83.05,,18348,0.0005,0.0,396928,-6301.360427856445,4.637120027095079,18.628621585667133
19.530911919999998,1589056,138,,4255,83.1,,18352,0.0005,0.0,397056,-6291.068710327148,4.764550171792507,12.918752134777606
19.2392381,1589184,138,,4255,83.28,,18356,,,,,,
19.050086620000002,1589280,138,12.136313146449805,4259,83.71,17.02835939909668,18360,0.0005,0.0,397120,-6319.639122009277,4.731154102832079,19.62996762432158
18.868586360000002,1589696,138,,4259,84.68,,18364,0.0005,0.0,397184,-6299.5087890625,4.691665627062321,16.86085162125528
16.17250266,1590176,138,,4263,83.98,,18368,0.0005,0.0,397312,-6310.929824829102,4.596973329782486,18.08083308674395
14.031526779999997,1590336,138,,4266,83.25,,18372,0.0005,0.0,397376,-6259.753021240234,4.668170049786568,26.41230003722012
13.882839240000001,1590560,138,,4266,82.42,,18376,0.0005,0.0,397440,-6313.300369262695,4.505237355828285,13.819346098229289
14.004539799999998,1590816,138,,4269,82.74,,18380,0.0005,0.0,397504,-6309.121353149414,4.67243092879653,17.484011091291904
13.63769463,1591040,138,,4270,82.31,,18384,,,,,,
14.015771899999999,1591264,138,,4270,81.74,,18388,0.0005,0.0,397568,-6301.293968200684,4.840332359075546,23.038117695599794
14.06988677,1591968,138,,4276,81.64,,18392,0.0005,0.0,397760,-6354.3935546875,4.612709112465382,19.64549243822694
12.72809001,1592448,138,,4279,80.19,,18396,0.0005,0.0,397888,-6402.225189208984,4.423123802989721,18.495170632377267
14.644738280000002,1592800,138,12.493925424220956,4280,81.18,16.28266473668518,18400,0.0005,0.0,397952,-6329.631172180176,4.496737476438284,18.515461888164282
17.12805521,1593024,138,,4283,80.72,,18404,0.0005,0.0,398016,-6375.003280639648,4.504749093204737,21.89027072675526
16.760212080000002,1593216,138,,4283,81.46,,18408,0.0005,0.0,398080,-6338.043281555176,4.622271068394184,16.459036238491535
16.23451508,1593664,138,,4286,82.0,,18412,0.0005,0.0,398208,-6417.990440368652,4.524504408240318,18.61458478309214
16.433640269999998,1594112,138,,4289,82.12,,18416,0.0005,0.0,398272,-6314.082191467285,4.643438681960106,15.247445231303573
16.00125032,1594272,138,,4290,83.5,,18420,0.0005,0.0,398336,-6288.096961975098,4.808196619153023,23.517381578683853
15.83409441,1594656,138,,4293,84.2,,18424,0.0005,0.0,398464,-6381.811141967773,4.744353260844946,22.87878232821822
16.0898358,1594912,138,,4297,82.98,,18428,0.0005,0.0,398528,-6358.051803588867,4.58941975235939,15.587702468037605
16.24524984,1595296,138,,4297,82.58,,18432,0.0005,0.0,398592,-6263.666122436523,4.603396385908127,19.154618361964822
16.51518191,1595712,138,,4301,80.73,,18436,0.0005,0.0,398720,-6296.355728149414,4.895158462226391,23.706881180405617
16.30285469,1596000,138,,4304,81.12,,18440,0.0005,0.0,398784,-6364.056350708008,4.562183607369661,16.205311484634876
15.71906557,1596352,138,,4305,81.85,,18444,0.0005,0.0,398848,-6297.180458068848,4.61098200455308,25.174450922757387
15.55320744,1596608,138,,4308,81.92,,18448,0.0005,0.0,398912,-6346.452926635742,4.556821867823601,14.846702730283141
14.148164610000004,1596896,138,11.661916072181935,4309,82.52,15.686583561707009,18452,0.0005,0.0,398976,-6411.057228088379,4.7300283797085285,28.04724526964128
12.383325169999999,1597056,138,,4311,80.72,,18456,0.0005,0.0,399040,-6266.333633422852,4.395878158509731,19.87144028581679
12.390963579999998,1597664,138,,4315,80.48,,18460,0.0005,0.0,399168,-6387.893646240234,4.713917158544064,14.947386225685477
12.359231160000002,1597760,138,,4316,79.97,,18464,0.0005,0.0,399232,-6346.794219970703,4.595777913928032,23.88853712566197
14.647103070000004,1598048,138,,4319,80.6,,18468,0.0005,0.0,399296,-6479.978736877441,4.642276830971241,21.219332659617066
17.09191177,1598656,138,,4322,81.39,,18472,0.0005,0.0,399424,-6350.883590698242,4.591643042862415,20.447537906467915
17.30505657,1598976,138,,4326,81.82,,18476,0.0005,0.0,399488,-6327.864448547363,4.398703955113888,18.000225249677896
17.01708336,1599200,138,,4326,81.41,,18480,0.0005,0.0,399552,-6364.131736755371,4.448615051805973,13.32032498717308
17.508362990000002,1599680,138,16.892712769223525,4330,82.14,20.470431699028563,18484,0.0005,0.0,399680,-6281.713623046875,4.472599495202303,16.062079548835754
17.20033578,1600320,138,,4334,82.62,,18488,0.0005,0.0,399872,-6388.399147033691,4.668046072125435,32.26612415909767
16.829836929999995,1600480,138,,4334,84.01,,18492,,,,,,
18.586247169999996,1600928,138,,4338,86.33,,18496,0.0005,0.0,400000,-6396.777793884277,4.55730065330863,18.08826200850308
18.465865750000003,1601216,138,,4341,86.81,,18500,0.0005,0.0,400064,-6365.209053039551,4.559281572699547,15.680002924054861
18.55754688,1601632,138,,4344,85.69,,18504,0.0005,0.0,400192,-6349.483207702637,4.675310153514147,20.30293176136911
18.82170946,1602016,138,,4345,86.18,,18508,0.0005,0.0,400256,-6284.345886230469,4.592637348920107,16.475022740662098
19.195522309999998,1602176,138,,4348,85.6,,18512,0.0005,0.0,400320,-6262.877555847168,4.562538757920265,16.3036073371768
19.477874619999998,1602624,138,,4352,85.85,,18516,0.0005,0.0,400448,-6318.963272094727,4.781545087695122,27.16025934368372
19.69702046,1602688,138,,4352,84.56,,18520,,,,,,
19.678789000000002,1602976,138,,4353,84.2,,18524,0.0005,0.0,400512,-6430.859214782715,4.343816701322794,11.524344922974706
19.606219630000002,1603168,138,,4356,84.19,,18528,0.0005,0.0,400576,-6372.853515625,4.453506223857403,19.78362456522882
17.254733470000005,1603584,138,11.00661145450751,4359,84.07,14.267857087058795,18532,0.0005,0.0,400640,-6293.123443603516,4.611769534647465,20.988807460293174
17.28236949,1604000,138,,4360,84.58,,18536,0.0005,0.0,400768,-6412.296188354492,4.482584957033396,17.79375072196126
17.329007679999997,1604416,138,,4363,83.37,,18540,0.0005,0.0,400896,-6247.015686035156,4.526075139641762,23.8648977316916
17.483039849999997,1604640,138,,4366,82.45,,18544,0.0005,0.0,400960,-6449.976127624512,4.517271764576435,18.133689295500517
17.490866519999997,1604864,138,,4366,82.05,,18548,,,,,,
19.482043110000003,1605024,138,,4366,82.11,,18552,0.0005,0.0,401024,-6403.207977294922,4.479022994637489,15.105544889345765
19.31980163,1605408,138,,4370,82.74,,18556,0.0005,0.0,401152,-6377.382095336914,4.565705832093954,27.609147410839796
21.58654277,1605728,138,,4374,83.23,,18560,0.0005,0.0,401216,-6403.311935424805,4.471944306045771,16.75553916208446
21.785851219999998,1606560,138,,4378,83.21,,18564,0.0005,0.0,401408,-6478.851379394531,4.573240827769041,17.23982464708388
21.908748139999997,1606816,138,,4382,83.04,,18568,0.0005,0.0,401472,-6436.985618591309,4.428955417126417,15.184861471876502
21.718250819999994,1606976,138,12.376170548431782,4382,83.43,18.31855429383549,18572,0.0005,0.0,401536,-6470.23494720459,4.512403413653374,22.574242623522878
22.190453979999997,1607328,138,,4385,82.49,,18576,0.0005,0.0,401600,-6395.769760131836,4.437393620610237,19.867468109354377
22.032432580000005,1607488,138,,4386,83.51,,18580,0.0005,0.0,401664,-6463.507591247559,4.6270888820290565,31.419694809243083
21.83052692,1607840,138,,4389,83.47,,18584,0.0005,0.0,401728,-6412.197372436523,4.676959555596113,23.60426819138229
21.84740479,1608000,138,,4389,83.7,,18588,0.0005,0.0,401792,-6462.949089050293,4.478115327656269,16.925885720178485
22.208465129999993,1608672,138,,4394,82.97,,18592,0.0005,0.0,401920,-6451.736373901367,4.63882115855813,19.07440384849906
22.518812959999995,1609152,138,,4397,81.32,,18596,0.0005,0.0,402048,-6295.885818481445,4.523906726390123,29.03314551152289
22.25508738,1609504,138,18.8052241418129,4400,81.18,19.793547274017065,18600,0.0005,0.0,402176,-6357.208869934082,4.65034493803978,14.551481507718563
21.961920579999997,1609792,138,,4404,81.96,,18604,0.0005,0.0,402240,-6491.550933837891,4.328373033553362,14.25682483240962
21.995377369999996,1609920,138,,4404,81.2,,18608,,,,,,
21.86968629,1610144,138,,4404,81.76,,18612,0.0005,0.0,402304,-6392.483261108398,4.467305928468704,22.481047049164772
21.49664397,1610464,138,,4407,81.96,,18616,0.0005,0.0,402368,-6370.753311157227,4.486377775669098,17.951852394267917
21.518031430000004,1610784,138,,4412,81.79,,18620,0.0005,0.0,402496,-6396.2392654418945,4.279846966266632,20.564482759684324
21.643553999999998,1610912,138,22.44273277374305,4412,80.7,21.895929616432625,18624,,,,,,
21.524971329999993,1611296,138,,4415,80.81,,18628,0.0005,0.0,402624,-6483.5341720581055,4.514873836189508,16.790363281965256
21.712126010000002,1611520,138,,4416,80.65,,18632,,,,,,
21.780177260000002,1611744,138,,4416,80.22,,18636,0.0005,0.0,402688,-6438.942901611328,4.466483764350414,13.28831066377461
22.092816069999998,1612544,138,,4423,80.53,,18640,0.0005,0.0,402880,-6540.096755981445,4.37468920275569,12.803854258731008
20.15452621,1612832,138,,4425,80.77,,18644,0.0005,0.0,403008,-6463.142021179199,4.542316779494286,18.224190482869744
20.388311209999998,1613088,138,,4426,80.8,,18648,0.0005,0.0,403072,-6524.3819580078125,4.2398014180362225,15.86018692702055
20.22120129,1613280,138,,4426,80.52,,18652,,,,,,
20.501590280000002,1613568,138,,4429,79.99,,18656,0.0005,0.0,403136,-6527.483459472656,4.43167158216238,25.29400120768696
20.42417424,1613760,138,,4429,79.98,,18660,0.0005,0.0,403200,-6469.267395019531,4.4981996193528175,11.158754423260689
19.962278299999994,1614080,138,,4432,79.99,,18664,0.0005,0.0,403264,-6429.271911621094,4.484403014183044,16.865539206191897
15.316751629999999,1614272,138,,4433,79.73,,18668,0.0005,0.0,403328,-6530.7681884765625,4.62377081438899,16.417761959135532
13.214606459999997,1614656,138,12.365574156747403,4435,79.71,16.58947371606381,18672,0.0005,0.0,403456,-6525.246017456055,4.544450495392084,24.621540354564786
13.270032429999999,1615232,138,,4439,79.92,,18676,0.0005,0.0,403584,-6562.5038986206055,4.279306050390005,14.664979860186577
13.661271200000002,1615488,138,,4442,78.44,,18680,0.0005,0.0,403648,-6546.081573486328,4.425935551524162,20.438298916444182
11.549071829999997,1615904,138,,4445,77.96,,18684,0.0005,0.0,403776,-6452.763626098633,4.4382356107234955,19.757890317589045
11.62944287,1616288,138,,4446,78.19,,18688,0.0005,0.0,403840,-6511.111015319824,4.409267503768206,20.957031428813934
11.501774019999997,1616448,138,,4449,78.15,,18692,0.0005,0.0,403904,-6562.927093505859,4.5091417618095875,18.1078760009259
11.216418749999997,1616768,138,,4450,78.92,,18696,0.0005,0.0,403968,-6466.192474365234,4.220638629049063,21.61630855128169
11.666375449999999,1617152,138,,4453,78.36,,18700,0.0005,0.0,404032,-6441.395851135254,4.2567265294492245,13.487733310088515
12.00230432,1617312,138,,4453,77.3,,18704,0.0005,0.0,404096,-6395.956390380859,4.275281235575676,15.049828657880425
12.0151947,1617696,138,,4457,78.7,,18708,0.0005,0.0,404224,-6499.468605041504,4.417035520076752,21.999356733635068
12.227220899999999,1618048,138,12.840095636765868,4459,78.08,17.284121637977524,18712,0.0005,0.0,404288,-6396.471420288086,4.328704997897148,11.116544008255005
11.848691190000002,1618528,138,,4463,78.19,,18716,0.0005,0.0,404416,-6404.384002685547,4.378069166094065,13.033970979973674
11.948477780000001,1618592,138,,4463,77.63,,18720,,,,,,
9.655406690000001,1618816,138,,4464,78.38,,18724,0.0005,0.0,404480,-6413.6374435424805,4.351503919810057,16.73406681418419
10.001725340000002,1619104,138,,4467,77.65,,18728,0.0005,0.0,404544,-6483.377944946289,4.489422421902418,26.948519863188267
12.111567430000001,1619904,138,,4472,77.89,,18732,0.0005,0.0,404736,-6469.728042602539,4.144893538206816,15.904045959934592
11.65702167,1620032,138,,4474,78.4,,18736,0.0005,0.0,404800,-6287.544059753418,4.400120958685875,19.456942373886704
11.230348320000003,1620384,138,,4475,79.84,,18740,0.0005,0.0,404864,-6358.820579528809,4.292079713195562,16.966217251494527
13.4896066,1620768,138,,4478,80.4,,18744,0.0005,0.0,404992,-6386.674377441406,4.41123490780592,26.736554453149438
13.619237039999998,1620864,138,15.888031412188617,4478,79.9,17.59334813546988,18748,,,,,,
13.85072395,1621024,138,,4480,80.21,,18752,0.0005,0.0,405056,-6362.221473693848,4.35341789573431,19.06102996505797
13.603404830000002,1621664,138,,4484,80.69,,18756,0.0005,0.0,405184,-6417.716819763184,4.274713974446058,10.85599142126739
13.716585030000001,1622272,138,,4487,80.88,,18760,0.0005,0.0,405312,-6349.831085205078,4.476111117750406,15.733925694599748
11.985665700000002,1622528,138,,4490,79.98,,18764,0.0005,0.0,405376,-6468.360412597656,4.403572611510754,22.57282310910523
16.387009640000002,1622624,138,,4490,81.21,,18768,0.0005,0.0,405440,-6293.356872558594,4.360444203019142,14.340001428499818
18.604205359999998,1622816,138,19.657767842041405,4491,80.58,22.35687354418075,18772,0.0005,0.0,405504,-6385.900718688965,4.244180325418711,17.556125866249204
18.34864383,1623200,138,,4494,81.84,,18776,0.0005,0.0,405568,-6438.440727233887,4.34262540563941,14.288294238969684
18.29647849,1623776,138,,4498,82.8,,18780,0.0005,0.0,405696,-6393.733177185059,4.243063680827618,24.14756692573428
20.3969412,1624000,138,,4499,83.43,,18784,0.0005,0.0,405760,-6387.11075592041,4.234006360173225,20.07191181369126
20.627438929999997,1624640,138,,4505,83.91,,18788,0.0005,0.0,405952,-6400.695426940918,4.263427305966616,21.187797646969557
20.50959836,1624800,138,,4505,83.43,,18792,,,,,,
20.21145122,1625120,138,,4509,83.48,,18796,0.0005,0.0,406080,-6427.321594238281,4.066837217658758,16.208549838513136
20.162673709999996,1625472,138,,4510,83.03,,18800,0.0005,0.0,406144,-6419.096580505371,4.255736567080021,10.070318669080734
17.20531654,1625760,138,,4513,83.3,,18804,0.0005,0.0,406208,-6499.570167541504,4.404385928064585,22.60475815460086
15.103302809999997,1626080,138,,4513,81.95,,18808,0.0005,0.0,406272,-6499.708587646484,4.180860638618469,18.772906571626663
14.75891707,1626272,138,,4516,82.41,,18812,0.0005,0.0,406336,-6558.822807312012,4.269296281039715,19.57987836562097
15.67848752,1626464,138,,4517,81.88,,18816,0.0005,0.0,406400,-6538.1713943481445,4.330271501094103,18.900354713201523
15.825324379999998,1626944,138,12.0328810231256,4520,83.05,17.78112399761187,18820,0.0005,0.0,406528,-6543.025856018066,4.262029469013214,23.58616904169321
18.24553131,1627392,138,,4523,83.39,,18824,0.0005,0.0,406592,-6470.963638305664,4.262061335146427,16.943636586889625
18.39002952,1627584,138,,4524,83.16,,18828,0.0005,0.0,406656,-6544.412559509277,4.363778363913298,14.121054721996188
18.65216928,1627776,138,,4527,82.46,,18832,0.0005,0.0,406720,-6564.996383666992,4.254482369869947,19.01738252490759
18.961772189999998,1628096,138,,4527,82.29,,18836,0.0005,0.0,406784,-6552.873260498047,4.144023314118385,15.869928715750575
19.01364203,1628384,138,,4530,81.78,,18840,0.0005,0.0,406848,-6455.520408630371,4.2560875453054905,25.43370953761041
19.003309740000002,1628800,138,,4534,82.17,,18844,0.0005,0.0,406976,-6448.482627868652,4.40235174074769,19.75806841813028
18.80158607,1629344,138,17.475035873707895,4537,82.17,21.223852476007778,18848,0.0005,0.0,407104,-6449.035339355469,4.176899705082178,23.483414258807898
16.661097950000002,1629568,138,,4538,81.14,,18852,0.0005,0.0,407168,-6534.872398376465,4.240495789796114,11.11289163120091
14.633575190000004,1629920,138,,4540,80.63,,18856,0.0005,0.0,407232,-6505.174652099609,4.27212630584836,14.394736301153898
14.283368770000003,1630176,138,,4541,81.49,,18860,0.0005,0.0,407296,-6474.389808654785,4.088873352855444,21.387832883745432
14.413391939999999,1630624,138,,4545,81.62,,18864,0.0005,0.0,407424,-6406.443145751953,4.0613832995295525,19.31506237387657
16.59444208,1631072,138,,4548,82.21,,18868,0.0005,0.0,407552,-6550.628616333008,4.096105437725782,16.557630002498627
16.58023656,1631424,138,,4551,83.05,,18872,0.0005,0.0,407616,-6557.961166381836,4.305863879621029,16.367558473721147
16.30587714,1631584,138,15.53752390131538,4551,82.5,17.456953559185646,18876,0.0005,0.0,407680,-6561.711074829102,4.028000563383102,16.328497322276235
16.33645389,1631936,138,,4554,82.68,,18880,0.0005,0.0,407744,-6582.51318359375,4.223416600376368,16.938929608091712
15.76231671,1632032,138,,4554,82.33,,18884,0.0005,0.0,407808,-6577.009063720703,4.187191303819418,13.770539047196507
15.640749850000002,1632320,138,,4557,81.36,,18888,0.0005,0.0,407872,-6556.539688110352,4.2234704084694386,13.488485673442483
13.37392856,1632960,138,,4560,81.0,,18892,0.0005,0.0,408000,-6568.7517166137695,4.060414936393499,24.213504368439317
13.5722488,1633248,138,,4561,80.91,,18896,0.0005,0.0,408064,-6536.755462646484,4.268366053700447,12.270549578592181
12.71735555,1633632,138,,4564,81.58,,18900,0.0005,0.0,408192,-6558.417816162109,4.015895359218121,18.499593192711473
15.417698139999997,1633952,138,21.543095103083317,4567,81.51,21.464699234923998,18904,0.0005,0.0,408256,-6461.094909667969,4.197530645877123,18.05221131257713
15.341324140000001,1634144,138,,4567,81.6,,18908,0.0005,0.0,408320,-6595.160942077637,4.142713878303766,21.57427643612027
10.8960762,1634272,138,,4567,81.27,,18912,,,,,,
10.69969337,1634688,138,,4571,80.99,,18916,0.0005,0.0,408448,-6600.2200927734375,4.301810689270496,17.413927340880036
10.54376381,1635200,138,,4575,80.33,,18920,0.0005,0.0,408576,-6586.026084899902,3.984101604670286,11.26204289495945
10.328082259999999,1635392,138,,4578,80.28,,18924,0.0005,0.0,408640,-6576.633056640625,4.386072900146246,27.543221117928624
9.972358479999999,1635648,138,,4579,80.7,,18928,0.0005,0.0,408704,-6480.147613525391,4.105489552021027,19.283550878055394
9.82245747,1635840,138,20.5155675240497,4581,81.74,20.21195840570653,18932,,,,,,
7.381683460000001,1636160,138,,4582,82.03,,18936,0.0005,0.0,408832,-6662.981483459473,4.123836595565081,20.763662070035934
7.511972080000001,1636544,138,,4586,81.09,,18940,0.0005,0.0,408896,-6572.826232910156,4.145671412348747,21.86352160386741
7.56706856,1636832,138,,4587,80.71,,18944,0.0005,0.0,408960,-6524.584403991699,4.1652679070830345,20.148510885424912
7.37569407,1637184,138,,4591,81.39,,18948,0.0005,0.0,409088,-6520.264289855957,4.128042578697205,14.222156394273043
9.55590578,1637472,138,26.316062171181596,4595,81.55,22.85986255550233,18952,0.0005,0.0,409152,-6561.597305297852,4.2735052071511745,16.801909399218857
11.710835869999999,1637696,138,,4595,81.71,,18956,0.0005,0.0,409216,-6583.502784729004,4.160143427550793,25.09457972459495
11.551954929999999,1638240,138,,4599,80.98,,18960,0.0005,0.0,409344,-6627.416687011719,4.074124321341515,15.523729549720883
11.4128929,1638688,138,,4602,81.05,,18964,0.0005,0.0,409472,-6569.78742980957,3.9990447498857975,14.457956622354686
11.159957890000001,1638976,138,22.55004875314782,4604,80.04,22.01087388677934,18968,0.0005,0.0,409536,-6586.522720336914,4.198788646608591,19.701829174533486
11.242334620000001,1639200,138,,4605,79.28,,18972,0.0005,0.0,409600,-6560.3588943481445,4.016171514987946,21.528177062049508
11.403344819999997,1639520,138,,4608,79.9,,18976,0.0005,0.0,409664,-6595.656097412109,4.098514147102833,13.990369390696287
11.523705119999999,1639840,138,,4608,79.27,,18980,0.0005,0.0,409728,-6535.076370239258,4.118242844939232,20.467461744323373
11.33241032,1640224,138,,4611,80.08,,18984,0.0005,0.0,409856,-6680.557914733887,4.060488756746054,18.736586833372712
8.8254439,1640512,138,,4614,80.52,,18988,0.0005,0.0,409920,-6575.483924865723,4.157336812466383,27.142234096303582
11.314747809999998,1640896,138,,4615,80.03,,18992,0.0005,0.0,409984,-6558.439178466797,4.09450726211071,19.008296951651573
11.57663842,1641024,138,,4617,79.74,,18996,0.0005,0.0,410048,-6563.061622619629,3.9873611107468605,17.13696706481278
12.783688869999997,1641216,138,19.774925329707443,4618,78.16,19.28577466158784,19000,,,,,,
12.825403309999997,1641440,138,,4618,78.53,,19004,0.0005,0.0,410112,-6523.542266845703,4.059852421283722,11.012893846258521
12.472382009999999,1641984,138,,4625,78.33,,19008,0.0005,0.0,410240,-6561.129348754883,3.9740601256489754,15.073750134557486
14.72282528,1642208,138,,4626,77.84,,19012,0.0005,0.0,410304,-6646.711410522461,3.9472767636179924,22.3097260389477
17.098513299999997,1642528,138,,4629,78.31,,19016,0.0005,0.0,410432,-6657.465255737305,3.9573677591979504,17.16077208891511
17.086500819999998,1642912,138,,4630,78.01,,19020,0.0005,0.0,410496,-6597.4382400512695,4.129760272800922,12.64423842728138
17.204954179999998,1643104,138,24.937310307719905,4633,78.3,20.91774189473289,19024,0.0005,0.0,410560,-6558.23974609375,4.17856315523386,25.458877846598625
17.59742033,1643264,138,,4633,77.66,,19028,,,,,,
17.613834389999997,1643616,138,,4636,77.67,,19032,0.0005,0.0,410688,-6549.385719299316,4.0456389002501965,17.48092788271606
17.901561849999997,1644192,138,,4640,77.04,,19036,0.0005,0.0,410816,-6523.349792480469,3.9885704405605793,19.413734590634704
15.42718851,1644704,138,,4644,77.32,,19040,0.0005,0.0,410944,-6601.425888061523,4.023115765303373,15.581701008602977
15.391896720000002,1644960,138,,4644,76.91,,19044,0.0005,0.0,411008,-6646.580360412598,4.050443019717932,21.66341615281999
15.426149470000006,1645152,138,,4647,78.5,,19048,0.0005,0.0,411072,-6664.693077087402,3.8664944358170033,16.01752079091966
15.4585442,1645216,138,,4647,77.7,,19052,,,,,,
15.490928719999998,1645504,138,,4647,78.11,,19056,0.0005,0.0,411136,-6496.720031738281,4.036651566624641,17.244314286857843
15.93603643,1645760,138,,4650,78.12,,19060,0.0005,0.0,411200,-6502.577079772949,4.015819068998098,17.34938156604767
15.921623160000001,1646112,138,13.642168983235468,4653,78.57,17.277899753004363,19064,0.0005,0.0,411328,-6609.760597229004,3.9906400702893734,17.018816044554114
16.23168361,1646432,138,,4654,78.8,,19068,0.0005,0.0,411392,-6592.259956359863,3.739329006522894,14.06517874635756
14.250930250000001,1646816,138,,4657,77.75,,19072,0.0005,0.0,411456,-6570.642402648926,3.9044474568217993,13.785767300054431
14.12585521,1647040,138,,4658,75.83,,19076,0.0005,0.0,411520,-6593.987419128418,3.942339953035116,25.098016805946827
14.045644119999999,1647456,138,,4661,76.06,,19080,0.0005,0.0,411648,-6610.096633911133,3.9905703775584698,19.005588995292783
14.748026979999999,1647904,138,18.306008536855963,4664,75.04,20.51209135732856,19084,0.0005,0.0,411776,-6585.659034729004,4.025813367217779,10.581290148198605
17.2314915,1648000,138,,4664,75.29,,19088,,,,,,
17.09399911,1648128,138,,4667,75.87,,19092,,,,,,
17.039080480000003,1648672,138,,4671,76.15,,19096,0.0005,0.0,411968,-6654.616416931152,3.916988290846348,16.34472287259996
16.77894477,1648864,138,,4671,76.99,,19100,,,,,,
17.107949769999998,1649088,138,,4672,76.24,,19104,0.0005,0.0,412032,-6605.919532775879,4.01907566562295,11.347727989777923
19.694485510000003,1649280,138,,4675,76.87,,19108,0.0005,0.0,412096,-6608.588104248047,4.062932834029198,9.410436498001218
19.52754305,1649888,138,25.085858603747774,4678,76.54,23.099128032793196,19112,0.0005,0.0,412224,-6619.216529846191,3.9058891981840134,11.571203113533556
19.547487769999996,1650048,138,,4679,76.28,,19116,0.0005,0.0,412288,-6694.009956359863,4.138849247246981,18.045157378539443
19.63484601,1650688,138,,4685,76.62,,19120,0.0005,0.0,412416,-6615.94807434082,3.994099698960781,11.12882331945002
19.71710601,1650752,138,,4686,76.21,,19124,0.0005,0.0,412480,-6668.71435546875,3.982251286506653,9.2418333273381
19.63036775,1651296,138,,4689,76.76,,19128,0.0005,0.0,412608,-6606.751625061035,3.9583997279405594,15.316376345232129
19.70706794,1651584,138,,4690,77.04,,19132,0.0005,0.0,412672,-6619.277084350586,3.9858189672231674,18.575315648689866
21.66814619,1651776,138,,4692,77.6,,19136,0.0005,0.0,412736,-6536.386123657227,3.9690169282257557,19.962979363277555
23.83873411,1652064,138,,4693,77.72,,19140,0.0005,0.0,412800,-6642.4690017700195,3.8514603786170483,17.789213731884956
24.031472819999998,1652384,138,13.011680638706533,4695,78.46,15.999684358717243,19144,0.0005,0.0,412864,-6617.339561462402,3.8738485164940357,16.97757043223828
24.409146300000003,1652800,138,,4699,77.1,,19148,0.0005,0.0,412992,-6693.847900390625,3.847365316003561,27.524193465709686
24.299868670000002,1653184,138,,4700,77.74,,19152,0.0005,0.0,413056,-6547.915016174316,3.9413232393562794,11.743420083075762
21.769953140000002,1653664,138,,4704,78.27,,19156,0.0005,0.0,413184,-6655.132621765137,3.8970431610941887,19.05677555501461
21.88974284,1654048,138,,4707,78.0,,19160,0.0005,0.0,413312,-6605.62922668457,3.910898495465517,30.87012869119644
19.371531710000003,1654368,138,11.798636297857353,4709,77.97,16.29334632614804,19164,0.0005,0.0,413376,-6512.076210021973,3.9657203815877438,16.655302859842777
19.59868398,1654624,138,,4710,77.83,,19168,0.0005,0.0,413440,-6619.183952331543,4.085239440202713,20.29341473709792
16.876919599999997,1654944,138,,4713,78.73,,19172,0.0005,0.0,413504,-6775.131736755371,3.8526612520217896,31.44673589244485
17.06778559,1655424,138,,4716,80.3,,19176,0.0005,0.0,413632,-6512.160354614258,3.944737296551466,28.092272274196148
16.94153218,1655520,138,,4716,80.87,,19180,,,,,,
16.2094316,1655712,138,,4717,82.07,,19184,0.0005,0.0,413696,-6553.282341003418,3.8535094540566206,16.862176096066833
16.26619525,1656160,138,,4721,81.13,,19188,0.0005,0.0,413824,-6548.780647277832,3.9295580573379993,18.6798017565161
15.945608729999998,1656416,138,,4723,81.35,,19192,0.0005,0.0,413888,-6547.064453125,3.876227293163538,12.072446671314538
15.846671260000003,1656704,138,,4724,81.65,,19196,0.0005,0.0,413952,-6520.211486816406,3.8970168977975845,12.804049473255873
15.958751870000004,1657216,138,,4728,81.17,,19200,0.0005,0.0,414080,-6586.381591796875,4.011537682265043,26.7253834977746
15.83283256,1657600,138,,4731,82.18,,19204,0.0005,0.0,414144,-6578.706672668457,3.9510098956525326,12.199443073943257
15.51493343,1658112,138,11.564652501443838,4734,82.25,18.21979247592675,19208,0.0005,0.0,414272,-6604.75309753418,3.895753789693117,14.058168113231659
15.530636490000001,1658272,138,,4735,83.0,,19212,0.0005,0.0,414336,-6633.04288482666,3.951865930110216,21.253406386822462
15.476343840000004,1658656,138,,4738,82.88,,19216,0.0005,0.0,414464,-6634.0782470703125,3.8464272022247314,22.844211261719465
12.79187488,1659072,138,,4741,83.14,,19220,0.0005,0.0,414528,-6565.473373413086,3.854392111301422,19.697149351239204
12.562020050000003,1659200,138,,4741,82.87,,19224,0.0005,0.0,414592,-6547.381492614746,3.947023145854473,14.551389418542385
12.66541949,1659264,138,,4741,83.1,,19228,,,,,,
12.559593099999999,1659584,138,,4744,83.49,,19232,0.0005,0.0,414656,-6487.244163513184,3.870233219116926,14.869989128783345
12.71524328,1660096,138,,4748,83.3,,19236,0.0005,0.0,414784,-6421.686996459961,4.005873564630747,21.91207456961274
12.793387910000002,1660416,138,,4750,83.61,,19240,0.0005,0.0,414848,-6627.038162231445,3.973475720733404,29.090898896567523
12.964728030000002,1660832,138,,4751,83.27,,19244,0.0005,0.0,414976,-6613.9277267456055,3.894794274121523,16.067066805437207
12.864211729999997,1661216,138,,4755,82.84,,19248,0.0005,0.0,415104,-6630.766418457031,4.041330937296152,33.88026979751885
12.842488390000002,1661568,138,,4758,82.35,,19252,0.0005,0.0,415168,-6669.521934509277,3.77954438701272,22.052636060863733
15.224901499999996,1661696,138,,4758,81.79,,19256,,,,,,
15.161716709999999,1661888,138,12.429419210293133,4758,82.0,17.988103070206527,19260,0.0005,0.0,415232,-6594.674934387207,3.852653745561838,17.051976887509227
17.57257142,1662368,138,,4762,82.55,,19264,0.0005,0.0,415360,-6555.273086547852,3.927866842597723,25.618020173162222
19.933264270000006,1662592,138,,4765,81.77,,19268,0.0005,0.0,415424,-6517.4033126831055,3.783074267208576,22.075204396620393
22.22548812,1663008,138,,4769,82.38,,19272,0.0005,0.0,415552,-6602.989318847656,3.8791100420057774,15.13249247148633
22.34566367,1663392,138,,4769,81.52,,19276,0.0005,0.0,415616,-6548.669303894043,3.9360757172107697,21.06200060248375
20.45499293,1663520,138,,4771,80.22,,19280,0.0005,0.0,415680,-6520.792343139648,3.864542942494154,17.480213273316622
21.12072779,1663744,138,,4772,80.27,,19284,,,,,,
20.813449719999998,1664256,138,15.12892888250189,4775,80.46,18.78970333643828,19288,0.0005,0.0,415808,-6509.395866394043,3.8078339248895645,18.457553083077073
20.958113389999998,1664416,139,,4776,80.66,,19292,0.0005,0.0,415872,-6454.043312072754,3.9258910566568375,18.594504619017243
19.01616789,1664832,138,,4779,79.64,,19296,0.0005,0.0,416000,-6602.689552307129,3.9596774205565453,16.731185821816325
18.254475189999997,1665216,138,,4782,80.79,,19300,0.0005,0.0,416064,-6617.87198638916,3.819550920277834,17.165410229936242
18.275304679999998,1665696,138,,4786,80.46,,19304,0.0005,0.0,416192,-6590.775276184082,3.782947350293398,12.35406769812107
18.63092823,1665888,139,,4786,80.33,,19308,0.0005,0.0,416256,-6514.223472595215,3.8640749864280224,15.991539968177676
18.20646408,1666016,139,21.190465324542394,4787,79.84,20.344353736480176,19312,,,,,,
18.39216238,1666528,139,,4791,79.93,,19316,0.0005,0.0,416384,-6523.194686889648,3.7991690784692764,20.384344851598144
20.58418717,1666816,139,,4793,79.75,,19320,0.0005,0.0,416448,-6682.223815917969,3.826312456279993,21.813284382224083
20.40912391,1666944,139,,4794,79.84,,19324,0.0005,0.0,416512,-6578.300575256348,3.7585094161331654,18.86924479342997
20.30603668,1667360,139,,4797,80.0,,19328,0.0005,0.0,416640,-6604.318374633789,3.767247810959816,12.026887275278568
17.83179795,1667776,139,,4800,79.3,,19332,0.0005,0.0,416704,-6581.317558288574,3.9210237711668015,10.0903943721205
17.61670788,1667840,139,,4800,79.49,,19336,,,,,,
16.824156289999998,1668192,138,,4803,78.38,,19340,0.0005,0.0,416832,-6642.67839050293,3.633034959435463,9.352909721434116
16.60354103,1668640,138,,4807,77.91,,19344,0.0005,0.0,416960,-6677.985870361328,3.8968916460871696,9.755342815071344
14.418754199999999,1668768,139,,4807,78.23,,19348,,,,,,
14.539540679999998,1668864,139,,4807,78.36,,19352,,,,,,
14.582626900000001,1669312,139,15.210551135495988,4811,78.47,18.171129634731155,19356,0.0005,0.0,417088,-6646.973602294922,3.7638323064893484,18.70924007706344
13.745774619999999,1669792,139,,4814,78.52,,19360,0.0005,0.0,417216,-6513.008544921875,3.865526370704174,7.05535914003849
11.498204770000003,1670432,139,,4817,77.78,,19364,0.0005,0.0,417408,-6599.066207885742,3.6641945540905,13.75244646705687
10.814734780000002,1670784,139,,4820,78.76,,19368,0.0005,0.0,417472,-6595.008255004883,3.696565993130207,18.633393097668886
8.89497463,1670944,139,21.998752871825673,4820,78.25,23.071945599652025,19372,0.0005,0.0,417536,-6621.882171630859,3.757324680685997,15.553312266245484
9.0567955,1671104,139,,4820,77.93,,19376,,,,,,
11.211642569999999,1671232,139,,4824,78.13,,19380,0.0005,0.0,417600,-6643.032760620117,3.737802356481552,11.60618008300662
11.18784915,1671488,139,,4825,77.76,,19384,0.0005,0.0,417664,-6534.649200439453,3.6930562034249306,19.021042875945568
11.419984939999999,1671776,139,,4828,78.72,,19388,0.0005,0.0,417728,-6513.3916015625,3.6321168206632137,15.37474469281733
11.812575249999998,1672352,139,,4831,77.54,,19392,0.0005,0.0,417856,-6512.112762451172,3.71342920511961,22.01737774722278
13.691846540000002,1672544,139,,4832,78.49,,19396,0.0005,0.0,417920,-6594.86474609375,3.7173803485929966,13.218460252508521
14.42476864,1672768,139,,4835,77.21,,19400,0.0005,0.0,417984,-6558.876274108887,3.665835753083229,21.427377885207534
11.912236339999998,1673280,139,,4839,76.92,,19404,0.0005,0.0,418112,-6642.838119506836,3.7245781533420086,16.07844782434404
10.818857399999997,1673600,139,,4840,76.73,,19408,0.0005,0.0,418176,-6716.64826965332,3.9189816527068615,26.995197048410773
11.55469634,1673920,139,,4842,77.08,,19412,0.0005,0.0,418240,-6605.982162475586,3.653562467545271,21.114235078915954
11.418483520000002,1674144,139,14.163069308367373,4843,76.53,16.629817615931128,19416,0.0005,0.0,418304,-6627.118995666504,3.66030190885067,20.266499534249306
11.687786269999998,1674272,139,,4846,77.19,,19420,0.0005,0.0,418368,-6618.538314819336,3.5800581835210323,23.616516755893826
11.860444050000002,1674848,139,,4850,77.26,,19424,0.0005,0.0,418496,-6673.401473999023,3.7718785405158997,14.578380089253187
11.839683479999998,1675072,139,,4851,77.21,,19428,0.0005,0.0,418560,-6570.873794555664,3.700730985030532,10.254303008317947
11.86219307,1675328,139,,4853,77.5,,19432,0.0005,0.0,418624,-6468.425224304199,3.8007555305957794,15.166269659996033
11.929873809999998,1675616,139,,4854,76.88,,19436,0.0005,0.0,418688,-6432.863143920898,3.6088489964604378,25.76837918534875
10.09153921,1675936,139,,4857,76.8,,19440,0.0005,0.0,418752,-6449.603164672852,3.4054490588605404,23.3896463252604
9.761393639999998,1676352,139,22.764517262491708,4860,77.76,20.860299482971495,19444,0.0005,0.0,418880,-6268.4110107421875,3.4876291416585445,19.240850487723947
11.995113529999996,1676608,139,,4860,77.55,,19448,0.0005,0.0,418944,-6301.075630187988,3.478688944131136,25.32445797510445
11.798415319999998,1676928,139,,4864,77.79,,19452,0.0005,0.0,419008,-6356.514175415039,3.2752747274935246,16.103038972243667
11.693917759999998,1677344,139,,4867,77.62,,19456,0.0005,0.0,419136,-6373.628120422363,3.324528094381094,25.285768982023
12.470848610000001,1677792,139,,4868,78.02,,19460,0.0005,0.0,419200,-6329.297271728516,3.4110240656882524,13.442006889730692
14.593802719999996,1678272,139,,4872,78.03,,19464,0.0005,0.0,419328,-6382.724609375,3.308526821434498,15.429909016937017
15.209687250000002,1678528,139,19.169613059361954,4875,77.98,21.177431152150326,19468,0.0005,0.0,419392,-6377.413162231445,3.3243454955518246,18.653001111000776
14.714508330000001,1678688,139,,4876,78.5,,19472,0.0005,0.0,419456,-6436.519721984863,3.3220333755016327,10.186500260606408
14.477073810000002,1679200,139,,4879,79.7,,19476,0.0005,0.0,419584,-6537.264183044434,3.414837496355176,16.305269794538617
14.15925283,1679520,139,,4883,79.46,,19480,0.0005,0.0,419648,-6591.223350524902,3.3482808843255043,15.089172085747123
12.46296426,1680192,139,,4887,79.92,,19484,0.0005,0.0,419840,-6526.994659423828,3.4076766036450863,16.787581138312817
11.793736199999998,1680288,139,,4887,80.28,,19488,,,,,,
11.322853910000001,1680544,139,,4890,81.36,,19492,0.0005,0.0,419904,-6482.371742248535,3.4161453656852245,19.249502144753933
9.365979019999997,1680800,139,,4891,81.35,,19496,0.0005,0.0,419968,-6475.330642700195,3.261576743796468,18.176307059824467
8.835639729999999,1680960,139,,4893,81.61,,19500,0.0005,0.0,420032,-6480.819412231445,3.4170957803726196,12.452232599258423
10.979357149999998,1681696,139,,4897,82.24,,19504,0.0005,0.0,420224,-6625.769546508789,3.492427658289671,15.975406618788838
11.118915259999996,1681888,139,,4897,83.61,,19508,,,,,,
10.694493840000002,1682208,139,10.89411542622017,4900,83.65,15.74641707927142,19512,0.0005,0.0,420352,-6538.76301574707,3.553705208003521,22.634642008692026
8.270617579999998,1682656,139,,4903,83.46,,19516,0.0005,0.0,420416,-6599.241355895996,3.531827285885811,17.51433397643268
8.337164320000001,1682944,139,,4906,83.29,,19520,0.0005,0.0,420480,-6681.353569030762,3.4422588013112545,15.15733154118061
5.8503856600000015,1683200,139,,4906,82.99,,19524,0.0005,0.0,420544,-6629.851493835449,3.554926097393036,15.756007330492139
6.071830629999999,1683360,139,,4906,83.03,,19528,0.0005,0.0,420608,-6598.360321044922,3.509612314403057,19.337916031479836
8.6989764,1683776,139,,4910,82.56,,19532,0.0005,0.0,420736,-6475.535110473633,3.3665318712592125,13.949813233688474
11.35076943,1684032,139,,4913,83.76,,19536,0.0005,0.0,420800,-6497.303169250488,3.441920578479767,15.893906142562628
11.36500641,1684416,139,,4913,84.69,,19540,0.0005,0.0,420864,-6552.254180908203,3.388473030179739,15.129418078809977
11.936843249999997,1684672,139,,4917,83.5,,19544,0.0005,0.0,420928,-6559.287483215332,3.5651942156255245,20.46249802596867
11.369585699999998,1685248,139,,4920,84.11,,19548,0.0005,0.0,421056,-6544.146263122559,3.301426950842142,18.563837444409728
9.622309849999999,1685664,139,12.010735361557602,4924,84.63,15.7208291237862,19552,0.0005,0.0,421184,-6577.914413452148,3.5352798774838448,25.189997596666217
10.049181459999998,1686016,139,,4927,83.92,,19556,0.0005,0.0,421248,-6435.590774536133,3.521788252517581,18.107635255903006
9.85991712,1686432,139,,4928,84.17,,19560,0.0005,0.0,421376,-6563.330192565918,3.541636982932687,14.972106447443366
9.90246205,1686720,139,,4931,85.49,,19564,0.0005,0.0,421440,-6578.032119750977,3.593052251264453,17.971820436418056
9.728933540000002,1687232,139,,4935,85.86,,19568,0.0005,0.0,421568,-6584.152244567871,3.61141512170434,14.999312911182642
12.62687285,1687328,139,,4935,84.66,,19572,0.0005,0.0,421632,-6509.992515563965,3.59303829818964,21.24428540095687
12.440825539999999,1687552,139,,4937,85.52,,19576,,,,,,
8.151893130000001,1687776,139,,4938,86.38,,19580,0.0005,0.0,421696,-6603.939834594727,3.60806442797184,23.724525313824415
10.01071729,1688064,139,18.509162090121894,4941,85.45,18.637547881681385,19584,0.0005,0.0,421760,-6576.818344116211,3.4209494329988956,14.771065380424261
10.41886406,1688384,139,,4942,84.42,,19588,0.0005,0.0,421888,-6652.996353149414,3.367319617420435,23.4076266027987
10.401206510000002,1688480,139,,4942,84.31,,19592,,,,,,
12.5174683,1689088,139,,4946,83.25,,19596,0.0005,0.0,422016,-6570.414276123047,3.5486477203667164,16.539947090670466
10.413128899999998,1689344,139,,4947,83.1,,19600,0.0005,0.0,422080,-6622.214210510254,3.431530714035034,16.06694252602756
8.38991712,1689760,139,,4951,82.28,,19604,0.0005,0.0,422208,-6638.946563720703,3.474462227895856,13.21600459702313
9.365887039999999,1690080,139,,4952,80.43,,19608,0.0005,0.0,422272,-6610.082740783691,3.4809651002287865,23.52568985708058
9.78807821,1690368,139,,4954,80.41,,19612,0.0005,0.0,422336,-6616.715522766113,3.5970763619989157,19.540133038535714
12.454917790000001,1690720,139,16.720297896024793,4958,80.99,21.213967189360496,19616,0.0005,0.0,422464,-6638.620429992676,3.5245758555829525,24.827906539663672
12.191044070000002,1691040,139,,4959,81.37,,19620,0.0005,0.0,422528,-6705.16495513916,3.3808832056820393,24.377907693386078
14.759432799999999,1691136,139,,4961,81.08,,19624,,,,,,
14.474140590000001,1691392,139,,4962,81.33,,19628,0.0005,0.0,422592,-6604.564781188965,3.530490592122078,18.73381480947137
14.34986864,1691680,139,,4965,81.66,,19632,0.0005,0.0,422720,-6646.941589355469,3.300209568813443,25.71485553868115
14.29046276,1692096,139,28.483652947747913,4966,80.74,22.280102209365705,19636,0.0005,0.0,422784,-6673.60871887207,3.4926717206835747,10.404301567003131
11.731511210000003,1692448,139,,4969,79.78,,19640,0.0005,0.0,422912,-6614.1071853637695,3.341612622141838,8.186254158616066
6.85457662,1692704,139,,4972,80.85,,19644,0.0005,0.0,422976,-6632.5070877075195,3.307119481265545,12.858286388218403
8.634565629999999,1692992,139,,4972,79.37,,19648,0.0005,0.0,423040,-6612.081741333008,3.4374565593898296,14.630278248339891
9.22740146,1693504,139,,4976,79.71,,19652,0.0005,0.0,423168,-6585.794776916504,3.530230663716793,15.689150841906667
8.723088109999999,1693888,139,,4979,80.33,,19656,0.0005,0.0,423232,-6617.941017150879,3.184965383261442,12.614614268764853
6.69068529,1694144,139,,4980,79.07,,19660,0.0005,0.0,423296,-6576.818794250488,3.4042409751564264,25.324179623275995
6.627757689999999,1694432,139,,4983,78.24,,19664,0.0005,0.0,423360,-6527.817817687988,3.399415973573923,18.32114021666348
6.675442139999999,1694784,139,,4986,77.97,,19668,0.0005,0.0,423488,-6588.102119445801,3.583692893385887,16.592587625607848
5.98025735,1695296,139,,4989,78.87,,19672,0.0005,0.0,423616,-6592.6867752075195,3.3999222181737423,22.270714476704597
6.32417361,1695616,139,,4989,78.0,,19676,0.0005,0.0,423680,-6635.67301940918,3.475619152188301,21.123939650133252
8.150568569999997,1695840,139,12.609733299489974,4992,78.02,19.724926465560095,19680,0.0005,0.0,423744,-6590.19189453125,3.4947565775364637,19.80426736176014
8.12909486,1696064,139,,4992,78.38,,19684,0.0005,0.0,423808,-6707.826713562012,3.464283734560013,12.769162628799677
6.203969859999998,1696384,139,,4995,78.01,,19688,0.0005,0.0,423872,-6740.605972290039,3.390614751726389,17.123485304415226
6.313379670000002,1696864,139,,4998,77.96,,19692,0.0005,0.0,424000,-6677.820892333984,3.5059468504041433,23.02620686776936
4.183370050000003,1697184,139,25.388708348725014,4999,78.02,21.170043789121685,19696,0.0005,0.0,424064,-6635.27116394043,3.4689250383526087,17.46131872944534
6.561817730000001,1697568,139,,5003,79.22,,19700,0.0005,0.0,424192,-6722.168899536133,3.5268125608563423,12.699833884835243
8.38398415,1697760,139,,5003,80.91,,19704,,,,,,
8.446894570000001,1697952,139,,5005,81.52,,19708,0.0005,0.0,424256,-6690.6158447265625,3.2777903974056244,13.72629876434803
7.865337070000002,1698336,139,,5009,81.04,,19712,0.0005,0.0,424384,-6667.557456970215,3.4006970487535,16.748503608629107
7.751156669999999,1698656,139,,5010,81.59,,19716,0.0005,0.0,424448,-6580.436180114746,3.362565267831087,15.640485256910324
5.396538979999998,1698848,139,,5012,81.4,,19720,0.0005,0.0,424512,-6604.289985656738,3.4403046295046806,16.165704883635044
5.18194585,1699200,139,,5013,81.6,,19724,0.0005,0.0,424576,-6559.33512878418,3.3581228777766228,10.099829498678446
5.5243797400000005,1699456,139,19.188992326689746,5016,81.01,18.879224094959824,19728,0.0005,0.0,424640,-6550.136810302734,3.4144948292523623,17.959627241827548
5.696297709999998,1699776,139,,5017,80.25,,19732,0.0005,0.0,424704,-6538.615837097168,3.5588714368641376,14.407966513186693
6.005524139999999,1700128,139,,5021,80.03,,19736,0.0005,0.0,424832,-6566.955230712891,3.3995468635112047,17.148877369239926
7.844457639999999,1700480,139,,5023,79.96,,19740,0.0005,0.0,424896,-6595.869552612305,3.338302943855524,23.959728837013245
12.55989705,1700928,139,26.278352121762396,5026,79.29,24.22760346487549,19744,0.0005,0.0,425024,-6634.987846374512,3.416373088955879,9.567349400371313
10.010692370000001,1701120,139,,5026,80.52,,19748,,,,,,
10.067918810000002,1701312,139,,5027,80.03,,19752,0.0005,0.0,425088,-6680.796279907227,3.1943016946315765,18.509595984593034
9.351573310000001,1701440,139,,5030,80.16,,19756,0.0005,0.0,425152,-6696.258262634277,3.2144380547106266,12.227459337562323
11.76022636,1701728,139,,5030,79.56,,19760,0.0005,0.0,425216,-6764.070777893066,3.2894132398068905,19.192388053052127
11.911522229999997,1702048,139,,5033,79.24,,19764,0.0005,0.0,425280,-6704.260345458984,3.3926781713962555,19.20284660719335
12.073882179999998,1702688,139,,5038,78.74,,19768,0.0005,0.0,425472,-6721.428741455078,3.4133143089711666,15.165970545262098
12.462088830000003,1703008,139,20.393622184409583,5041,77.53,21.22425217939513,19772,0.0005,0.0,425536,-6651.026435852051,3.2572058103978634,11.148076857440174
12.17804429,1703072,139,,5041,77.34,,19776,,,,,,
14.78831238,1703424,139,,5044,77.17,,19780,0.0005,0.0,425600,-6652.521148681641,3.3930139392614365,12.996511740610003
12.42712203,1703712,139,,5045,76.85,,19784,0.0005,0.0,425728,-6669.948173522949,3.262060768902302,12.806792562827468
14.663196390000001,1703936,139,,5048,76.78,,19788,,,,,,
14.85395633,1704256,139,,5049,76.87,,19792,0.0005,0.0,425856,-6620.503814697266,3.321861956268549,21.711925860494375
17.107956480000002,1705056,139,,5056,77.38,,19796,0.0005,0.0,426048,-6670.452819824219,3.1435196846723557,17.639681501314044
16.906418990000002,1705152,139,,5056,77.18,,19800,,,,,,
17.100804999999998,1705216,139,18.201242938009553,5056,76.5,19.1463465958226,19804,,,,,,
16.42252401,1705856,139,,5061,76.07,,19808,0.0005,0.0,426240,-6745.418022155762,3.310821548104286,15.447868497110903
16.81131733,1706048,139,,5063,76.2,,19812,0.0005,0.0,426304,-6735.261344909668,3.2590576745569706,9.895182309672236
16.66746026,1706240,139,,5064,76.49,,19816,,,,,,
18.908916509999997,1706624,139,,5067,75.74,,19820,0.0005,0.0,426432,-6688.5629959106445,3.4619195088744164,22.415495274588466
18.762431870000004,1707264,139,,5070,76.42,,19824,0.0005,0.0,426560,-6653.569671630859,3.0870184041559696,18.294759497977793
18.69441393,1707456,139,,5071,76.48,,19828,0.0005,0.0,426624,-6664.824020385742,3.3574199192225933,12.17098855227232
18.839110589999997,1707648,139,,5074,76.37,,19832,0.0005,0.0,426688,-6687.497100830078,3.1858016550540924,11.620734492316842
17.61233017,1707872,139,,5074,77.82,,19836,0.0005,0.0,426752,-6585.128318786621,3.2165060471743345,11.50197902135551
16.14138475,1708320,139,13.771689562884335,5078,77.93,17.368915838146606,19840,0.0005,0.0,426880,-6521.130264282227,3.232599588111043,13.397328882478178
16.15623581,1708672,139,,5080,78.62,,19844,0.0005,0.0,426944,-6571.165260314941,3.4100304767489433,20.31791768502444
18.57968644,1709024,139,,5081,78.67,,19848,0.0005,0.0,427008,-6618.840270996094,3.175823686644435,28.351207811385393
18.627931649999997,1709184,139,,5085,78.58,,19852,0.0005,0.0,427072,-6595.751800537109,3.364783711731434,20.36073744483292
16.96634163,1709472,139,,5086,78.25,,19856,0.0005,0.0,427136,-6600.515151977539,3.3478956297039986,15.181775936856866
14.318063699999998,1709952,139,,5088,79.48,,19860,0.0005,0.0,427264,-6728.270057678223,3.226377109065652,17.097492056898773
14.371014680000004,1710272,139,,5091,79.62,,19864,0.0005,0.0,427328,-6614.658821105957,3.0505575742572546,9.721600040793419
13.84012454,1710528,139,,5092,80.34,,19868,0.0005,0.0,427392,-6689.007682800293,3.157307645305991,12.75265400763601
13.857445969999999,1710784,139,17.45567687407023,5095,81.01,20.122027156945265,19872,0.0005,0.0,427456,-6623.777030944824,3.3375334925949574,11.694025955162942
11.500481870000002,1711008,139,,5095,80.29,,19876,0.0005,0.0,427520,-6628.676361083984,3.3636519014835358,21.60651989094913
9.192216910000003,1711232,139,,5098,80.27,,19880,0.0005,0.0,427584,-6680.162376403809,3.431417763233185,18.790330559015274
11.596186970000002,1711776,139,,5101,79.85,,19884,0.0005,0.0,427712,-6738.838249206543,3.2708735652267933,23.808577882125974
11.6414739,1712096,139,,5102,79.8,,19888,0.0005,0.0,427776,-6687.051452636719,3.115624697878957,14.870463883504272
11.56289734,1712320,139,,5104,79.83,,19892,0.0005,0.0,427840,-6622.840896606445,3.246831499040127,9.664041667245328
10.862404060000001,1712608,139,,5105,79.62,,19896,0.0005,0.0,427904,-6529.569557189941,3.3005096688866615,15.725850058719516
8.88868923,1712928,139,,5108,78.6,,19900,0.0005,0.0,428032,-6640.929237365723,3.1359249856323004,19.978067508898675
8.86838154,1713184,139,16.0195322860125,5111,78.87,20.043243632773887,19904,0.0005,0.0,428096,-6597.486686706543,3.2295448146760464,11.299753971397877
9.57869816,1713952,139,,5115,80.72,,19908,0.0005,0.0,428288,-6709.976524353027,3.2366476766765118,19.938659071922302
7.4562961,1714176,139,,5117,79.42,,19912,,,,,,
7.1162225400000025,1714496,139,,5118,79.62,,19916,0.0005,0.0,428416,-6752.385299682617,3.468898445367813,19.942025578580797
4.744328720000001,1714816,139,,5121,79.91,,19920,0.0005,0.0,428480,-6744.122581481934,3.3302251137793064,19.53125385567546
5.1794144300000005,1714976,139,,5121,79.2,,19924,0.0005,0.0,428544,-6704.367454528809,3.2875594720244408,11.612065284512937
4.99352369,1715104,139,,5121,80.17,,19928,,,,,,
4.7253128900000005,1715456,139,,5124,81.24,,19932,0.0005,0.0,428608,-6576.811012268066,3.089561967179179,19.843743063509464
7.949972080000001,1716000,139,17.440564486137585,5128,81.71,16.917351983902147,19936,0.0005,0.0,428800,-6678.945465087891,3.3868426252156496,16.37330441363156
7.658414759999999,1716096,139,,5128,80.97,,19940,,,,,,
7.96692932,1716576,139,,5131,79.9,,19944,0.0005,0.0,428928,-6718.498985290527,3.1827903129160404,18.513308390975
7.62535872,1716736,139,,5134,79.05,,19948,,,,,,
7.35923438,1716800,139,,5134,78.68,,19952,0.0005,0.0,428992,-6692.537994384766,3.2109381798654795,16.829258926212788
9.90422325,1716992,139,,5135,78.37,,19956,,,,,,
12.217633750000003,1717376,139,22.345398164919487,5138,78.11,19.66834209820621,19960,0.0005,0.0,429120,-6662.2778244018555,3.2924114875495434,16.023877570405602
9.949661569999996,1717888,139,,5141,77.19,,19964,0.0005,0.0,429248,-6676.405517578125,3.258736703544855,15.072630545124412
8.263753430000001,1718336,139,,5145,76.03,,19968,0.0005,0.0,429376,-6768.04719543457,3.0204760748893023,14.387379662133753
8.28487399,1718528,139,,5145,76.4,,19972,,,,,,
11.12177608,1718848,139,,5148,76.37,,19976,0.0005,0.0,429504,-6769.832557678223,3.2416525799781084,27.982304848730564
13.463198239999997,1719168,139,22.84874045187907,5149,76.19,21.17755991216724,19980,0.0005,0.0,429568,-6732.281028747559,3.1842166297137737,19.83203687518835
13.36712118,1719616,139,,5152,76.79,,19984,0.0005,0.0,429696,-6742.828407287598,3.1226995680481195,19.7523598857224
13.09419639,1719808,139,,5155,77.92,,19988,,,,,,
12.772458009999998,1720192,139,,5156,78.39,,19992,0.0005,0.0,429824,-6738.129615783691,3.14502158947289,16.65352720208466
13.655759859999998,1720576,139,,5159,78.05,,19996,0.0005,0.0,429888,-6791.315406799316,3.1288946587592363,13.835448294878006
15.752806100000003,1720768,139,,5159,79.3,,20000,0.0005,0.0,429952,-6752.262886047363,3.177554115653038,18.64357844926417
13.3484142,1721088,139,,5163,79.1,,20004,0.0005,0.0,430016,-6796.985466003418,3.230601817369461,18.717032307758927
11.21216124,1721472,139,,5166,77.29,,20008,0.0005,0.0,430144,-6852.791076660156,3.1137602142989635,25.33990704268217
10.216560300000003,1721728,139,,5167,77.66,,20012,0.0005,0.0,430208,-6818.331115722656,3.2200876511633396,25.14761952776462
10.946037490000002,1722016,139,,5170,77.13,,20016,0.0005,0.0,430272,-6700.955741882324,3.1156782135367393,20.542797138914466
13.36545826,1722208,139,13.723678476357234,5170,77.63,16.788222323635363,20020,0.0005,0.0,430336,-6699.835968017578,3.1447506714612246,16.89772012270987
13.48737991,1722528,139,,5174,77.61,,20024,0.0005,0.0,430400,-6731.828788757324,3.1655381694436073,14.940589662641287
13.565742699999998,1722688,139,,5174,75.88,,20028,0.0005,0.0,430464,-6708.625221252441,3.2478909455239773,22.655501355417073
13.697973780000002,1722912,139,,5177,75.6,,20032,0.0005,0.0,430528,-6720.664688110352,3.069466434419155,9.274045325815678
13.804378730000002,1723264,139,,5178,74.61,,20036,0.0005,0.0,430592,-6658.532646179199,3.0288261584937572,10.252168917097151
14.08542341,1724000,139,,5184,74.67,,20040,0.0005,0.0,430784,-6712.319854736328,3.0610103737562895,19.884015707299113
13.30611492,1724192,139,,5184,75.43,,20044,0.0005,0.0,430848,-6717.742622375488,3.1200438663363457,21.94252610951662
13.794824149999997,1724320,139,,5185,76.13,,20048,,,,,,
14.066002860000001,1724768,139,,5188,76.54,,20052,0.0005,0.0,430976,-6757.036170959473,3.1368528008461,15.389522682875395
14.28657275,1725024,139,,5190,76.5,,20056,0.0005,0.0,431040,-6708.26496887207,3.0681461542844772,11.057067522779107
14.180201210000002,1725376,139,14.348392040197039,5191,77.09,17.787927248382687,20060,0.0005,0.0,431104,-6669.728889465332,3.131060253828764,17.004240808077157
16.621994209999997,1725792,139,,5194,76.99,,20064,0.0005,0.0,431232,-6701.753021240234,3.1791099589318037,15.332839441485703
18.23275637,1726048,139,,5197,77.77,,20068,0.0005,0.0,431296,-6700.67830657959,3.1020251736044884,11.948611874133348
17.76369315,1726336,139,,5197,77.98,,20072,0.0005,0.0,431360,-6647.363594055176,3.226897379383445,21.892531976103783
17.44727947,1726816,139,,5201,79.08,,20076,0.0005,0.0,431488,-6735.572288513184,3.0802566837519407,21.359554884955287
17.15904002,1727104,139,,5204,78.92,,20080,0.0005,0.0,431552,-6696.918594360352,3.118749976158142,15.280799198895693
17.19004727,1727456,139,,5205,79.51,,20084,0.0005,0.0,431616,-6667.46622467041,3.138561649248004,25.329011102207005
17.307217669999996,1727616,139,,5208,78.41,,20088,0.0005,0.0,431680,-6668.958290100098,3.0747230015695095,9.929399495013058
17.66906621,1727968,139,,5209,78.41,,20092,0.0005,0.0,431744,-6807.2412185668945,3.084761280566454,12.996246505528688
17.6633289,1728256,139,13.906759609790646,5212,78.97,17.10870206012819,20096,0.0005,0.0,431808,-6809.132102966309,3.049430176615715,18.79718232434243
17.72178974,1728672,139,,5215,77.91,,20100,0.0005,0.0,431936,-6687.127838134766,3.103409592062235,8.996653899550438
20.109597909999998,1728832,139,,5215,78.48,,20104,0.0005,0.0,432000,-6734.234405517578,3.0233924128115177,20.545092940330505
22.5645106,1729312,139,,5219,78.4,,20108,0.0005,0.0,432128,-6746.929046630859,3.0317596215754747,20.136613871902227
25.635048480000002,1729824,139,,5221,78.34,,20112,0.0005,0.0,432256,-6735.77693939209,3.0315491873770952,15.5361533369869
25.268328370000003,1730144,139,21.880660765298902,5224,79.01,21.784755050704817,20116,0.0005,0.0,432320,-6709.291961669922,2.9195471238344908,15.046440485864878
25.084762769999998,1730400,139,,5224,77.54,,20120,0.0005,0.0,432384,-6686.342346191406,3.1470051668584347,21.396294053643942
24.84804198,1730624,139,,5227,78.4,,20124,0.0005,0.0,432448,-6794.971115112305,3.094467094168067,16.816080728545785
24.77537614,1730912,139,,5228,79.32,,20128,0.0005,0.0,432512,-6727.446571350098,3.1144314166158438,18.400217523798347
24.3563033,1731136,139,,5231,80.34,,20132,0.0005,0.0,432576,-6693.495834350586,3.058587957173586,11.082899090833962
24.132957640000004,1731488,139,,5231,80.76,,20136,0.0005,0.0,432640,-6717.32559967041,3.087717717513442,14.456769088283181
24.130026040000004,1731968,139,,5235,81.68,,20140,0.0005,0.0,432768,-6732.71842956543,2.9588086642324924,18.209046269766986
24.570481880000003,1732448,139,,5238,82.11,,20144,0.0005,0.0,432896,-6647.42488861084,3.0607095938175917,11.839742000214756
24.577364340000003,1732704,139,,5240,81.33,,20148,0.0005,0.0,432960,-6706.7462158203125,3.0036945026367903,9.676091892644763
24.52016927,1732960,139,13.25282771634368,5241,81.25,19.079477439989095,20152,0.0005,0.0,433024,-6651.989219665527,3.0531555712223053,26.716343216598034
24.448620579999996,1733216,139,,5243,81.85,,20156,0.0005,0.0,433088,-6792.15145111084,3.0870790164917707,20.35086007975042
24.6659239,1733440,139,,5243,82.01,,20160,0.0005,0.0,433152,-6751.528015136719,2.8194181118160486,11.662299694493413
24.50576985,1733792,139,,5246,82.59,,20164,0.0005,0.0,433216,-6624.098472595215,2.967235565185547,14.91429459489882
25.069411149999997,1733920,139,,5246,82.29,,20168,0.0005,0.0,433280,-6623.6896896362305,3.083937246352434,15.443276278674603
23.25312769,1734464,139,,5250,81.69,,20172,0.0005,0.0,433408,-6877.570983886719,3.0949697494506836,21.37960909307003
23.36163626,1734720,139,,5252,80.26,,20176,0.0005,0.0,433472,-6894.001388549805,3.0513044744729996,17.18666102923453
23.219025709999997,1734944,139,,5253,80.96,,20180,0.0005,0.0,433536,-6826.513740539551,2.830813281238079,11.182675713673234
23.38277784,1735168,139,19.867664593878047,5254,80.0,20.151266400713105,20184,,,,,,
23.305425419999995,1735616,139,,5256,79.92,,20188,0.0005,0.0,433664,-6846.548110961914,2.9554922822862864,11.03130589518696
23.289270039999998,1736000,139,,5259,79.25,,20192,0.0005,0.0,433792,-6758.924697875977,2.8126339949667454,9.53082212805748
23.060439069999997,1736416,139,,5263,78.97,,20196,0.0005,0.0,433856,-6707.151969909668,2.932637194171548,15.867777767591178
23.13474052,1736640,139,,5263,79.22,,20200,0.0005,0.0,433920,-6695.141304016113,2.9667205531150103,24.82339714281261
22.990995119999994,1736960,139,,5266,78.94,,20204,0.0005,0.0,433984,-6666.976371765137,3.2056085858494043,14.300075362436473
22.935735019999996,1737344,139,20.22951431654083,5269,79.11,20.860186291496166,20208,0.0005,0.0,434112,-6804.281044006348,2.90843091532588,12.341010998934507
22.98312987,1737664,139,,5269,79.45,,20212,0.0005,0.0,434176,-6920.106788635254,3.0523791760206223,24.068159844726324
23.04929134,1737984,139,,5272,79.52,,20216,0.0005,0.0,434240,-6789.49494934082,3.0511357709765434,23.348512925207615
23.25565818,1738240,139,,5275,80.11,,20220,0.0005,0.0,434304,-6841.343070983887,3.053725555539131,19.645444424822927
23.38926968,1738464,139,,5275,79.55,,20224,0.0005,0.0,434368,-6834.838516235352,3.1259139012545347,18.847756592556834
21.274958410000004,1738624,139,,5276,79.07,,20228,0.0005,0.0,434432,-6921.397300720215,3.0072790142148733,15.067655686289072
19.15787818,1739072,139,,5279,78.68,,20232,0.0005,0.0,434560,-6823.357734680176,2.93510852009058,23.79945500008762
19.501890060000004,1739296,139,,5282,78.46,,20236,0.0005,0.0,434624,-6828.675476074219,3.070643164217472,9.811194309033453
19.707528930000002,1739488,139,,5282,77.5,,20240,,,,,,
17.22713928,1739936,139,15.456726897797374,5285,76.9,18.242049420695867,20244,0.0005,0.0,434752,-6814.289237976074,3.076286993920803,18.87080904468894
17.105088180000003,1740160,139,,5285,77.12,,20248,0.0005,0.0,434816,-6756.886199951172,2.9560430105775595,20.483924388885498
17.2419902,1740384,139,,5289,76.69,,20252,0.0005,0.0,434880,-6698.414680480957,2.944293638691306,12.055544089525938
17.19769185,1740864,139,,5293,76.78,,20256,0.0005,0.0,435008,-6793.663139343262,3.1349506210535765,15.12417094875127
16.94182969,1741184,139,,5293,76.29,,20260,0.0005,0.0,435072,-6781.221466064453,3.03510445356369,14.69129035808146
12.294456449999998,1741472,139,,5296,75.62,,20264,0.0005,0.0,435136,-6764.89493560791,2.8598414305597544,21.15954810194671
12.16616327,1741984,139,,5300,75.7,,20268,0.0005,0.0,435264,-6740.016250610352,3.0835145730525255,16.190196584910154
14.47020563,1742080,139,,5300,75.79,,20272,,,,,,
14.96593286,1742368,139,,5303,76.21,,20276,0.0005,0.0,435392,-6728.497901916504,2.980964832007885,15.01992409862578
12.79907546,1742848,139,,5306,75.98,,20280,0.0005,0.0,435456,-6772.002571105957,3.013542676344514,14.406095856800675
12.59363962,1743040,139,,5307,77.04,,20284,0.0005,0.0,435520,-6891.706565856934,3.0090406984090805,20.754650654271245
10.451319519999997,1743552,139,,5311,77.15,,20288,0.0005,0.0,435648,-6756.577011108398,3.0187239311635494,13.452174166217446
6.591966179999999,1744128,139,11.992779244102316,5314,77.19,15.699075471776537,20292,0.0005,0.0,435776,-6801.151512145996,2.9806582368910313,13.699368950910866
6.64393709,1744352,139,,5315,77.74,,20296,0.0005,0.0,435840,-6834.59317779541,2.7853349465876818,22.312229726463556
6.297359939999998,1744544,139,,5317,78.18,,20300,0.0005,0.0,435904,-6788.129096984863,3.0315357856452465,18.767658641561866
6.3229419799999995,1744704,139,,5318,78.43,,20304,0.0005,0.0,435968,-6731.679977416992,3.0928296986967325,16.884973188862205
5.865429170000001,1745056,139,,5321,79.4,,20308,0.0005,0.0,436032,-6821.104637145996,3.055545313283801,12.506281964480877
5.93092513,1745248,139,,5321,79.44,,20312,0.0005,0.0,436096,-6949.492263793945,2.843696316704154,13.650887958705425
5.8724703499999995,1745536,139,20.57952851193724,5324,79.11,20.721162988353623,20316,0.0005,0.0,436160,-6878.7414474487305,2.998688703402877,16.523161690682173
6.15411597,1745952,139,,5327,79.15,,20320,0.0005,0.0,436288,-6816.539085388184,2.8818316757678986,25.535883910954
3.786650840000001,1746176,139,,5328,78.75,,20324,,,,,,
3.6160747599999996,1746496,139,,5332,78.21,,20328,0.0005,0.0,436416,-6855.845977783203,2.9099384285509586,10.873328885063529
3.222076599999998,1746784,139,,5332,78.02,,20332,0.0005,0.0,436480,-6929.312927246094,3.024419780820608,16.857721196487546
3.1751968999999987,1746976,139,,5335,77.82,,20336,0.0005,0.0,436544,-6940.415954589844,3.0485108625143766,18.269928064197302
3.3024334299999993,1747136,139,,5335,77.53,,20340,,,,,,
5.9293414900000005,1747424,139,,5336,77.1,,20344,0.0005,0.0,436608,-6884.896644592285,2.8768476508557796,16.481487710028887
6.207389009999999,1747680,139,,5339,77.56,,20348,0.0005,0.0,436672,-6860.78279876709,2.8610774278640747,13.975958116352558
6.17254271,1748160,139,16.410680137381544,5342,77.55,16.03473347244665,20352,0.0005,0.0,436800,-6803.709030151367,2.9373673629015684,14.399381462484598
6.379615610000002,1748544,139,,5345,76.37,,20356,0.0005,0.0,436928,-6847.466819763184,2.9062086045742035,19.524298613891006
6.845585710000002,1748800,139,,5346,75.71,,20360,0.0005,0.0,436992,-6914.73681640625,2.9387889467179775,16.30696741119027
11.402652320000001,1749344,139,,5350,76.37,,20364,0.0005,0.0,437120,-6887.709205627441,2.7065376732498407,14.784988856874406
11.36346096,1749632,139,,5353,76.88,,20368,0.0005,0.0,437184,-6924.016143798828,2.8626924753189087,15.959284083917737
11.377292729999999,1749824,139,,5353,76.56,,20372,0.0005,0.0,437248,-6881.935615539551,2.8800036516040564,18.457376670092344
10.826645189999999,1750016,139,,5356,76.75,,20376,,,,,,
9.82345563,1750144,139,,5357,77.77,,20380,0.0005,0.0,437312,-6859.7159423828125,2.728176813572645,10.945083240047097
9.89976187,1750464,139,,5357,76.57,,20384,0.0005,0.0,437376,-6869.030288696289,2.9321609251201153,20.424183862283826
12.118829420000003,1750720,139,,5360,76.27,,20388,0.0005,0.0,437440,-6884.809967041016,3.1130372900515795,16.66570677049458
13.236705450000002,1751200,139,13.686532067380739,5363,76.06,17.346444887912785,20392,0.0005,0.0,437568,-6806.200973510742,2.8783197719603777,20.710806231945753
13.487386919999999,1751392,139,,5363,75.21,,20396,0.0005,0.0,437632,-6866.276161193848,2.836885131895542,16.784454986453056
12.817970349999998,1751552,139,,5366,74.14,,20400,,,,,,
10.669543359999999,1752096,139,,5371,72.95,,20404,0.0005,0.0,437824,-6772.745567321777,2.9006277304142714,15.380968014709651
8.75149436,1752512,139,,5372,72.07,,20408,0.0005,0.0,437888,-6886.93879699707,2.965487180277705,7.26031207293272
8.936756890000002,1752544,139,,5372,71.55,,20412,,,,,,
6.562836560000001,1752960,139,,5375,70.99,,20416,0.0005,0.0,438016,-6937.935005187988,2.8538304530084133,20.19650946278125
6.4411692600000015,1753184,139,,5379,71.8,,20420,0.0005,0.0,438080,-6830.967460632324,2.8404322303831577,17.517106209881604
8.76317165,1753632,139,,5382,71.24,,20424,0.0005,0.0,438208,-6855.535545349121,2.916545918211341,11.649838998913765
10.97498268,1754048,139,,5383,72.98,,20428,0.0005,0.0,438272,-6876.139228820801,2.752640336751938,13.831317318603396
13.765684069999999,1754272,139,,5385,72.86,,20432,0.0005,0.0,438336,-6918.255012512207,2.891436679288745,22.774588437750936
13.67898787,1754432,139,,5386,73.43,,20436,0.0005,0.0,438400,-6933.016471862793,2.7445234172046185,25.175771553069353
11.54888983,1755040,140,,5389,72.64,,20440,0.0005,0.0,438528,-6962.205764770508,2.8567548636347055,15.637017209082842
11.20906995,1755168,139,11.153971900698401,5392,73.57,18.27250245392925,20444,0.0005,0.0,438592,-6855.080078125,2.882321173325181,9.345728566870093
10.99876014,1755360,139,,5392,73.53,,20448,,,,,,
10.66410801,1755712,139,,5395,75.03,,20452,0.0005,0.0,438720,-6843.7637939453125,2.9457359481602907,11.814103288576007
10.719303429999998,1755872,140,,5395,75.15,,20456,,,,,,
10.533320519999997,1756032,140,,5396,75.52,,20460,0.0005,0.0,438784,-6810.953826904297,2.96985549852252,19.0391699206084
10.866590960000002,1756480,140,28.065582758340497,5399,74.51,23.39086235909541,20464,0.0005,0.0,438912,-6969.601089477539,2.711783839389682,21.188685541972518
10.75699727,1756768,140,,5401,74.75,,20468,0.0005,0.0,438976,-6934.739433288574,2.9469343312084675,17.133948663249612
10.908016160000003,1757184,140,,5404,74.76,,20472,0.0005,0.0,439040,-6833.533676147461,2.91452968865633,22.742612826637924
8.998629250000002,1757376,140,,5405,74.2,,20476,0.0005,0.0,439104,-6890.0272216796875,2.8562601041048765,15.73022298887372
11.384237299999995,1757760,140,,5408,73.42,,20480,0.0005,0.0,439232,-6809.433380126953,2.842499764636159,16.18105647433549
6.77607969,1758048,140,,5408,73.39,,20484,0.0005,0.0,439296,-6792.904769897461,2.9838040061295033,11.170546378940344
6.976226820000001,1758176,140,,5409,73.42,,20488,,,,,,
9.88515341,1758752,140,,5415,73.98,,20492,0.0005,0.0,439488,-6873.937301635742,2.965429974719882,14.45779503788799
7.541997620000001,1759072,140,14.461886632070401,5416,73.43,18.27329081577469,20496,0.0005,0.0,439552,-6858.20881652832,2.7400698736310005,16.674577315337956
8.51397898,1759456,140,,5419,74.56,,20500,0.0005,0.0,439616,-6912.084976196289,2.697295095771551,17.227205196395516
10.498696740000003,1759648,140,,5420,75.37,,20504,0.0005,0.0,439680,-6977.329833984375,2.8665076848119497,22.361894126050174
5.93417235,1759808,140,,5423,74.42,,20508,0.0005,0.0,439744,-6895.853912353516,2.7201385870575905,14.964339343830943
7.888017519999998,1760064,140,,5423,76.11,,20512,0.0005,0.0,439808,-6954.535537719727,2.8664894215762615,13.017482912167907
10.36597469,1760256,140,,5425,76.43,,20516,,,,,,
10.628505720000003,1760544,140,,5426,75.73,,20520,0.0005,0.0,439936,-6843.433624267578,2.9549628011882305,14.236745674163103
10.590900610000004,1761056,140,,5430,76.26,,20524,0.0005,0.0,440064,-6858.00284576416,2.8791374508291483,8.580740344710648
8.369996460000003,1761440,140,,5433,74.76,,20528,0.0005,0.0,440128,-6811.171142578125,2.812056854367256,23.903161631897092
8.499827750000001,1761600,140,,5433,74.12,,20532,0.0005,0.0,440192,-6859.036582946777,2.862942300736904,18.0253184735775
8.51593686,1761920,140,,5437,74.06,,20536,0.0005,0.0,440256,-6873.478309631348,2.811789458617568,10.051200926303864
8.09375299,1762144,140,,5438,74.95,,20540,0.0005,0.0,440320,-6816.741119384766,2.803305845707655,10.564099349081516
10.653389400000002,1762592,140,,5441,74.87,,20544,0.0005,0.0,440448,-6992.148025512695,2.851340612396598,18.15598556306213
10.85028352,1762720,140,12.394571475524582,5441,74.6,15.607563896066262,20548,,,,,,
10.895317370000003,1763264,140,,5444,73.61,,20552,0.0005,0.0,440576,-6959.438766479492,2.7786311861127615,19.91730905137956
8.46240974,1763424,140,,5447,74.28,,20556,0.0005,0.0,440640,-6854.141632080078,2.776131596416235,27.438428446650505
8.467665479999999,1763744,140,,5447,74.83,,20560,0.0005,0.0,440704,-6785.792831420898,2.822706948965788,12.541141234338284
8.316696729999999,1764288,140,,5450,75.8,,20564,0.0005,0.0,440832,-6927.975479125977,2.863453797996044,28.562094260007143
6.348152490000001,1764544,140,,5453,75.27,,20568,0.0005,0.0,440896,-6843.691497802734,2.7289667557924986,15.843953340314329
6.244237300000001,1764928,140,,5457,75.76,,20572,0.0005,0.0,441024,-6932.055885314941,2.6951941791921854,18.252551677636802
8.66195878,1765088,140,,5457,76.09,,20576,,,,,,
9.22898985,1765408,140,13.898275612557054,5460,76.33,16.660973942568454,20580,0.0005,0.0,441152,-6865.585235595703,2.8978585395962,10.001462001353502
11.5327019,1765696,140,,5461,76.93,,20584,0.0005,0.0,441216,-6860.825820922852,2.730922367423773,15.952880801633
11.668427379999999,1765920,140,,5464,77.34,,20588,0.0005,0.0,441280,-6845.184120178223,2.6800577137619257,24.88315743766725
9.374867519999999,1766176,140,,5465,76.7,,20592,0.0005,0.0,441344,-6822.345489501953,2.7515554940328,20.53771288320422
11.480918079999999,1766880,140,,5468,76.97,,20596,0.0005,0.0,441472,-6823.074447631836,2.610744067467749,12.0084980847314
11.454613339999998,1766976,140,,5471,76.45,,20600,0.0005,0.0,441536,-6829.549369812012,2.7283310759812593,18.792204225435853
11.36615321,1767264,140,,5472,76.45,,20604,0.0005,0.0,441600,-6908.014060974121,2.6727101746946573,17.406396871432662
15.570597750000001,1767424,140,,5475,77.8,,20608,,,,,,
15.842998230000001,1767744,140,,5476,76.51,,20612,0.0005,0.0,441728,-6772.971282958984,2.9017018992453814,17.26625369489193
15.899534570000004,1768192,140,,5479,76.06,,20616,0.0005,0.0,441792,-6901.265930175781,2.665623553097248,16.516308315098286
15.5205809,1768544,140,15.063309386498668,5482,76.77,19.19542495891379,20620,0.0005,0.0,441920,-7068.684036254883,2.669070927426219,11.368820052593946
12.613551170000003,1768864,140,,5482,76.84,,20624,0.0005,0.0,441984,-6786.587455749512,2.899720275774598,25.18435913696885
14.93273485,1769120,140,,5486,76.87,,20628,0.0005,0.0,442048,-6805.40495300293,2.7322893105447292,3.529847253113985
12.650506110000002,1769376,140,,5486,77.16,,20632,0.0005,0.0,442112,-6844.246879577637,2.7153308484703302,14.190438911318779
12.449859439999997,1769696,140,,5489,78.42,,20636,0.0005,0.0,442176,-6842.800003051758,2.8343116752803326,18.530582578852773
12.726902530000002,1770176,140,22.41676025390784,5493,77.75,21.304830226575483,20640,0.0005,0.0,442304,-6886.698585510254,2.7602272629737854,16.637683967128396
12.91711289,1770464,140,,5494,77.7,,20644,0.0005,0.0,442368,-6813.606842041016,2.6629893835633993,19.037679590284824
12.692418210000001,1770624,140,,5496,78.16,,20648,0.0005,0.0,442432,-6749.561935424805,2.629077397286892,14.993176499381661
12.9781294,1770880,140,,5497,78.77,,20652,0.0005,0.0,442496,-6827.234901428223,2.6867895871400833,9.511325033381581
15.436455160000001,1771200,140,,5500,78.57,,20656,0.0005,0.0,442560,-6764.174179077148,2.682558050379157,17.252629128284752
15.364884730000002,1771552,140,,5503,77.97,,20660,0.0005,0.0,442688,-6849.480003356934,2.6639247816056013,15.905302435159683
15.099673020000001,1772160,140,,5507,78.42,,20664,0.0005,0.0,442816,-6868.864440917969,2.5200207736343145,17.023688787594438
17.08769071,1772320,140,,5507,78.0,,20668,0.0005,0.0,442880,-6930.518539428711,2.7151324544101954,19.03368005529046
17.07207902,1772544,140,,5509,77.56,,20672,,,,,,
16.76969112,1772736,140,,5510,77.83,,20676,0.0005,0.0,442944,-6863.154884338379,2.592192793264985,13.149947879835963
16.52193296,1773152,140,,5513,77.93,,20680,0.0005,0.0,443072,-6974.739921569824,2.72995487973094,15.138825125992298
18.924152559999996,1773536,140,,5514,77.94,,20684,0.0005,0.0,443136,-6871.721458435059,2.6696773897856474,16.642998959869146
18.80406252,1773984,140,,5517,77.66,,20688,0.0005,0.0,443264,-6959.211326599121,2.7547587379813194,9.431828775443137
21.204301049999998,1774272,140,,5520,77.43,,20692,0.0005,0.0,443328,-6897.43253326416,2.6639120783656836,18.908683150075376
21.30108357,1774400,140,,5521,77.71,,20696,0.0005,0.0,443392,-6931.692253112793,2.65790924616158,17.02544224075973
20.65927905,1774624,140,9.83882586751415,5524,78.48,16.963307367966355,20700,0.0005,0.0,443456,-6883.914443969727,2.8020067531615496,18.13246749341488
20.979004380000003,1775072,140,,5525,78.94,,20704,0.0005,0.0,443520,-6913.844352722168,2.6811490077525377,18.10266256518662
21.258204499999998,1775520,140,,5528,78.93,,20708,0.0005,0.0,443648,-6757.4851150512695,2.677868142724037,5.749792363494635
21.107550789999994,1775648,140,,5531,79.24,,20712,0.0005,0.0,443712,-6779.842918395996,2.629478180781007,14.389007894322276
21.059034440000005,1776000,140,,5532,79.4,,20716,0.0005,0.0,443776,-6967.498268127441,2.5883147260174155,5.78201550245285
20.75628222,1776544,140,,5535,79.01,,20720,0.0005,0.0,443904,-6830.766754150391,2.6378976898267865,16.04788135178387
23.859262249999997,1776704,140,,5538,78.8,,20724,0.0005,0.0,443968,-6923.891487121582,2.663801083341241,15.75473188702017
23.249763570000006,1777152,140,17.824696071922205,5541,80.12,20.0716495413472,20728,0.0005,0.0,444032,-6982.583282470703,2.763924991711974,16.093420632183552
25.224998189999997,1777760,140,,5545,80.28,,20732,0.0005,0.0,444224,-6959.928398132324,2.636785013601184,26.673628317192197
25.286135870000003,1777984,140,,5546,79.92,,20736,0.0005,0.0,444288,-6962.370063781738,2.6452339980751276,16.399188635870814
25.025261509999996,1778144,140,,5546,80.79,,20740,,,,,,
22.5517849,1778336,140,,5549,80.89,,20744,0.0005,0.0,444352,-6961.844619750977,2.5887736789882183,24.422514026984572
22.629946139999998,1778656,140,24.91069573346994,5550,80.2,23.454091878911843,20748,0.0005,0.0,444416,-6902.702713012695,2.527701461687684,14.62229601573199
22.67293443,1778816,140,,5553,79.24,,20752,0.0005,0.0,444480,-6946.651718139648,2.642331039533019,16.275611952878535
22.23794296,1779360,140,,5557,80.61,,20756,0.0005,0.0,444608,-6976.697456359863,2.643073085695505,17.69728236272931
22.339785300000003,1779808,140,,5560,80.84,,20760,0.0005,0.0,444736,-6841.463562011719,2.765587203204632,14.884854102507234
22.593648140000006,1780192,140,,5561,80.49,,20764,0.0005,0.0,444800,-6901.9682693481445,2.6416559144854546,22.882879331707954
22.453567250000006,1780544,140,,5564,80.92,,20768,0.0005,0.0,444928,-6881.190460205078,2.6534353401511908,22.425421204417944
22.625443630000003,1780832,140,,5566,81.53,,20772,0.0005,0.0,444992,-6804.302085876465,2.630618914961815,9.684929616749287
22.838151100000005,1781152,140,,5567,81.15,,20776,0.0005,0.0,445056,-6870.4973068237305,2.5146754197776318,13.579735131934285
23.033662910000007,1781408,140,,5570,81.68,,20780,0.0005,0.0,445120,-6929.117752075195,2.6800078880041838,9.28621987067163
20.91349349,1781728,140,,5570,80.93,,20784,0.0005,0.0,445184,-6896.878921508789,2.644735489040613,16.58772045560181
20.755052750000004,1782240,140,10.600169908314891,5573,81.99,16.598786177902777,20788,0.0005,0.0,445312,-7023.900131225586,2.7079668194055557,15.405977341346443
20.423252989999998,1782560,140,,5577,83.33,,20792,0.0005,0.0,445440,-7068.291107177734,2.4605900812894106,7.671456344425678
20.338319199999997,1782720,140,,5577,83.69,,20796,,,,,,
20.83823969,1783168,140,,5580,83.51,,20800,0.0005,0.0,445568,-6900.5021896362305,2.492229936644435,20.063813468441367
20.693803639999995,1783520,140,,5583,82.98,,20804,0.0005,0.0,445632,-6866.622116088867,2.7702856305986643,16.02344510704279
18.50494676,1783712,140,,5584,82.48,,20808,0.0005,0.0,445696,-6888.883148193359,2.5902802757918835,14.801406630314887
18.10787241,1784064,140,,5586,83.3,,20812,0.0005,0.0,445760,-6916.83927154541,2.5796033218503,22.71861306577921
13.731515559999998,1784320,140,,5589,83.01,,20816,0.0005,0.0,445824,-6934.150665283203,2.4802039675414562,14.497518725693226
12.05633523,1784544,140,,5589,83.03,,20820,0.0005,0.0,445888,-6950.051406860352,2.6634732093662024,16.870988428592682
12.039486989999999,1784896,140,,5592,83.07,,20824,0.0005,0.0,446016,-6922.867500305176,2.4604307301342487,14.660298079252243
12.68134176,1785120,140,,5593,82.47,,20828,0.0005,0.0,446080,-6962.875335693359,2.5078824646770954,4.38642237894237
10.640852540000001,1785760,140,,5596,81.17,,20832,0.0005,0.0,446208,-7062.827507019043,2.5369038227945566,13.827752590179443
10.727102030000001,1786304,140,,5600,80.81,,20836,0.0005,0.0,446336,-7078.192657470703,2.6088500656187534,6.564259327016771
10.965965630000001,1786432,140,11.003042561701237,5603,81.11,14.93801568908899,20840,0.0005,0.0,446400,-7004.3222732543945,2.4993064180016518,11.468136335723102
13.257176600000003,1786496,140,,5603,81.47,,20844,,,,,,
13.148332579999998,1786784,140,,5603,81.97,,20848,0.0005,0.0,446464,-6979.75528717041,2.528204493224621,14.753905253484845
12.817298980000002,1787040,140,,5606,82.89,,20852,0.0005,0.0,446528,-6979.167213439941,2.625217044726014,9.878393458202481
13.10697038,1787232,140,,5606,81.59,,20856,0.0005,0.0,446592,-6952.173896789551,2.565854474902153,23.69091000035405
12.984378310000002,1787712,140,,5609,81.66,,20860,0.0005,0.0,446720,-6948.65087890625,2.5615834053605795,15.81553801894188
10.72852591,1788032,140,22.442921328204715,5612,80.91,21.939691113334316,20864,0.0005,0.0,446784,-7004.928352355957,2.6482107415795326,16.342444095760584
11.205174920000001,1788288,140,,5612,80.25,,20868,0.0005,0.0,446848,-7080.186630249023,2.604634590446949,13.271357593126595
11.28153335,1788576,140,,5615,79.53,,20872,0.0005,0.0,446912,-7017.9074783325195,2.6170599181205034,17.58767947461456
11.039020290000002,1788832,140,,5615,79.46,,20876,0.0005,0.0,446976,-6930.89217376709,2.5722234454005957,26.254311446100473
10.569158830000001,1789120,140,,5619,79.43,,20880,0.0005,0.0,447040,-6847.856285095215,2.5985399540513754,22.73646081890911
10.44385172,1789408,140,,5619,79.13,,20884,0.0005,0.0,447104,-6994.199661254883,2.467042662203312,15.132434220984578
10.807593050000001,1789728,140,24.00697029574154,5623,77.66,21.19022404690492,20888,0.0005,0.0,447232,-7029.095550537109,2.641067709773779,20.136717167682946
8.377991649999998,1790144,140,,5626,76.42,,20892,0.0005,0.0,447296,-7021.759223937988,2.7443602345883846,14.154750287532806
6.259806909999998,1790528,140,,5630,76.2,,20896,0.0005,0.0,447424,-6995.05655670166,2.5779555216431618,20.303221648558974
6.172728239999998,1790848,140,,5630,75.91,,20900,0.0005,0.0,447488,-6973.570777893066,2.608993900939822,11.268202040344477
6.503151869999999,1790976,140,28.120603914884235,5632,76.01,21.782669680521554,20904,,,,,,
9.00182316,1791136,140,,5633,75.72,,20908,0.0005,0.0,447552,-7106.574821472168,2.569305457174778,23.87227742560208
8.974624339999998,1791392,140,,5633,75.73,,20912,0.0005,0.0,447616,-6929.671035766602,2.5566499326378107,11.9385822173208
13.200850599999997,1791776,140,,5637,75.68,,20916,0.0005,0.0,447744,-6940.915771484375,2.541088743135333,18.996526861563325
15.239047809999997,1792160,140,,5640,76.1,,20920,0.0005,0.0,447808,-6938.95059967041,2.581574646756053,13.573232206515968
15.19553372,1792608,140,,5643,76.14,,20924,0.0005,0.0,447936,-6953.327819824219,2.4933726098388433,16.4279245454818
12.762689049999999,1792992,140,,5644,75.7,,20928,0.0005,0.0,448000,-6912.803932189941,2.4818780049681664,23.75469917152077
14.895842209999998,1793152,140,,5646,75.97,,20932,0.0005,0.0,448064,-6873.338729858398,2.542591007426381,18.52286747470498
14.757393890000001,1793568,140,,5649,76.01,,20936,0.0005,0.0,448192,-6866.752471923828,2.6231267005205154,17.56413098331541
14.76212993,1793760,140,,5649,75.61,,20940,,,,,,
14.55763429,1794016,140,,5649,75.83,,20944,0.0005,0.0,448256,-7044.221237182617,2.621217155829072,18.441548148170114
14.900403609999998,1794496,140,,5653,75.03,,20948,0.0005,0.0,448384,-6995.4642333984375,2.430701711215079,8.974204503931105
15.18527896,1794784,140,,5656,74.48,,20952,0.0005,0.0,448448,-6918.965614318848,2.6370472442358732,13.932885554619133
14.922654609999997,1795200,140,10.622578222615356,5658,75.16,18.445152590789906,20956,0.0005,0.0,448576,-6971.848579406738,2.4888723362237215,10.033214716240764
12.122965859999997,1795488,140,,5659,74.86,,20960,0.0005,0.0,448640,-6891.4801025390625,2.5901597440242767,16.143747005611658
14.3331727,1795776,140,,5663,75.3,,20964,0.0005,0.0,448704,-7068.066047668457,2.43149789609015,15.000682171434164
11.042937889999997,1795936,140,,5663,75.65,,20968,0.0005,0.0,448768,-7007.04020690918,2.4840802289545536,6.2183679807931185
10.73660965,1796192,140,,5666,76.92,,20972,0.0005,0.0,448832,-6831.216049194336,2.42605659365654,22.550099609419703
10.88321415,1796704,140,,5670,77.64,,20976,0.0005,0.0,448960,-7032.078392028809,2.5581246316432953,20.84384306333959
13.703623910000001,1797056,140,23.794132335299263,5671,76.97,22.10029917599634,20980,0.0005,0.0,449024,-7037.483955383301,2.5055241622030735,22.318274777382612
13.736470729999999,1797344,140,,5673,77.23,,20984,0.0005,0.0,449088,-6978.652450561523,2.597913395613432,22.297362804412842
13.457966870000002,1797440,140,,5674,77.64,,20988,0.0005,0.0,449152,-6904.719940185547,2.4288285840302706,30.798702808097005
13.271783530000002,1797856,140,,5676,78.51,,20992,0.0005,0.0,449216,-6907.827095031738,2.568282527849078,19.28382151015103
15.66755987,1798400,140,,5680,78.12,,20996,0.0005,0.0,449344,-7038.873497009277,2.42071552015841,16.205893494188786
15.613004109999999,1798784,140,,5683,78.47,,21000,0.0005,0.0,449472,-6992.783843994141,2.4563309904187918,13.101008988916874
15.311363919999998,1798848,140,,5683,78.85,,21004,,,,,,
15.407761280000003,1799296,140,21.93736944114791,5686,78.53,21.137482430166436,21008,0.0005,0.0,449600,-7038.252586364746,2.4622622039169073,27.671660531312227
15.52498624,1799616,140,,5687,79.13,,21012,0.0005,0.0,449664,-7001.954605102539,2.4982854556292295,18.236365757882595
13.282780760000001,1800064,140,,5690,79.58,,21016,0.0005,0.0,449792,-6871.293441772461,2.4696787521243095,11.94106643088162
13.39063079,1800160,140,,5690,79.56,,21020,,,,,,
13.373100600000003,1800704,140,,5695,79.7,,21024,0.0005,0.0,449920,-7086.463424682617,2.5521879997104406,11.682850375771523
13.613385300000003,1800896,140,,5695,80.14,,21028,0.0005,0.0,449984,-6872.326484680176,2.523840906098485,15.792503929696977
13.26791078,1801120,140,,5696,80.22,,21032,0.0005,0.0,450048,-6905.608055114746,2.51555765978992,9.85174067504704
13.40130363,1801408,140,18.159863112806704,5699,80.41,18.92132735946557,21036,0.0005,0.0,450112,-7111.681938171387,2.455265698954463,14.355885031633079
13.15515762,1801696,140,,5699,80.59,,21040,0.0005,0.0,450176,-7134.654930114746,2.5122202672064304,12.016647528856993
12.969599389999999,1802208,140,,5703,80.38,,21044,0.0005,0.0,450304,-6918.646675109863,2.5359442848712206,25.069456125609577
12.413142229999998,1802304,140,,5706,81.42,,21048,0.0005,0.0,450368,-6919.711929321289,2.4917184077203274,18.80939038004726
11.821990819999998,1802528,140,,5706,80.62,,21052,0.0005,0.0,450432,-6840.23078918457,2.499362640082836,18.847176928073168
11.97756896,1803008,140,,5709,80.15,,21056,0.0005,0.0,450496,-6873.276992797852,2.5234568025916815,24.733349718153477
15.106192600000002,1803392,140,,5712,79.56,,21060,0.0005,0.0,450624,-7006.626029968262,2.66568623483181,18.408520274795592
12.290646979999998,1803776,140,,5716,80.22,,21064,0.0005,0.0,450688,-6945.730178833008,2.595136608928442,13.434559227898717
15.252252069999997,1803936,140,,5716,79.77,,21068,0.0005,0.0,450752,-6945.925437927246,2.416897278279066,15.583256769925356
14.89461359,1804064,140,17.09802215927524,5717,78.68,18.235793319085047,21072,0.0005,0.0,450816,-6978.512924194336,2.4831336475908756,9.225903182290494
14.80151253,1804768,140,,5721,78.04,,21076,0.0005,0.0,450944,-7005.848274230957,2.3409342784434557,16.75572030991316
14.866649210000002,1804896,140,,5724,78.44,,21080,0.0005,0.0,451008,-6999.248664855957,2.457950444892049,23.277170633897185
14.232446510000004,1805056,140,,5724,79.64,,21084,,,,,,
14.131096550000004,1805408,140,,5727,79.74,,21088,0.0005,0.0,451136,-6935.68595123291,2.638640185818076,20.822813137434423
14.8554054,1805792,140,,5728,78.09,,21092,0.0005,0.0,451200,-7056.682395935059,2.3481632117182016,21.659864077344537
14.399314449999999,1805920,140,,5731,79.21,,21096,0.0005,0.0,451264,-7035.723121643066,2.517128761857748,25.229468502104282
12.363680409999997,1806272,140,,5731,78.47,,21100,0.0005,0.0,451328,-7032.451606750488,2.5706866178661585,20.452355151996017
12.560168730000001,1806528,140,17.263120061965783,5734,77.79,19.8474084793182,21104,0.0005,0.0,451392,-7197.911399841309,2.425246676430106,21.804344995878637
8.009385970000004,1806720,140,,5735,77.59,,21108,0.0005,0.0,451456,-7130.516624450684,2.4216153603047132,17.688603663817048
8.05551663,1807360,140,,5740,76.98,,21112,0.0005,0.0,451584,-7067.5656814575195,2.4574673138558865,13.011552080512047
10.553407300000002,1807488,140,,5741,76.85,,21116,0.0005,0.0,451648,-7066.790985107422,2.520506475120783,15.568352350965142
8.016767399999999,1807872,140,,5743,75.9,,21120,0.0005,0.0,451712,-7102.613586425781,2.414123974740505,19.592351547442377
7.9501238899999995,1808160,140,,5744,76.19,,21124,0.0005,0.0,451840,-7006.775825500488,2.451954225078225,20.54572548530996
7.993927480000002,1808224,140,,5744,76.01,,21128,,,,,,
6.31235184,1808352,140,11.185483055095146,5744,75.67,16.98980272914339,21132,,,,,,
6.245583549999999,1808832,140,,5747,75.53,,21136,0.0005,0.0,451968,-6942.606971740723,2.544507925398648,10.766916734166443
6.47773939,1809632,140,,5753,74.78,,21140,0.0005,0.0,452160,-6959.21183013916,2.540832644328475,28.877044957131147
6.02642775,1809760,140,,5753,75.54,,21144,0.0005,0.0,452224,-7102.97021484375,2.5806618686765432,20.30545376613736
6.711989350000001,1810080,140,,5756,73.8,,21148,0.0005,0.0,452288,-7000.033905029297,2.4489198960363865,6.794690220616758
7.08632227,1810304,140,,5757,75.0,,21152,0.0005,0.0,452352,-6920.859169006348,2.4734880477190018,23.58114593848586
6.90877497,1810560,140,,5760,75.13,,21156,0.0005,0.0,452416,-6910.254318237305,2.394879763945937,17.702612129971385
6.311382750000002,1810816,140,,5760,76.45,,21160,0.0005,0.0,452480,-7040.5593338012695,2.477383356541395,12.568225687369704
8.99246088,1811168,140,,5763,76.52,,21164,0.0005,0.0,452544,-6983.804969787598,2.356253305450082,12.787036729045212
9.21949095,1811616,140,,5766,76.92,,21168,0.0005,0.0,452672,-6980.662971496582,2.4027811754494905,19.790602236054838
6.96558776,1811904,140,,5767,77.22,,21172,0.0005,0.0,452736,-6861.434288024902,2.4770362619310617,20.55945687647909
7.078339129999998,1812000,140,,5770,77.01,,21176,0.0005,0.0,452800,-6882.338363647461,2.42056049592793,7.540089823305607
4.954376139999999,1812320,140,,5771,76.35,,21180,0.0005,0.0,452864,-7044.983360290527,2.51747508905828,22.81699932925403
5.30127645,1812608,140,9.021813775879856,5774,76.12,15.902605768443019,21184,0.0005,0.0,452928,-6966.683532714844,2.3661681059747934,10.305306569673121
2.8354204599999986,1812864,140,,5775,75.41,,21188,0.0005,0.0,452992,-7109.6074142456055,2.3001928506419063,5.486709075048566
4.70404214,1813408,140,,5778,76.3,,21192,0.0005,0.0,453120,-7086.718284606934,2.388808723539114,15.738839316181839
5.12156659,1813696,140,,5781,75.64,,21196,0.0005,0.0,453184,-7051.326126098633,2.37357403896749,21.141707103699446
5.05394492,1813856,140,,5781,75.5,,21200,0.0005,0.0,453248,-6996.330169677734,2.390883158892393,17.58005482889712
5.0222783500000014,1814016,140,,5783,75.49,,21204,,,,,,
9.044956840000001,1814432,140,,5784,76.86,,21208,0.0005,0.0,453376,-6986.550842285156,2.399773182347417,14.377586456015706
8.993841399999999,1814720,140,,5788,76.39,,21212,0.0005,0.0,453440,-6956.92106628418,2.3502421621233225,15.694464387372136
8.9766439,1815232,140,17.34682235932108,5792,76.3,18.91721782820148,21216,0.0005,0.0,453568,-6901.5894775390625,2.5004734341055155,15.237092398107052
9.42011002,1815776,140,,5795,76.17,,21220,0.0005,0.0,453696,-7006.855773925781,2.4041146636009216,13.817994973622262
9.20650113,1815904,140,,5796,76.75,,21224,0.0005,0.0,453760,-6952.030853271484,2.339254792779684,24.755141799338162
9.264472159999999,1816064,140,,5799,76.24,,21228,,,,,,
9.234843530000001,1816192,140,,5799,76.44,,21232,0.0005,0.0,453824,-7069.304656982422,2.3874306175857782,13.46873440220952
9.42661551,1816288,140,,5799,76.23,,21236,,,,,,
9.350610990000002,1816992,140,,5803,77.08,,21240,0.0005,0.0,454016,-7028.4532470703125,2.3605681229382753,16.487067772075534
9.873474670000002,1817376,140,16.288095747107057,5807,76.95,18.011089132246294,21244,0.0005,0.0,454144,-7038.99397277832,2.4188088681548834,11.488410023972392
9.519256579999999,1817792,140,,5810,76.38,,21248,0.0005,0.0,454208,-6976.843276977539,2.3045013677328825,27.517523417249322
9.52041808,1817888,140,,5810,76.31,,21252,0.0005,0.0,454272,-7036.044036865234,2.546832263469696,16.38438268378377
9.50371859,1818528,140,,5813,77.06,,21256,0.0005,0.0,454400,-7095.094635009766,2.4881410375237465,17.425537964329123
9.96896191,1818592,140,,5813,76.28,,21260,,,,,,
10.298252360000001,1818816,140,24.20544507468777,5816,75.19,22.646585950149614,21264,0.0005,0.0,454464,-7021.95133972168,2.238278053700924,18.396306285634637
10.12644923,1818976,140,,5817,75.4,,21268,0.0005,0.0,454528,-6969.851142883301,2.2747780233621597,13.791903387755156
12.676649339999997,1819424,140,,5819,75.92,,21272,0.0005,0.0,454656,-6972.902275085449,2.3757147695869207,12.645200073719025
12.07037408,1819744,140,,5822,76.37,,21276,0.0005,0.0,454720,-6923.342849731445,2.4890836253762245,11.311165338382125
14.34566581,1820224,140,,5824,77.09,,21280,0.0005,0.0,454848,-7015.795570373535,2.516444843262434,18.38301480561495
14.791163249999997,1820672,140,,5827,76.07,,21284,0.0005,0.0,454912,-7091.192886352539,2.502246392890811,17.387303540483117
17.44833255,1821024,140,,5828,77.0,,21288,0.0005,0.0,455040,-7003.13606262207,2.2933072727173567,14.050883152522147
17.65946758,1821088,140,,5828,77.76,,21292,,,,,,
17.593190120000003,1821440,140,,5831,77.47,,21296,0.0005,0.0,455104,-6980.333221435547,2.325794480741024,15.36605108808726
19.91659707,1821856,140,13.603496930087779,5834,77.81,16.013924622909013,21300,0.0005,0.0,455232,-7001.161392211914,2.3455259473994374,18.101019306108356
17.440189540000002,1822048,140,,5835,77.65,,21304,0.0005,0.0,455296,-6996.9836502075195,2.3353742212057114,5.289902813732624
17.01916233,1822304,140,,5837,76.92,,21308,0.0005,0.0,455360,-6995.930061340332,2.4512859415262938,18.76260825805366
16.3412651,1822560,140,,5838,78.47,,21312,0.0005,0.0,455424,-6927.828506469727,2.4506377708166838,24.346650645136833
14.061907379999997,1823136,140,,5841,78.45,,21316,0.0005,0.0,455552,-6903.046737670898,2.314783660694957,19.067585740238428
16.374684810000005,1823744,140,,5847,78.85,,21320,0.0005,0.0,455680,-6987.874053955078,2.33055423758924,18.737057415768504
16.4317306,1824000,140,,5847,79.14,,21324,0.0005,0.0,455744,-7095.802658081055,2.309490015730262,8.616520991548896
18.686476700000004,1824096,140,,5848,79.78,,21328,0.0005,0.0,455808,-7138.594467163086,2.2935143411159515,15.570036860182881
20.783304610000005,1824224,140,,5848,79.42,,21332,,,,,,
20.66332143,1824544,140,,5851,79.74,,21336,0.0005,0.0,455936,-7170.458930969238,2.515872711315751,15.200367519631982
20.60648287,1824960,140,,5854,79.24,,21340,0.0005,0.0,456000,-7088.383773803711,2.4222914008423686,26.45154611580074
20.55326513,1825056,140,12.737775994698454,5855,79.51,18.889673151099792,21344,0.0005,0.0,456064,-7112.37491607666,2.4538547229021788,19.40561757609248
18.203886819999997,1825248,140,,5855,80.24,,21348,,,,,,
13.09058229,1825920,140,,5861,80.14,,21352,0.0005,0.0,456256,-7021.177337646484,2.386261297389865,13.22114958241582
11.131161009999998,1826080,140,,5861,78.9,,21356,0.0005,0.0,456320,-7004.786033630371,2.3185503352433443,20.891153796575963
11.075570829999997,1826400,140,,5864,78.69,,21360,0.0005,0.0,456384,-6882.53556060791,2.4777005705982447,11.718184929341078
8.200200449999999,1826752,140,,5865,78.82,,21364,0.0005,0.0,456448,-6984.058921813965,2.32216820679605,9.408954530954361
8.45955147,1826976,140,,5867,78.08,,21368,0.0005,0.0,456512,-7000.275527954102,2.33274925686419,13.837953303009272
3.7820985399999985,1827232,140,,5868,77.28,,21372,0.0005,0.0,456576,-7111.896675109863,2.2586233569309115,13.239812761545181
4.180261499999998,1827392,140,,5871,77.39,,21376,0.0005,0.0,456640,-7118.220947265625,2.358330398797989,13.831647930666804
4.033723059999999,1827680,140,,5871,77.4,,21380,0.0005,0.0,456704,-7103.195625305176,2.378284500911832,18.030848905444145
4.049637120000001,1828224,140,,5874,77.1,,21384,0.0005,0.0,456832,-7083.505516052246,2.3714552894234657,12.1265449821949
3.993005190000001,1828512,140,12.714259436384896,5878,77.41,15.186153731859442,21388,0.0005,0.0,456896,-7057.467811584473,2.4524637442082167,20.041230406612158
3.9298228199999996,1828704,140,,5879,77.03,,21392,0.0005,0.0,456960,-7087.589599609375,2.411119405180216,17.068068533204496
4.0666961299999995,1828992,140,,5881,76.89,,21396,0.0005,0.0,457024,-7128.755561828613,2.2775223031640053,16.004761954769492
4.125472730000001,1829408,140,,5885,77.19,,21400,0.0005,0.0,457152,-7143.193771362305,2.3754942920058966,18.877750612795353
6.70942445,1829600,140,,5885,77.21,,21404,,,,,,
7.380183740000001,1829856,140,,5886,77.26,,21408,0.0005,0.0,457216,-7146.672760009766,2.3141487427055836,16.455946950241923
5.79406095,1830336,140,,5889,76.85,,21412,0.0005,0.0,457344,-7138.860542297363,2.3038191087543964,12.037983056157827
8.02586849,1830848,140,,5892,76.49,,21416,0.0005,0.0,457472,-7222.015594482422,2.3437833841890097,20.959990119561553
6.134971189999999,1831136,140,,5895,75.68,,21420,0.0005,0.0,457536,-7066.805999755859,2.260496061295271,20.31742500141263
3.997851,1831232,140,,5895,75.17,,21424,0.0005,0.0,457600,-7167.202354431152,2.381765877828002,18.878420118242502
3.57727776,1831744,140,,5898,76.54,,21428,0.0005,0.0,457728,-7067.359085083008,2.2826800122857094,24.816456988453865
3.656030480000002,1832096,140,,5901,76.69,,21432,0.0005,0.0,457792,-7156.040885925293,2.359595342539251,19.50629918090999
3.613447840000001,1832480,140,10.029379953331006,5905,76.69,14.56670891531323,21436,0.0005,0.0,457920,-7071.136627197266,2.1670745946466923,11.226128924638033
3.6175145499999997,1832864,140,,5905,76.67,,21440,0.0005,0.0,457984,-7140.640068054199,2.4641613215208054,20.351865847595036
5.79438668,1832992,140,,5908,77.49,,21444,0.0005,0.0,458048,-7154.411666870117,2.357289645820856,11.645430421456695
8.74922661,1833280,140,,5908,76.59,,21448,0.0005,0.0,458112,-7101.142768859863,2.350803054869175,9.000571838580072
10.880744240000002,1833504,140,,5911,76.57,,21452,0.0005,0.0,458176,-7177.244644165039,2.1641077995300293,18.49577245116234
10.704239520000002,1833824,140,,5912,76.43,,21456,0.0005,0.0,458240,-7099.346893310547,2.2903052754700184,15.143742009066045
10.51043482,1833856,140,,5912,77.43,,21460,,,,,,
11.109513989999998,1834208,140,,5915,77.18,,21464,0.0005,0.0,458304,-7076.4318771362305,2.207366129383445,19.243998434394598
11.443597709999997,1834816,140,21.03958236713985,5919,76.78,19.52043385279797,21468,0.0005,0.0,458496,-7142.857078552246,2.3426795471459627,16.4305327963084
11.707290719999998,1835072,140,,5922,77.32,,21472,0.0005,0.0,458560,-7093.712936401367,2.2584943044930696,10.083322575315833
11.927026839999998,1835200,140,,5922,77.25,,21476,,,,,,
9.77200641,1835456,140,,5923,76.82,,21480,0.0005,0.0,458624,-7057.112197875977,2.257640678435564,17.398328945040703
9.86272083,1836064,140,,5929,77.08,,21484,0.0005,0.0,458816,-7157.565963745117,2.2103923223912716,16.91094201337546
9.53401657,1836224,140,,5929,77.32,,21488,,,,,,
9.64108881,1836480,140,20.89603479216262,5930,76.96,21.172583368193074,21492,0.0005,0.0,458880,-7194.240562438965,2.277073455043137,25.65719952993095
9.44368481,1836768,140,,5933,77.33,,21496,0.0005,0.0,458944,-6999.44206237793,2.4352164026349783,23.68896515853703
9.568947049999998,1836992,140,,5934,76.98,,21500,0.0005,0.0,459008,-7146.768020629883,2.2414038199931383,12.426405529491603
9.57202751,1837216,140,,5936,77.37,,21504,0.0005,0.0,459072,-7083.102264404297,2.21530469879508,15.540134121663868
7.178415120000002,1837600,140,,5940,76.02,,21508,0.0005,0.0,459200,-6936.158714294434,2.3253031112253666,17.755655406042933
9.21420789,1837824,140,,5940,75.49,,21512,,,,,,
9.08907768,1838240,140,,5943,76.41,,21516,0.0005,0.0,459328,-6946.956672668457,2.326256273314357,24.127927972003818
11.138766170000004,1838656,140,17.54491329862047,5946,76.76,18.691708436060683,21520,0.0005,0.0,459456,-7094.571273803711,2.2125876042991877,9.859565815888345
13.284608429999999,1838944,140,,5947,76.53,,21524,0.0005,0.0,459520,-7125.711067199707,2.1279475055634975,12.903990413993597
13.288119850000001,1839232,140,,5950,75.95,,21528,0.0005,0.0,459584,-7024.494720458984,2.210595430806279,20.49637058749795
13.40118716,1839616,140,,5953,75.7,,21532,0.0005,0.0,459648,-7019.634132385254,2.231734124943614,18.241412103176117
13.428423280000002,1839776,140,,5954,75.61,,21536,0.0005,0.0,459712,-6974.418685913086,2.3112053237855434,18.7250795699656
13.292862599999996,1840032,140,,5955,75.48,,21540,0.0005,0.0,459776,-7098.464546203613,2.2115982873365283,11.637027641758323
13.667212499999998,1840224,140,,5958,73.99,,21544,0.0005,0.0,459840,-7045.291488647461,2.2832467760890722,12.773448501713574
12.571288629999996,1840416,140,20.58064001397996,5958,74.05,21.590244290534425,21548,0.0005,0.0,459904,-7116.755104064941,2.2221567016094923,15.589492303319275
13.023743019999998,1841056,140,,5962,74.22,,21552,0.0005,0.0,460032,-7108.262924194336,2.2756730057299137,16.243503593839705
15.444123549999999,1841216,140,,5964,74.93,,21556,0.0005,0.0,460096,-7219.596908569336,2.0702078146860003,13.03473611176014
15.564284189999997,1841408,140,,5964,74.22,,21560,,,,,,
17.63001335,1841952,140,,5968,74.64,,21564,0.0005,0.0,460288,-7090.723831176758,2.2580028753727674,16.557870325632393
14.166940709999999,1842464,140,,5972,74.75,,21568,0.0005,0.0,460416,-7073.256164550781,2.2279192339628935,18.83193206973374
16.38764123,1842528,140,,5972,74.94,,21572,,,,,,
14.034092779999998,1842688,140,16.717838639938456,5974,74.68,19.360084427494865,21576,,,,,,
16.036762560000003,1843008,140,,5975,75.14,,21580,0.0005,0.0,460544,-7170.854560852051,2.352705178782344,14.385525027289987
15.777184420000001,1843456,140,,5978,75.31,,21584,0.0005,0.0,460608,-6977.38907623291,2.252423672005534,12.626841920427978
15.850991480000005,1843776,140,,5982,75.21,,21588,0.0005,0.0,460736,-7258.737045288086,2.353280456736684,21.881848708726466
15.455910009999998,1844128,141,,5983,75.69,,21592,0.0005,0.0,460800,-7124.642921447754,2.32426118850708,24.72746747545898
15.51682052,1844416,140,,5986,75.5,,21596,0.0005,0.0,460864,-7148.577079772949,2.2515146378427744,18.03919733967632
15.524898780000003,1844736,140,,5989,75.17,,21600,0.0005,0.0,460928,-7238.0885009765625,2.050600445829332,11.055234122090042
15.44143311,1844864,140,,5989,75.41,,21604,0.0005,0.0,460992,-7190.449729919434,2.147663856856525,11.482994057238102
15.65293841,1845056,140,15.33904493987325,5990,75.96,16.781459450314497,21608,0.0005,0.0,461056,-7251.8258056640625,2.2789527531713247,16.337716897949576
15.562787620000002,1845312,140,,5993,75.81,,21612,0.0005,0.0,461120,-7227.676872253418,2.2083744136616588,15.663478253409266
15.85270353,1845600,141,,5993,74.73,,21616,0.0005,0.0,461184,-7157.072898864746,2.267931453883648,17.579437382519245
15.511696640000002,1846016,141,,5996,74.35,,21620,0.0005,0.0,461248,-7146.706314086914,2.306049881502986,21.546174058690667
15.80104057,1846240,141,,5997,74.3,,21624,0.0005,0.0,461312,-7114.433639526367,2.192562187090516,20.98999375384301
16.045184889999998,1846560,141,,6000,73.53,,21628,0.0005,0.0,461440,-7150.146102905273,2.2497833473607898,23.863353858701885
13.938489640000006,1847008,141,,6003,73.06,,21632,0.0005,0.0,461504,-7004.312118530273,2.176879284903407,14.076418312266469
13.6948684,1847200,141,,6003,73.83,,21636,0.0005,0.0,461568,-7089.251441955566,2.2942675575613976,20.195912536233664
13.627794099999996,1847520,141,,6007,73.56,,21640,0.0005,0.0,461632,-7197.0284423828125,2.2175996713340282,27.35832951683551
11.557340430000002,1847776,141,15.253419753975015,6007,74.11,16.7273383126959,21644,0.0005,0.0,461696,-7161.690673828125,2.1703146137297153,20.550940707325935
11.64388048,1847904,140,,6010,74.05,,21648,0.0005,0.0,461760,-7293.296180725098,2.3046480379998684,15.632812224328518
11.804035949999998,1848384,140,,6014,74.34,,21652,0.0005,0.0,461888,-7192.915756225586,2.2672615153715014,17.103202179074287
9.5004649,1848736,141,,6015,73.69,,21656,0.0005,0.0,461952,-7178.68571472168,2.204945608973503,12.235427524894476
9.35789,1849120,141,,6018,73.62,,21660,0.0005,0.0,462080,-7342.39811706543,2.1804673951119184,13.00801032781601
9.360517539999998,1849376,140,,6021,74.21,,21664,0.0005,0.0,462144,-7200.127967834473,2.223978191614151,17.91604247223586
8.144328810000001,1849600,141,,6022,73.27,,21668,,,,,,
10.492786669999997,1849888,140,,6025,73.92,,21672,0.0005,0.0,462272,-7322.026222229004,2.1217021360062063,22.051419566385448
10.241193169999997,1850240,141,,6026,74.69,,21676,0.0005,0.0,462336,-7259.142189025879,2.265844175592065,23.65871512517333
10.355061009999996,1850624,141,,6028,74.65,,21680,0.0005,0.0,462400,-7194.066482543945,2.346086284145713,20.84927635639906
9.825707959999999,1850816,141,,6029,74.37,,21684,0.0005,0.0,462464,-7218.7633056640625,2.2089695930480957,18.226833504624665
7.68783588,1851232,141,,6032,73.55,,21688,0.0005,0.0,462592,-7294.977127075195,2.1340521201491356,9.162897950969636
7.86687154,1851776,141,,6035,73.53,,21692,0.0005,0.0,462720,-7072.642883300781,2.1867778468877077,14.114555328153074
8.03823555,1852032,141,,6038,72.94,,21696,0.0005,0.0,462784,-7151.404747009277,2.173618112690747,8.580093975178897
7.915923390000001,1852320,141,9.893755737741055,6038,74.23,17.592317182464612,21700,0.0005,0.0,462848,-7083.205123901367,2.0595982931554317,18.47153464704752
8.03974637,1852480,141,,6041,74.33,,21704,0.0005,0.0,462912,-7092.868515014648,2.104153403081,27.171770294196904
10.311527029999997,1852736,141,,6042,74.74,,21708,0.0005,0.0,462976,-7093.480072021484,2.2554956283420324,14.920137697830796
10.018802039999999,1852928,141,,6044,76.44,,21712,,,,,,
10.118656629999998,1853376,141,,6045,76.37,,21716,0.0005,0.0,463104,-7114.991188049316,2.304720750078559,21.466347242705524
8.16543033,1853600,141,26.29620724542143,6048,76.54,22.42399734186252,21720,0.0005,0.0,463168,-7122.938293457031,2.1207682583481073,15.492435632273555
7.837653209999997,1854048,141,,6051,75.93,,21724,0.0005,0.0,463296,-7184.45100402832,2.1604116298258305,14.46115537546575
7.375584939999999,1854176,141,,6052,77.28,,21728,,,,,,
9.57162123,1854528,141,,6056,77.21,,21732,0.0005,0.0,463424,-7305.512390136719,2.2483932552859187,20.921803953126073
9.599027040000001,1854688,141,,6056,76.19,,21736,,,,,,
7.325574840000001,1855104,141,,6059,76.14,,21740,0.0005,0.0,463552,-7359.238380432129,2.1132417107000947,8.051139331422746
5.00772238,1855456,141,21.290083719120425,6059,75.94,21.10416568426228,21744,0.0005,0.0,463616,-7304.671859741211,2.332557028159499,20.500002056360245
5.01747854,1855648,141,,6062,76.37,,21748,0.0005,0.0,463680,-7340.553695678711,2.1051714811474085,9.0846581235528
5.063112610000001,1855872,141,,6063,75.72,,21752,0.0005,0.0,463744,-7155.410995483398,2.1092963675037026,15.5607067104429
6.999137370000002,1856384,141,,6067,75.85,,21756,0.0005,0.0,463872,-7326.322792053223,2.2260165382176638,34.23526552692056
6.858722470000001,1856544,141,,6070,76.66,,21760,0.0005,0.0,463936,-7326.186210632324,2.210081547498703,10.783354563638568
6.952993200000002,1856992,141,,6070,76.15,,21764,0.0005,0.0,464000,-7358.608657836914,2.098048551939428,19.993450158275664
9.152070980000001,1857248,141,,6073,76.53,,21768,0.0005,0.0,464064,-7337.899230957031,2.1873847227543592,8.388658947311342
11.244940719999997,1857536,141,21.447575413607638,6076,76.72,19.594981407055364,21772,0.0005,0.0,464128,-7488.074195861816,2.178380534052849,15.362202207557857
13.68886816,1857824,141,,6077,76.46,,21776,0.0005,0.0,464256,-7290.365425109863,2.0501385796815157,13.143325136974454
13.764153660000002,1858144,141,,6080,75.04,,21780,0.0005,0.0,464320,-7376.841468811035,2.0539349243044853,14.746143450960517
14.33517603,1858304,141,,6080,75.77,,21784,,,,,,
14.2617918,1858752,141,,6083,76.74,,21788,0.0005,0.0,464448,-7235.710594177246,2.180052412673831,14.9261343954131
14.50642461,1859040,141,24.317800258058377,6084,76.19,22.04795623900623,21792,0.0005,0.0,464512,-7234.268669128418,2.011647311039269,16.399651473388076
11.8775075,1859488,141,,6086,77.37,,21796,0.0005,0.0,464640,-7256.901931762695,2.3128092251718044,26.33132599107921
11.928955109999999,1859808,141,,6089,76.4,,21800,0.0005,0.0,464704,-7339.141075134277,2.147502169944346,18.709137136116624
11.51242676,1859904,141,,6090,75.75,,21804,0.0005,0.0,464768,-7336.443099975586,2.097574045881629,19.243151526898146
11.310045659999997,1860416,141,,6093,75.53,,21808,0.0005,0.0,464896,-7193.366523742676,2.2092304714024067,15.514306732453406
9.469676069999998,1860768,141,,6096,74.25,,21812,0.0005,0.0,464960,-7234.513809204102,2.0730921123176813,19.179453830234706
9.199797549999998,1860832,141,21.624732799452772,6096,74.46,21.18271270755101,21816,,,,,,
10.83371622,1860992,141,,6097,75.86,,21820,0.0005,0.0,465024,-7314.621253967285,2.172897386364639,18.40865544602275
11.000058029999998,1861216,141,,6100,76.72,,21824,0.0005,0.0,465088,-7274.106689453125,2.1706388341262937,12.695557857863605
9.010008370000001,1861568,141,,6100,75.83,,21828,0.0005,0.0,465152,-7223.828651428223,2.071464739739895,24.280724415555596
9.20293401,1861728,141,,6104,75.13,,21832,0.0005,0.0,465216,-7180.626564025879,2.1494363099336624,17.026521740481257
9.45959533,1862144,141,,6107,74.96,,21836,0.0005,0.0,465280,-7207.506507873535,2.2029215563088655,17.22507606819272
12.2081057,1862656,141,24.75733887105114,6111,74.45,21.755784300908307,21840,0.0005,0.0,465408,-7319.544288635254,2.1979033276438713,16.29796651005745
15.051077479999998,1862976,141,,6111,74.42,,21844,0.0005,0.0,465536,-7175.0515213012695,2.1228999216109514,27.804854106158018
15.094567949999997,1863072,141,,6112,73.59,,21848,,,,,,
14.86885292,1863360,141,,6114,74.54,,21852,0.0005,0.0,465600,-7234.1584548950195,1.9975853962823749,11.839183378964663
14.979939899999998,1863584,141,,6115,75.47,,21856,0.0005,0.0,465664,-7176.996864318848,2.223789293318987,13.231479164212942
15.021482010000001,1863904,141,,6118,75.03,,21860,0.0005,0.0,465728,-7329.125709533691,2.0181966153904796,9.60903572011739
15.022038870000001,1864544,141,,6122,75.18,,21864,0.0005,0.0,465920,-7286.515365600586,2.0211397372186184,16.6369939558208
15.08431304,1864640,141,,6122,74.8,,21868,,,,,,
15.117846029999999,1865056,141,,6126,74.28,,21872,0.0005,0.0,466048,-7283.473472595215,2.1542502362281084,13.197975741699338
15.040484650000002,1865248,141,,6128,74.6,,21876,0.0005,0.0,466112,-7245.799209594727,1.9982589446008205,17.61517645418644
15.10487414,1865664,141,,6129,75.06,,21880,0.0005,0.0,466176,-7270.0814208984375,2.085628847591579,27.800049548968673
15.27762858,1865952,141,14.613536023767058,6132,74.77,17.862047898412037,21884,0.0005,0.0,466240,-7332.694366455078,2.119317845441401,28.643949201330543
17.59658385,1866176,141,,6132,74.82,,21888,0.0005,0.0,466304,-7263.118713378906,2.2157350135967135,19.533970415592194
17.0740812,1866720,141,,6135,74.91,,21892,0.0005,0.0,466432,-7219.245040893555,2.113255601376295,20.024659898132086
19.58734315,1867040,141,,6138,74.6,,21896,0.0005,0.0,466560,-7382.994407653809,1.9918039944022894,19.268450018949807
19.50774694,1867456,141,,6141,74.99,,21900,0.0005,0.0,466624,-7343.222633361816,2.050475461408496,16.097577279433608
19.57965601,1867616,141,,6141,76.35,,21904,0.0005,0.0,466688,-7347.275672912598,2.1277192486450076,11.87769421748817
21.88003231,1867840,141,,6144,77.02,,21908,0.0005,0.0,466752,-7330.775428771973,2.14658229611814,16.46590271499008
19.76463499,1868192,141,,6145,76.18,,21912,0.0005,0.0,466816,-7253.105003356934,2.148978818207979,23.99173489958048
17.81279248,1868352,141,,6147,75.59,,21916,0.0005,0.0,466880,-7168.18790435791,2.0382769033312798,16.864626951515675
17.835453010000002,1868544,141,,6148,75.4,,21920,,,,,,
17.728290769999997,1869248,141,11.100007178118199,6152,74.97,15.30955486051444,21924,0.0005,0.0,467072,-7211.475555419922,2.086094368249178,9.622394300997257
19.85939934,1869632,141,,6155,75.93,,21928,0.0005,0.0,467200,-7252.961456298828,1.9582763444632292,15.887598061934114
17.60242951,1869760,141,,6155,76.54,,21932,,,,,,
17.22528387,1870048,141,,6157,76.85,,21936,0.0005,0.0,467264,-7231.103797912598,2.0603816406801343,15.470502093434334
17.15898572,1870624,141,,6161,77.37,,21940,0.0005,0.0,467456,-7308.129257202148,2.0849287062883377,23.88720148894936
17.01277227,1870880,141,,6164,78.82,,21944,0.0005,0.0,467520,-7216.018447875977,2.1326074050739408,16.590286131948233
18.99437939,1870976,141,,6164,79.82,,21948,,,,,,
18.887085409999997,1871520,141,,6168,79.6,,21952,0.0005,0.0,467648,-7184.797286987305,2.1095963064581156,13.13775552995503
19.384613879999996,1871680,141,,6169,78.94,,21956,0.0005,0.0,467712,-7280.95011138916,2.133929220959544,19.048231679946184
19.174413100000002,1871936,141,14.713294828760299,6171,79.51,17.10184782105843,21960,0.0005,0.0,467776,-7342.943550109863,2.1042150147259235,16.375791780650616
19.17445704,1872096,141,,6172,79.58,,21964,,,,,,
19.257126760000002,1872576,141,,6175,79.82,,21968,0.0005,0.0,467904,-7250.440071105957,2.076660537160933,23.43316373601556
19.534759110000003,1872832,141,,6176,79.31,,21972,0.0005,0.0,467968,-7253.000289916992,2.0892237834632397,21.557279450818896
19.71159411,1873248,141,,6179,78.42,,21976,0.0005,0.0,468096,-7244.057708740234,2.1078425645828247,17.145407647825778
19.692934469999997,1873568,141,,6182,78.27,,21980,0.0005,0.0,468160,-7345.695861816406,1.9895207453519106,14.199990240857005
19.65761669,1873856,141,,6183,78.79,,21984,0.0005,0.0,468224,-7406.985771179199,2.1090895356610417,20.02725469507277
19.70453266,1874080,141,16.45587085504767,6185,78.26,20.775484645791376,21988,0.0005,0.0,468288,-7301.829452514648,2.114157320931554,23.385921275243163
20.154811960000004,1874336,141,,6186,78.82,,21992,0.0005,0.0,468352,-7285.936218261719,2.0597303295508027,17.712311785668135
20.231357329999998,1874656,141,,6189,78.1,,21996,0.0005,0.0,468416,-7307.330322265625,2.075528915040195,12.922492187470198
19.6215392,1875168,141,,6193,78.14,,22000,0.0005,0.0,468544,-7298.595680236816,2.002703335136175,20.445446802303195
19.841334520000004,1875328,141,,6193,77.09,,22004,0.0005,0.0,468608,-7302.810409545898,2.0845889057964087,14.90131455566734
20.039347289999995,1875488,141,,6196,77.0,,22008,0.0005,0.0,468672,-7430.585273742676,1.9976235516369343,13.386515503749251
22.13681227,1875648,141,,6196,77.17,,22012,,,,,,
24.96120425,1875936,141,,6196,77.12,,22016,0.0005,0.0,468736,-7274.519989013672,1.964382597245276,10.42202995531261
24.736804660000004,1876192,141,18.333225277623228,6198,77.4,18.517190076509397,22020,0.0005,0.0,468800,-7374.381645202637,1.9696885626763105,16.67037376947701
22.58635341,1876800,141,,6202,77.15,,22024,0.0005,0.0,468992,-7289.2031326293945,2.037682317197323,18.2999962400645
22.867196009999997,1877216,141,,6205,76.39,,22028,0.0005,0.0,469056,-7323.215843200684,1.850512365810573,8.388239547610283
24.914516239999994,1877344,141,,6206,76.09,,22032,0.0005,0.0,469120,-7319.539520263672,2.0438272655010223,14.485704947263002
25.228343759999987,1877760,141,,6208,76.02,,22036,0.0005,0.0,469184,-7109.473175048828,2.242507688701153,25.797268748283386
24.79252027,1877952,141,,6209,77.0,,22040,0.0005,0.0,469248,-7181.61296081543,1.937011206522584,18.385279577225447
24.5436617,1878464,141,,6213,76.19,,22044,0.0005,0.0,469376,-7273.61848449707,2.055929264985025,12.81190904788673
24.486104620000006,1878624,141,,6215,76.55,,22048,0.0005,0.0,469440,-7195.342796325684,2.00247070658952,17.89473269879818
25.077634779999997,1878816,141,,6216,75.3,,22052,0.0005,0.0,469504,-7264.874816894531,2.0874160761013627,10.786472662352026
24.68080896,1879328,141,,6219,76.18,,22056,0.0005,0.0,469632,-7216.145294189453,1.9867981020361185,19.26984379068017
25.042378850000006,1879616,141,,6222,75.37,,22060,0.0005,0.0,469696,-7142.699432373047,2.068994527682662,15.454949193634093
25.118655620000006,1879840,141,12.530170018310155,6223,75.16,16.782644322164536,22064,0.0005,0.0,469760,-7221.198944091797,1.8940334152430296,17.300572495907545
24.93330714,1880256,141,,6226,75.66,,22068,0.0005,0.0,469824,-7210.009826660156,1.9152960134670138,14.778080200776458
24.90520764,1880416,141,,6227,75.56,,22072,0.0005,0.0,469888,-7318.618896484375,1.9857009751722217,18.55086348578334
24.568568889999998,1880960,141,,6230,76.52,,22076,0.0005,0.0,470016,-7214.823051452637,1.9165424713864923,8.975267418660223
24.648708820000007,1881024,141,,6231,76.6,,22080,,,,,,
24.74597749,1881376,141,,6234,75.74,,22084,0.0005,0.0,470144,-7284.540863037109,1.9993307199329138,20.103925712406635
24.4944586,1881728,141,,6237,76.25,,22088,0.0005,0.0,470208,-7271.893974304199,1.9570281011983752,17.69475781172514
24.379667289999997,1882048,141,,6238,76.11,,22092,0.0005,0.0,470272,-7294.918685913086,1.9469926096498966,10.049347883090377
24.149628920000005,1882240,141,,6240,76.77,,22096,0.0005,0.0,470336,-7210.1414794921875,1.9615837736055255,16.33292897325009
23.988288900000008,1882944,141,14.647278204720667,6244,76.62,15.086158623273738,22100,0.0005,0.0,470528,-7229.763740539551,2.050668127834797,14.556932054460049
24.11080773,1883136,141,,6247,77.1,,22104,,,,,,
24.093857339999996,1883200,141,,6247,76.92,,22108,0.0005,0.0,470592,-7294.334091186523,1.9500063499435782,14.380941689014435
24.244373509999996,1883488,141,,6248,76.6,,22112,0.0005,0.0,470656,-7350.77286529541,1.9907988207414746,13.571198135614395
23.955961249999994,1883680,141,,6251,77.09,,22116,0.0005,0.0,470720,-7315.167770385742,2.014991208910942,23.478570957668126
24.137147449999997,1884032,141,,6252,76.62,,22120,0.0005,0.0,470784,-7348.66024017334,1.9680288154631853,9.043363617733121
26.446350310000003,1884672,141,,6258,77.26,,22124,0.0005,0.0,470912,-7294.492813110352,1.9736452903598547,11.5672672316432
24.066429760000005,1884960,141,15.284897743557924,6259,77.88,19.487122724734352,22128,0.0005,0.0,471040,-7200.9903564453125,1.9878653101623058,12.626122236251831
23.8800913,1885312,141,,6263,77.22,,22132,0.0005,0.0,471104,-7290.403671264648,1.9838231541216373,13.087755312211812
23.64690263,1885440,141,,6263,77.74,,22136,,,,,,
23.810528920000003,1885696,141,,6266,77.22,,22140,0.0005,0.0,471168,-7303.103141784668,2.105994550511241,14.055225569754839
24.40292027,1885920,141,,6267,77.45,,22144,0.0005,0.0,471232,-7294.981552124023,1.9071848122403026,12.551850378513336
24.635415130000002,1886304,141,,6270,76.08,,22148,0.0005,0.0,471360,-7205.7464599609375,2.0852067712694407,18.532808172516525
24.348540869999997,1886368,141,,6270,77.25,,22152,,,,,,
21.920290269999995,1886784,141,14.413515442087887,6273,76.33,16.74802022363447,22156,0.0005,0.0,471488,-7377.912956237793,1.9143676292151213,17.078486350364983
17.26549839,1887104,141,,6274,76.33,,22160,0.0005,0.0,471552,-7305.311294555664,1.8878317782655358,17.355723567306995
17.24516793,1887264,141,,6277,76.01,,22164,0.0005,0.0,471616,-7351.118034362793,2.0477762883529067,22.620861255563796
17.439411139999994,1887552,141,,6278,75.65,,22168,0.0005,0.0,471680,-7471.203483581543,2.040647253394127,23.767505502328277
16.957266559999997,1888128,141,,6281,76.16,,22172,0.0005,0.0,471808,-7454.449546813965,2.002706276252866,9.139944897964597
14.817837759999998,1888416,141,21.829375596509426,6284,75.23,20.800073159307015,22176,0.0005,0.0,471872,-7380.621650695801,2.12701160274446,13.25454971846193
14.698915690000002,1888512,141,,6284,75.02,,22180,,,,,,
14.696264929999998,1888800,141,,6287,75.88,,22184,0.0005,0.0,472000,-7332.287521362305,1.96415332891047,14.499052490107715
14.759135640000002,1889408,141,,6291,75.7,,22188,0.0005,0.0,472128,-7396.649681091309,1.906946823000908,15.389083195477724
14.53042115,1889856,141,,6295,76.47,,22192,0.0005,0.0,472256,-7351.683044433594,1.9052032050676644,13.01061898842454
14.644072259999996,1890080,141,,6296,75.73,,22196,0.0005,0.0,472320,-7394.7558517456055,1.8908316511660814,25.677170587703586
15.277739999999996,1890208,141,,6296,75.16,,22200,,,,,,
13.236487169999998,1890656,141,,6299,74.65,,22204,0.0005,0.0,472448,-7322.7177810668945,1.975094748660922,13.584189157932997
13.32706883,1890880,141,,6302,75.63,,22208,0.0005,0.0,472512,-7375.74764251709,1.9119103578850627,15.841730199754238
13.24832702,1890976,141,,6302,75.45,,22212,,,,,,
13.110910109999997,1891296,141,,6303,76.79,,22216,0.0005,0.0,472576,-7316.800323486328,1.7260190704837441,15.781032741069794
13.032162919999998,1891712,141,,6306,76.57,,22220,0.0005,0.0,472704,-7414.844139099121,1.8570117382332683,13.48721731081605
10.927955560000001,1891936,141,,6308,74.91,,22224,0.0005,0.0,472768,-7456.910453796387,1.8591624833643436,12.867527618072927
13.2799059,1892064,141,12.59941150927604,6308,75.2,17.22949753628945,22228,,,,,,
13.46570045,1892416,141,,6312,75.38,,22232,0.0005,0.0,472896,-7287.93359375,1.9550970662385225,21.280440591275692
13.482686540000001,1892736,141,,6313,75.03,,22236,0.0005,0.0,472960,-7392.824661254883,1.9398854644969106,23.004905285313725
12.88236841,1893408,141,,6319,75.07,,22240,0.0005,0.0,473152,-7392.896133422852,1.8549548760056496,16.39806755632162
12.848391459999998,1893632,141,,6319,74.58,,22244,,,,,,
12.951932900000005,1893984,141,,6323,75.14,,22248,0.0005,0.0,473280,-7375.507987976074,1.897991556674242,18.179517494514585
13.0173672,1894080,141,,6323,74.81,,22252,,,,,,
15.57932138,1894336,141,,6323,74.7,,22256,0.0005,0.0,473344,-7502.568008422852,1.9675982696935534,19.057894023135304
20.000518209999996,1894624,141,,6326,75.17,,22260,0.0005,0.0,473408,-7355.668266296387,1.8052683426067233,9.79424361512065
19.315668470000006,1894976,141,15.874681424728204,6329,75.15,17.969987146229233,22264,0.0005,0.0,473536,-7318.136100769043,1.9290884071961045,11.41711520217359
18.837322970000002,1895136,141,,6329,75.5,,22268,,,,,,
19.13829221,1895616,141,,6332,75.22,,22272,0.0005,0.0,473664,-7422.666618347168,1.8475191555917263,13.941750319674611
21.549760259999992,1895808,141,,6333,75.37,,22276,0.0005,0.0,473728,-7262.046897888184,2.0720155350863934,20.1051574209705
21.397655059999998,1896032,141,,6336,75.58,,22280,0.0005,0.0,473792,-7411.057304382324,1.923529821448028,17.111783856526017
21.353556690000005,1896480,141,,6340,75.67,,22284,0.0005,0.0,473920,-7310.655876159668,1.9187671951949596,20.140634269453585
21.565776400000004,1896672,141,20.90624014969162,6340,74.89,22.096769237369177,22288,,,,,,
21.77949753,1896928,141,,6340,74.03,,22292,0.0005,0.0,473984,-7395.96501159668,1.8295138338580728,13.811626905575395
21.949112720000002,1897440,141,,6344,73.98,,22296,0.0005,0.0,474112,-7432.388557434082,1.89913132134825,19.739489674568176
21.61266275,1897568,141,,6346,73.5,,22300,0.0005,0.0,474176,-7378.727935791016,2.008820775896311,23.57089640572667
21.06152894,1897920,141,,6347,74.46,,22304,0.0005,0.0,474240,-7395.433403015137,1.7147158095613122,11.127469505183399
20.811668360000002,1898304,141,,6350,74.03,,22308,0.0005,0.0,474368,-7501.017761230469,1.9093901310116053,26.379151713103056
20.877796749999998,1898528,141,,6353,73.69,,22312,0.0005,0.0,474432,-7383.2651290893555,1.8882134179584682,24.089269556105137
20.93329529,1898624,141,,6353,73.33,,22316,,,,,,
20.747687140000004,1899136,141,,6357,73.63,,22320,0.0005,0.0,474560,-7426.303131103516,1.8728749323636293,8.838479213416576
20.573395339999998,1899200,141,15.141906566070071,6357,73.86,18.620056537387466,22324,,,,,,
20.07703209,1899552,141,,6360,73.92,,22328,0.0005,0.0,474688,-7513.1752853393555,1.862373074516654,8.926516149193048
20.06910964,1900000,141,,6361,73.97,,22332,0.0005,0.0,474752,-7408.306007385254,1.9811414573341608,19.716539486311376
19.738221440000004,1900192,141,,6363,74.42,,22336,0.0005,0.0,474816,-7448.420593261719,1.9875625800341368,23.19095342885703
20.36573902,1900640,141,,6366,73.92,,22340,0.0005,0.0,474944,-7426.006134033203,1.9341424694284797,15.001213205046952
20.16217557,1901248,141,,6369,73.93,,22344,0.0005,0.0,475072,-7300.527206420898,1.9186128014698625,19.829665173776448
19.97663994,1901504,141,,6370,74.19,,22348,0.0005,0.0,475136,-7308.124244689941,1.8655882230959833,22.55644749570638
19.973711739999995,1901856,141,,6373,74.3,,22352,0.0005,0.0,475264,-7409.674072265625,1.9206865541636944,15.521593814715743
19.698745390000003,1902016,141,,6373,75.2,,22356,,,,,,
19.634179409999998,1902112,141,12.86774332984406,6376,75.52,17.464305812627714,22360,0.0005,0.0,475328,-7481.259223937988,1.9269040068611503,22.24703958351165
20.04287327,1902496,141,,6377,76.02,,22364,0.0005,0.0,475392,-7399.049789428711,1.8856873894110322,17.75390230026096
20.40975755,1902880,141,,6380,76.74,,22368,0.0005,0.0,475520,-7357.59513092041,1.865543806925416,18.270540546625853
20.31952659,1903264,141,,6383,76.35,,22372,0.0005,0.0,475584,-7251.588531494141,1.7955106645822525,9.84550603851676
19.96241497,1903616,141,,6386,76.8,,22376,0.0005,0.0,475648,-7310.561882019043,1.915915222838521,16.41699313931167
19.849198509999997,1903872,141,23.621645366853816,6386,76.73,22.53410712850254,22380,0.0005,0.0,475712,-7303.370025634766,1.845756939612329,11.39111682958901
19.88347758,1904224,141,,6390,77.07,,22384,0.0005,0.0,475840,-7315.49446105957,1.9786456525325775,22.7145493356511
19.789064779999997,1904576,141,,6390,77.04,,22388,0.0005,0.0,475904,-7277.169227600098,1.809661129489541,21.26549215707928
19.65169359,1904768,141,,6393,77.55,,22392,0.0005,0.0,475968,-7312.659034729004,1.9669816512614489,21.406972421333194
19.604851290000003,1905408,141,23.050666093591676,6397,77.67,21.943948306409506,22396,0.0005,0.0,476096,-7227.468215942383,1.8920077895745635,18.955056354403496
19.80598503,1905664,141,,6401,78.8,,22400,0.0005,0.0,476160,-7338.621109008789,1.9168367609381676,19.193564890883863
20.09585432,1905920,141,,6401,78.07,,22404,0.0005,0.0,476224,-7242.75617980957,1.8770636022090912,15.733279775828123
22.5878798,1906144,141,,6401,78.58,,22408,0.0005,0.0,476288,-7367.294982910156,1.915531757287681,14.326050515286624
22.671668559999997,1906304,141,,6404,79.16,,22412,0.0005,0.0,476352,-7372.957275390625,1.8461132571101189,14.298394690267742
22.56333465,1906496,141,,6404,79.13,,22416,0.0005,0.0,476416,-7373.434997558594,1.9372246004641056,22.871003538370132
22.814893220000002,1906976,141,,6408,79.14,,22420,0.0005,0.0,476544,-7236.530502319336,1.9297055508941412,15.986045611090958
22.937774219999998,1907232,141,21.22016412689464,6410,79.85,22.033401454166633,22424,0.0005,0.0,476608,-7304.532325744629,1.7724625989794731,27.98092863894999
23.35598614,1907744,141,,6414,79.47,,22428,0.0005,0.0,476736,-7389.272789001465,1.8364697257056832,15.976169016212225
23.455105760000002,1908032,141,,6415,79.58,,22432,0.0005,0.0,476800,-7317.977439880371,1.807372959330678,11.10141379199922
24.084293169999995,1908352,141,,6418,78.99,,22436,0.0005,0.0,476864,-7263.423934936523,1.794664343353361,12.627691677771509
23.749267839999998,1908608,141,,6419,80.05,,22440,0.0005,0.0,476928,-7280.727508544922,1.8023303020745516,12.375448206439614
24.17086377,1908864,141,23.75227499995605,6422,79.36,22.44588878875968,22444,0.0005,0.0,476992,-7337.180107116699,1.780275478027761,13.78212963975966
24.579281109999997,1909120,141,,6423,78.59,,22448,0.0005,0.0,477056,-7401.5751953125,1.782536180689931,17.802965299226344
24.397693310000005,1909312,141,,6426,79.37,,22452,0.0005,0.0,477120,-7341.77653503418,1.7888309238478541,12.930858924984932
24.891553360000003,1909952,141,,6429,78.8,,22456,0.0005,0.0,477248,-7318.336296081543,1.8564014052972198,12.170009516179562
24.66133458,1910112,141,,6430,78.34,,22460,0.0005,0.0,477312,-7282.67342376709,1.8915035258978605,17.464893836528063
24.89792723,1910272,141,,6432,78.03,,22464,,,,,,
22.86930041,1910496,141,,6432,76.57,,22468,0.0005,0.0,477376,-7319.474594116211,1.7655950523912907,14.452998748980463
22.950952509999997,1910816,141,21.847795328695906,6435,76.92,21.998143301942427,22472,0.0005,0.0,477504,-7300.571403503418,1.8307303609326482,23.86733745224774
23.09691384,1911072,141,,6436,77.71,,22476,0.0005,0.0,477568,-7264.064544677734,1.824547054246068,30.919501749798656
23.3639064,1911744,141,,6440,77.07,,22480,0.0005,0.0,477696,-7237.4648513793945,1.819897166453302,17.508564420044422
23.450541970000003,1912032,141,,6442,76.55,,22484,0.0005,0.0,477760,-7266.64680480957,1.822689679916948,13.994772650301456
20.513105509999995,1912352,141,21.010219254927755,6445,77.02,21.921460091804544,22488,0.0005,0.0,477888,-7255.559188842773,1.936096397228539,11.0565528254956
20.56292209,1912672,141,,6446,77.41,,22492,0.0005,0.0,477952,-7323.942985534668,1.7660392355173826,21.73658981733024
20.662545840000003,1912896,141,,6449,76.43,,22496,0.0005,0.0,478016,-7392.987289428711,1.801744149532169,14.988491211086512
20.59451564,1913024,141,,6449,76.2,,22500,,,,,,
20.20272608,1913632,141,,6452,77.29,,22504,0.0005,0.0,478208,-7411.363357543945,1.8264556806534529,7.438319431617856
20.282396300000002,1913760,141,,6452,77.49,,22508,,,,,,
19.906543940000002,1914208,141,20.49372689380295,6455,77.09,19.94569110694082,22512,0.0005,0.0,478336,-7293.848121643066,1.777269784361124,13.299313824623823
20.2390131,1914464,141,,6458,76.12,,22516,0.0005,0.0,478400,-7241.468605041504,1.7330475691705942,7.992656356655061
20.164749760000003,1914752,141,,6459,76.44,,22520,0.0005,0.0,478464,-7401.712120056152,1.782313316129148,14.125120665878057
20.11500789,1914912,141,,6461,75.72,,22524,0.0005,0.0,478528,-7328.12516784668,1.8551917732693255,17.75547511409968
22.439733990000004,1915232,141,,6462,76.04,,22528,0.0005,0.0,478592,-7278.3745193481445,1.7949858540669084,16.0965445516631
22.487638489999995,1915744,141,,6465,76.43,,22532,0.0005,0.0,478720,-7202.224609375,1.8737451089546084,22.889168042689562
22.342260600000003,1916032,141,,6468,76.07,,22536,0.0005,0.0,478784,-7255.852348327637,1.6862280536442995,15.553769065067172
22.178547119999998,1916160,141,,6468,75.88,,22540,,,,,,
21.89058241,1916544,141,,6472,75.85,,22544,0.0005,0.0,478912,-7390.280807495117,1.8222081707790494,14.395444370806217
21.5367347,1916704,141,,6472,76.49,,22548,0.0005,0.0,478976,-7369.018203735352,1.8118257503956556,14.748128214851022
21.71230391,1916832,141,,6472,75.65,,22552,,,,,,
21.88906384,1917056,141,,6475,75.12,,22556,0.0005,0.0,479040,-7433.450241088867,1.7629587356932461,16.858877778984606
22.168469840000004,1917440,141,,6477,75.24,,22560,0.0005,0.0,479104,-7505.640121459961,1.6817158069461584,12.786166170611978
19.890590340000006,1918016,141,,6481,74.73,,22564,0.0005,0.0,479296,-7452.007019042969,1.6652586907148361,14.250040277838707
21.897083520000002,1918336,141,10.866074939749005,6482,76.0,16.58565133742062,22568,0.0005,0.0,479360,-7461.378326416016,1.8012181520462036,13.48021877836436
22.000070550000004,1918784,141,,6485,75.65,,22572,0.0005,0.0,479488,-7498.454788208008,1.6412913696840405,10.052913648076355
21.923299530000005,1918944,141,,6486,75.32,,22576,,,,,,
21.942642959999997,1919264,141,,6489,76.02,,22580,0.0005,0.0,479616,-7492.548637390137,1.819816178176552,18.591799585148692
22.2130481,1919520,141,,6491,74.83,,22584,0.0005,0.0,479680,-7448.2630615234375,1.742995289620012,19.20705238543451
24.793705309999996,1919616,141,,6492,75.57,,22588,,,,,,
24.65590243,1919968,141,,6492,76.04,,22592,0.0005,0.0,479744,-7481.309684753418,1.6986214742064476,17.449303399771452
23.91944559,1920160,141,24.36145493803734,6495,76.67,22.21028505992496,22596,0.0005,0.0,479808,-7463.735366821289,1.694122325628996,12.209723353385925
24.269819729999995,1920640,141,,6498,75.91,,22600,0.0005,0.0,479936,-7338.957542419434,1.7563197873532772,9.57754741422832
24.261110199999994,1920896,141,,6499,75.72,,22604,0.0005,0.0,480000,-7192.684753417969,1.699219376198016,10.988774222321808
24.49666859,1921312,141,,6502,75.43,,22608,0.0005,0.0,480128,-7294.08699798584,1.6681375615298748,14.708455690182745
22.7975486,1921696,141,,6505,74.26,,22612,0.0005,0.0,480192,-7315.650436401367,1.7851108284667134,19.543494881130755
22.519049470000006,1922112,141,,6509,75.07,,22616,0.0005,0.0,480320,-7314.112083435059,1.7559312414377928,15.959736791439354
22.516296260000004,1922336,141,,6509,75.23,,22620,0.0005,0.0,480384,-7409.688720703125,1.631022559478879,14.90747667197138
22.779550690000004,1922592,141,,6511,74.72,,22624,0.0005,0.0,480448,-7380.341903686523,1.715511268004775,20.388198879547417
22.62712742,1922912,141,,6512,75.62,,22628,0.0005,0.0,480512,-7421.657981872559,1.7866525342687964,13.713123565539718
22.551804630000007,1923232,141,,6515,75.52,,22632,0.0005,0.0,480576,-7402.355743408203,1.7966645015403628,19.631120475940406
22.26202708,1923456,141,11.760946480922945,6516,76.85,14.827835521303767,22636,0.0005,0.0,480640,-7446.736724853516,1.7583663575351238,14.320022391155362
22.5820618,1923680,141,,6518,76.87,,22640,0.0005,0.0,480704,-7464.673080444336,1.7208554716780782,17.127377628348768
20.167949970000002,1924000,141,,6518,76.97,,22644,0.0005,0.0,480768,-7284.31120300293,1.7241275701671839,12.916292582638562
20.163329670000003,1924384,141,,6522,76.92,,22648,0.0005,0.0,480896,-7370.8773193359375,1.7362943282350898,8.286652371287346
20.21510196,1924800,141,,6525,76.42,,22652,0.0005,0.0,480960,-7421.873191833496,1.6851930767297745,13.643508985638618
17.89026332,1925056,141,,6526,76.75,,22656,0.0005,0.0,481024,-7405.647758483887,1.5846657450310886,16.811802621930838
17.929990079999996,1925184,141,,6529,76.33,,22660,0.0005,0.0,481088,-7430.403335571289,1.8453106256201863,15.295851660892367
20.03195826,1925472,141,,6529,76.54,,22664,0.0005,0.0,481152,-7498.474311828613,1.7065185606479645,13.649021487683058
19.934405459999997,1925920,141,15.2645610749776,6533,76.17,19.989999931105626,22668,0.0005,0.0,481280,-7497.082229614258,1.8305739238858223,16.614390495233238
17.33213131,1926080,141,,6533,76.83,,22672,,,,,,
17.494573149999997,1926336,141,,6536,76.64,,22676,0.0005,0.0,481344,-7514.474266052246,1.6872790062334388,18.169753869995475
17.191871139999996,1926656,141,,6538,75.98,,22680,0.0005,0.0,481408,-7480.718322753906,1.701596396509558,15.636747231706977
16.61521673,1927264,141,,6542,77.42,,22684,0.0005,0.0,481600,-7370.416343688965,1.7948478441685438,13.8317028330639
17.09672143,1927552,141,,6543,77.35,,22688,0.0005,0.0,481664,-7438.601303100586,1.9021745352074504,22.40540413558483
17.12080925,1927840,141,21.807964752214325,6545,75.97,22.157257212630842,22692,0.0005,0.0,481728,-7396.570701599121,1.67388447932899,22.37127705849707
17.72643842,1928064,141,,6546,76.09,,22696,0.0005,0.0,481792,-7417.3220138549805,1.8848687633872032,14.95618589874357
17.48379525,1928576,141,,6550,77.19,,22700,0.0005,0.0,481920,-7318.592552185059,1.8477948480285704,15.592170177027583
17.7561832,1928896,141,,6553,76.83,,22704,0.0005,0.0,481984,-7360.7695236206055,1.6658642006805167,20.033897692337632
17.47394268,1929152,141,,6553,76.98,,22708,0.0005,0.0,482048,-7432.661842346191,1.7094380483031273,12.182546499185264
19.496881350000002,1929536,141,,6556,77.68,,22712,0.0005,0.0,482176,-7576.96028137207,1.707802802324295,12.001202964223921
19.496960830000003,1929792,141,,6560,78.01,,22716,0.0005,0.0,482240,-7408.1996994018555,1.6165222239214927,18.27058491203934
19.59326824,1930048,141,,6560,78.14,,22720,0.0005,0.0,482304,-7469.096702575684,1.8206483125686646,11.03908608853817
19.35026939,1930368,141,,6563,78.85,,22724,0.0005,0.0,482368,-7500.655853271484,1.6601891051977873,17.17347563430667
19.330984020000002,1930784,141,,6566,78.69,,22728,0.0005,0.0,482496,-7490.642547607422,1.6778045129030943,5.110860767774284
14.71227249,1931104,141,,6566,78.14,,22732,0.0005,0.0,482560,-7399.995315551758,1.746327692642808,21.564586772583425
14.891535960000004,1931456,141,10.148401355973803,6569,77.99,14.950216698336538,22736,0.0005,0.0,482624,-7362.6931076049805,1.7047384278848767,16.46171018946916
14.903578390000002,1931776,141,,6573,77.6,,22740,0.0005,0.0,482688,-7480.003112792969,1.6606266153976321,13.757995107211173
17.109860519999998,1932128,141,,6574,79.23,,22744,0.0005,0.0,482816,-7419.530471801758,1.789951759390533,15.267447718419135
17.26677683,1932320,141,,6576,79.09,,22748,0.0005,0.0,482880,-7363.9708251953125,1.7189519172534347,5.982013895176351
17.267773379999998,1932704,141,,6577,79.75,,22752,0.0005,0.0,482944,-7425.397735595703,1.6399618084542453,14.429238483309746
19.325357699999998,1932896,141,,6580,80.2,,22756,0.0005,0.0,483008,-7359.525611877441,1.682008664123714,17.739529067650437
19.305761560000004,1933152,141,,6580,80.23,,22760,0.0005,0.0,483072,-7364.098747253418,1.7503726053982973,14.978681846521795
19.50005762,1933504,141,21.01269871574597,6583,80.31,22.597907990380723,22764,0.0005,0.0,483136,-7415.573081970215,1.590964587405324,14.86091659590602
19.93583536,1933664,141,,6583,79.86,,22768,0.0005,0.0,483200,-7348.273681640625,1.6843620724976063,10.764408092945814
22.380121649999996,1933856,141,,6586,79.38,,22772,0.0005,0.0,483264,-7396.094902038574,1.584891313686967,11.955139065161347
22.34096307,1934208,141,,6587,79.25,,22776,0.0005,0.0,483328,-7286.994316101074,1.6562084862962365,19.73014171142131
22.458520439999997,1934560,141,,6590,79.41,,22780,0.0005,0.0,483392,-7308.139793395996,1.7286013690754771,32.86717137880623
22.890876759999998,1934912,141,,6594,78.03,,22784,0.0005,0.0,483520,-7381.702461242676,1.745284454897046,10.15902175847441
18.33610273,1935200,141,,6595,77.47,,22788,0.0005,0.0,483584,-7302.152198791504,1.73539874330163,17.69503009226173
16.14369991,1935456,141,,6597,77.96,,22792,0.0005,0.0,483648,-7295.07698059082,1.6263338830322027,18.720027565956116
16.3097514,1935712,141,,6598,77.32,,22796,0.0005,0.0,483712,-7320.348075866699,1.6999471257440746,17.98127987422049
13.90822376,1936160,141,,6602,76.91,,22800,0.0005,0.0,483840,-7479.285697937012,1.7302926192060113,15.829654804430902
13.999565860000002,1936448,141,16.56500280645908,6605,76.68,17.522846716804928,22804,0.0005,0.0,483904,-7308.286575317383,1.5864935629069805,17.44596799928695
11.873687780000001,1936704,141,,6605,76.25,,22808,0.0005,0.0,483968,-7311.4267578125,1.6586544178426266,14.375207274220884
11.821518229999999,1937184,141,,6609,76.23,,22812,0.0005,0.0,484096,-7372.681396484375,1.7183994670631364,12.58006512094289
9.630045239999994,1937312,141,,6609,76.39,,22816,,,,,,
9.522374089999998,1937408,141,,6612,76.34,,22820,,,,,,
9.697879429999999,1937856,141,,6613,75.07,,22824,0.0005,0.0,484224,-7454.681655883789,1.636340650729835,15.982001131400466
12.184406079999999,1938336,141,17.953568871279103,6616,74.6,17.884095615403666,22828,0.0005,0.0,484352,-7322.91934967041,1.526089306222275,21.86665937770158
14.606773930000001,1938400,141,,6616,74.55,,22832,,,,,,
12.134020840000003,1938560,141,,6618,74.0,,22836,0.0005,0.0,484416,-7476.613265991211,1.6527627338655293,11.441038273274899
12.0820478,1938784,141,,6618,73.78,,22840,0.0005,0.0,484480,-7360.890594482422,1.6566252773627639,11.882469428703189
12.191317770000003,1939232,141,,6621,72.96,,22844,0.0005,0.0,484608,-7361.001022338867,1.5733185410499573,15.022713423706591
12.100968460000004,1939744,141,,6624,73.1,,22848,0.0005,0.0,484736,-7447.706924438477,1.6580481585115194,16.312099892646074
9.967465810000002,1940000,141,,6627,72.51,,22852,0.0005,0.0,484800,-7456.036056518555,1.6930232672020793,14.067689698189497
10.02899281,1940352,141,,6628,72.2,,22856,0.0005,0.0,484864,-7424.529182434082,1.5550043918192387,5.476809039711952
10.053700710000001,1940640,141,,6631,72.43,,22860,0.0005,0.0,484928,-7423.231369018555,1.656513563822955,11.923736757598817
10.147932970000001,1941056,141,16.265833242321275,6634,72.55,19.472646844031754,22864,0.0005,0.0,485056,-7625.77392578125,1.5280068081337959,13.245905920863152
9.95881676,1941280,141,,6634,72.65,,22868,0.0005,0.0,485120,-7565.676864624023,1.6935070548206568,11.45083290245384
9.7504402,1941440,141,,6635,74.14,,22872,,,,,,
10.013275420000001,1941632,141,,6638,73.87,,22876,0.0005,0.0,485184,-7656.280258178711,1.7163881482556462,17.030031534843147
10.0596349,1942016,141,,6642,74.04,,22880,0.0005,0.0,485248,-7422.335777282715,1.6970039950683713,28.43181638792157
9.77181388,1942176,141,,6642,75.31,,22884,0.0005,0.0,485312,-7546.019645690918,1.6258725267834961,14.340389133431017
13.853533630000001,1942560,141,,6646,75.25,,22888,0.0005,0.0,485440,-7350.397979736328,1.6293273302726448,16.51707715820521
16.239898760000003,1943008,141,,6647,75.45,,22892,0.0005,0.0,485504,-7402.432830810547,1.6472151498310268,20.35203465539962
15.985337600000001,1943264,141,17.572311033412614,6650,75.34,17.233446268991866,22896,0.0005,0.0,485568,-7349.061996459961,1.5947798863053322,16.784277031198144
18.573214970000002,1943776,141,,6653,75.44,,22900,0.0005,0.0,485696,-7381.901634216309,1.4729010198498145,21.631827958859503
18.38222551,1944128,141,,6657,75.19,,22904,0.0005,0.0,485824,-7434.377647399902,1.671137579716742,16.215563103556633
20.701825769999996,1944384,141,,6657,74.26,,22908,0.0005,0.0,485888,-7449.83438873291,1.6404452994465828,16.48670092318207
20.642261980000004,1944480,141,,6657,74.65,,22912,,,,,,
23.03493796,1944704,141,,6660,74.3,,22916,0.0005,0.0,485952,-7538.601387023926,1.6243691332638264,9.926151329651475
22.81822117,1945088,141,,6663,75.0,,22920,0.0005,0.0,486016,-7457.351516723633,1.6323620453476906,17.483495517633855
22.722536019999996,1945440,141,,6664,75.29,,22924,0.0005,0.0,486144,-7480.901313781738,1.6056478673126549,24.02263001166284
22.445458580000004,1945696,141,18.807159093855663,6667,76.53,20.757628052990857,22928,0.0005,0.0,486208,-7423.6258544921875,1.6803094577044249,15.174179518595338
22.351569840000003,1946016,141,,6667,76.47,,22932,0.0005,0.0,486272,-7474.668472290039,1.5383435380645096,11.603472538292408
24.93841364,1946400,141,,6670,76.76,,22936,0.0005,0.0,486400,-7439.616409301758,1.5417671706527472,16.997342818416655
25.059698589999993,1946592,141,,6671,76.69,,22940,,,,,,
25.13208706,1946880,141,,6674,76.39,,22944,0.0005,0.0,486464,-7334.0002517700195,1.6166133787482977,14.861256617121398
22.585978960000002,1947168,141,,6677,75.79,,22948,0.0005,0.0,486592,-7354.341438293457,1.5547629250213504,13.042732807807624
24.68541373,1947584,141,,6678,75.88,,22952,0.0005,0.0,486656,-7415.349220275879,1.6587645905092359,16.247949494048953
24.699503620000005,1947968,141,,6682,75.33,,22956,0.0005,0.0,486784,-7370.203475952148,1.6953871119767427,10.108931800350547
24.498886959999997,1948544,141,,6685,76.19,,22960,0.0005,0.0,486912,-7470.522430419922,1.6099352966994047,15.882426886819303
24.192625329999995,1948672,141,,6688,77.02,,22964,,,,,,
24.1958951,1948800,141,,6688,77.35,,22968,0.0005,0.0,486976,-7501.098960876465,1.5463681379333138,7.509138640016317
24.279016220000003,1949024,141,13.078459578021459,6689,76.88,16.39271720037122,22972,0.0005,0.0,487040,-7500.315284729004,1.6984993419609964,19.29631443787366
23.991280670000005,1949184,141,,6691,77.33,,22976,,,,,,
24.03723017,1949280,141,,6691,77.07,,22980,0.0005,0.0,487104,-7549.288375854492,1.5366482227109373,12.979337248951197
24.375627689999998,1949728,141,,6695,75.99,,22984,0.0005,0.0,487232,-7386.75602722168,1.580220965668559,19.346988255158067
24.31062261,1950368,141,,6699,76.33,,22988,0.0005,0.0,487360,-7517.280044555664,1.7161064054816961,22.067928610369563
24.386287470000003,1950752,141,,6702,76.11,,22992,0.0005,0.0,487488,-7451.456726074219,1.6555736409500241,21.768960535526276
24.50368284,1951072,141,,6703,76.53,,22996,0.0005,0.0,487552,-7329.161148071289,1.5375430453568697,16.430145597085357
22.407565610000002,1951328,141,,6705,76.06,,23000,0.0005,0.0,487616,-7316.6442947387695,1.6684035928919911,14.276089450344443
22.247654280000003,1951840,141,,6708,76.61,,23004,0.0005,0.0,487744,-7300.190544128418,1.5889227353036404,15.3528255186975
22.432310429999998,1952064,141,,6708,76.68,,23008,0.0005,0.0,487808,-7415.50138092041,1.711101308465004,12.666125684045255
22.13149433,1952544,141,,6711,77.93,,23012,0.0005,0.0,487936,-7336.376571655273,1.6274096774868667,18.093024153262377
21.745431359999998,1952704,141,10.484721509797255,6711,78.91,17.29543648458204,23016,,,,,,
22.13823843,1952832,141,,6714,77.53,,23020,0.0005,0.0,488000,-7460.565711975098,1.5996128944680095,13.448792626149952
22.145294209999996,1952960,141,,6714,77.23,,23024,,,,,,
19.96856739,1953440,141,,6718,77.53,,23028,0.0005,0.0,488128,-7718.15291595459,1.5661087562330067,16.982571969740093
19.855897260000003,1953664,141,,6719,77.56,,23032,0.0005,0.0,488192,-7688.419708251953,1.572804625146091,10.079238290898502
20.079835950000003,1954016,141,,6721,76.23,,23036,0.0005,0.0,488256,-7531.386161804199,1.5428320644423366,11.93423624522984
19.92150858,1954176,141,,6722,76.89,,23040,0.0005,0.0,488320,-7517.5309982299805,1.5589377828873694,18.035221074707806
19.707598620000002,1954432,141,,6725,76.05,,23044,0.0005,0.0,488384,-7476.394607543945,1.6225114190019667,14.006438564509153
22.004314909999998,1954944,141,,6728,77.24,,23048,0.0005,0.0,488512,-7364.064758300781,1.5803820847067982,19.962288983166218
22.27739117,1955200,141,,6729,76.83,,23052,0.0005,0.0,488576,-7284.433204650879,1.5775447874329984,21.145320494659245
22.175269559999997,1955392,141,,6732,77.13,,23056,0.0005,0.0,488640,-7429.863792419434,1.6209352547302842,12.151515453122556
22.42203676,1955968,141,,6735,75.56,,23060,0.0005,0.0,488768,-7483.207061767578,1.588482066988945,15.258405554108322
22.66654875,1956128,141,,6736,75.02,,23064,0.0005,0.0,488832,-7516.039474487305,1.6487284898757935,19.139609426259995
20.016038509999998,1956416,141,,6738,74.82,,23068,0.0005,0.0,488896,-7605.457763671875,1.6210244437679648,12.209739837795496
20.02361032,1956608,141,11.242313782600256,6738,75.06,16.591480958228384,23072,,,,,,
19.816657460000002,1956928,141,,6741,74.88,,23076,0.0005,0.0,489024,-7494.635971069336,1.6011267337016761,13.971911307424307
19.68937039,1957152,141,,6742,75.26,,23080,0.0005,0.0,489088,-7509.50594329834,1.6252584494650364,19.84439852833748
15.11448556,1957472,141,,6745,75.01,,23084,0.0005,0.0,489152,-7489.949310302734,1.5972586334683,18.124796802178025
13.15731462,1958080,141,,6748,75.55,,23088,0.0005,0.0,489280,-7616.67130279541,1.521172707900405,20.691115694120526
13.11020714,1958208,141,,6748,75.6,,23092,0.0005,0.0,489344,-7463.29337310791,1.728309734724462,13.394644933752716
12.970941190000001,1958432,141,,6751,75.74,,23096,0.0005,0.0,489408,-7406.962745666504,1.6333357905969024,19.106090599671006
15.123571819999997,1958688,141,23.00227755473202,6752,75.73,21.633185691409388,23100,0.0005,0.0,489472,-7375.099075317383,1.631091478280723,21.48077322449535
15.077580609999998,1959168,141,,6754,75.1,,23104,0.0005,0.0,489536,-7466.102592468262,1.5100098024122417,10.814892537891865
15.050650820000003,1959360,141,,6755,74.77,,23108,0.0005,0.0,489600,-7397.260063171387,1.5126607487909496,13.462228529155254
15.398669989999998,1959712,141,,6758,74.31,,23112,0.0005,0.0,489728,-7542.968330383301,1.6962561449036002,17.067060651257634
15.52906372,1959936,141,,6760,74.27,,23116,,,,,,
13.11581058,1960032,141,,6760,74.3,,23120,0.0005,0.0,489792,-7525.899154663086,1.5624595051631331,18.298723394051194
13.3908911,1960352,141,21.131637668693436,6761,73.83,21.835760030326593,23124,0.0005,0.0,489856,-7375.833755493164,1.5422942996956408,18.480064203962684
8.831776779999998,1960928,141,,6764,72.72,,23128,0.0005,0.0,489984,-7517.484359741211,1.6259923810139298,17.973955624736845
11.12095068,1961152,141,,6766,73.11,,23132,0.0005,0.0,490048,-7568.972938537598,1.5664654253050685,8.52213648147881
11.126571559999995,1961312,141,,6767,73.87,,23136,0.0005,0.0,490112,-7454.59309387207,1.6080593802034855,17.90005687996745
11.302138339999999,1961536,141,,6770,73.44,,23140,0.0005,0.0,490176,-7422.458053588867,1.5048169530928135,18.04291531164199
11.294205029999999,1961952,142,,6770,74.37,,23144,0.0005,0.0,490240,-7432.67227935791,1.5551576688885689,9.190536736510694
11.59548132,1962208,141,,6774,73.54,,23148,0.0005,0.0,490304,-7349.978569030762,1.4762122416868806,12.695708071812987
9.21601205,1962432,141,,6775,73.52,,23152,0.0005,0.0,490368,-7397.44441986084,1.4777420163154602,12.468931344337761
8.81181012,1962944,142,,6777,73.4,,23156,0.0005,0.0,490496,-7536.967056274414,1.5059211561456323,16.91980198957026
6.403836340000001,1963168,141,,6780,73.81,,23160,0.0005,0.0,490560,-7434.752182006836,1.5289862845093012,21.389792572706938
3.933174459999999,1963392,141,,6781,74.36,,23164,0.0005,0.0,490624,-7376.995262145996,1.5250293659046292,11.122820544987917
6.651841049999999,1963712,141,13.772465523219594,6784,75.06,18.289882505282655,23168,0.0005,0.0,490688,-7533.11474609375,1.5324181239120662,15.489457057788968
6.78318172,1963968,142,,6784,73.91,,23172,0.0005,0.0,490752,-7444.02921295166,1.5784403323195875,17.60986086539924
7.026217730000002,1964224,141,,6787,74.17,,23176,0.0005,0.0,490816,-7453.992477416992,1.4881088510155678,12.246733084321022
4.894414150000001,1964640,141,,6790,73.47,,23180,0.0005,0.0,490944,-7548.21541595459,1.5970757039031014,27.198640121147037
9.431935710000001,1965120,141,,6793,74.02,,23184,0.0005,0.0,491072,-7503.767692565918,1.5463400059379637,14.360778480768204
11.717679899999998,1965440,142,22.130175856648197,6794,73.41,20.79543745274115,23188,0.0005,0.0,491136,-7478.826271057129,1.6574426060542464,19.767893992364407
11.52892677,1965792,142,,6796,74.87,,23192,0.0005,0.0,491200,-7424.939628601074,1.6159418225288391,18.13337935693562
9.038870240000001,1966112,142,,6799,74.72,,23196,0.0005,0.0,491328,-7432.839454650879,1.586401344742626,15.466647851280868
8.967019980000002,1966336,142,,6799,75.3,,23200,,,,,,
8.977321300000002,1966624,142,,6802,75.66,,23204,0.0005,0.0,491456,-7525.272186279297,1.6072233971208334,15.071021107956767
9.035104060000002,1966944,142,,6803,76.19,,23208,0.0005,0.0,491520,-7438.994300842285,1.5506664826534688,13.50857787579298
8.858056999999997,1967072,142,22.059269219755592,6803,76.12,21.678659888927537,23212,,,,,,
8.562744369999999,1967680,142,,6809,76.54,,23216,0.0005,0.0,491712,-7481.829071044922,1.576177567243576,18.838185584172606
11.287508779999998,1967808,142,,6809,75.56,,23220,,,,,,
8.89295065,1968000,142,18.86869257726385,6810,75.28,21.37529397348304,23224,0.0005,0.0,491776,-7340.703689575195,1.60061359917745,20.191971318796277
13.48906007,1968352,142,,6813,76.55,,23228,0.0005,0.0,491840,-7304.034820556641,1.5314481793902814,15.778478542342782
13.56185564,1968832,142,,6817,76.07,,23232,0.0005,0.0,491968,-7428.941856384277,1.461582024116069,20.12783917412162
13.52477679,1969024,142,,6817,76.4,,23236,0.0005,0.0,492032,-7463.703659057617,1.4034199793823063,8.034619838930666
13.330289689999999,1969248,142,,6820,76.49,,23240,0.0005,0.0,492096,-7421.238151550293,1.4512775153853,20.807006403803825
13.379504520000001,1969792,142,,6823,76.15,,23244,0.0005,0.0,492224,-7467.426559448242,1.4480547434650362,12.302783394232392
13.150791149999998,1970048,142,,6824,76.65,,23248,0.0005,0.0,492288,-7520.19450378418,1.5589840775355697,27.02292492520064
15.46441797,1970400,142,,6827,77.18,,23252,0.0005,0.0,492352,-7512.682037353516,1.5216126227751374,12.980964261107147
13.599931590000004,1970496,142,,6828,77.29,,23256,0.0005,0.0,492416,-7463.4977951049805,1.5209179907105863,10.468990810215473
16.131330740000003,1970816,142,14.702810204797789,6830,77.01,18.26745762094655,23260,0.0005,0.0,492480,-7498.220588684082,1.5078447675332427,13.716418941505253
18.43726097,1971328,142,,6834,77.19,,23264,0.0005,0.0,492608,-7408.858505249023,1.4644120056182146,15.124673310667276
18.225603800000002,1971584,142,,6834,77.41,,23268,0.0005,0.0,492672,-7496.694488525391,1.5295048882253468,11.867690308019519
18.395553409999998,1971744,142,,6837,77.32,,23272,0.0005,0.0,492736,-7401.978843688965,1.5392420361749828,16.626814477145672
18.296982140000004,1972128,142,,6837,77.3,,23276,0.0005,0.0,492800,-7314.299278259277,1.4268202483654022,17.704444218426943
20.675286770000003,1972352,142,,6840,77.48,,23280,0.0005,0.0,492864,-7377.662956237793,1.4620103021152318,9.149545196443796
20.62462055,1972672,142,20.790039795462917,6840,77.13,20.806075044508408,23284,0.0005,0.0,492928,-7251.030075073242,1.594089834485203,8.6474535651505
20.643693489999997,1972960,142,,6843,77.91,,23288,0.0005,0.0,492992,-7466.858787536621,1.622879307367839,15.676208980381489
20.64883202,1973120,142,,6843,76.94,,23292,0.0005,0.0,493056,-7417.276565551758,1.528227848932147,23.823923853226006
23.09271992,1973568,142,,6846,76.87,,23296,0.0005,0.0,493184,-7368.4350662231445,1.5522271860390902,13.620680340565741
21.130176549999998,1973760,142,,6850,76.55,,23300,,,,,,
18.71587512,1974176,142,,6851,75.53,,23304,0.0005,0.0,493312,-7462.292320251465,1.4672180721536279,16.117842401377857
19.00887875,1974400,142,,6854,74.79,,23308,0.0005,0.0,493376,-7500.467750549316,1.4727489301003516,17.566818497143686
16.7652296,1974848,142,,6858,73.7,,23312,0.0005,0.0,493504,-7487.05500793457,1.5475563807412982,15.87704380042851
16.72174775,1974944,142,15.38104939928974,6858,74.25,16.56455448194023,23316,,,,,,
16.736681270000002,1975136,142,,6859,74.43,,23320,0.0005,0.0,493568,-7458.138298034668,1.5915801711380482,15.46074874792248
18.888934010000003,1975776,142,,6862,75.43,,23324,0.0005,0.0,493696,-7468.913520812988,1.5648946021683514,17.288820451125503
18.95798522,1976096,142,,6866,74.57,,23328,0.0005,0.0,493824,-7547.230751037598,1.4885689606890082,14.665678730234504
16.592289270000002,1976384,142,,6869,73.74,,23332,0.0005,0.0,493888,-7433.8539962768555,1.419143694685772,18.402233259752393
14.253164759999999,1976512,142,,6869,74.28,,23336,,,,,,
14.165547829999998,1976736,142,,6870,74.72,,23340,0.0005,0.0,493952,-7431.860565185547,1.4693322945386171,14.200550463981926
13.941590469999996,1976864,142,,6872,75.5,,23344,0.0005,0.0,494016,-7571.577407836914,1.4488424668088555,14.78796630911529
14.10005254,1977248,142,,6873,75.21,,23348,0.0005,0.0,494080,-7545.569404602051,1.4746528905816376,14.247894647531211
14.260564779999997,1977824,142,,6877,74.8,,23352,0.0005,0.0,494208,-7707.643928527832,1.54736253246665,12.36537261493504
16.25604952,1978048,142,,6879,74.92,,23356,0.0005,0.0,494272,-7492.357688903809,1.4763816324993968,14.481951696798205
16.02598574,1978368,142,,6882,75.34,,23360,0.0005,0.0,494336,-7567.794486999512,1.5342261758632958,21.577521281316876
16.04711458,1978464,142,12.562735045710722,6882,74.81,18.272064847788798,23364,0.0005,0.0,494400,-7708.885177612305,1.5021175858564675,19.176756294444203
16.06698968,1978880,142,,6885,74.1,,23368,0.0005,0.0,494464,-7651.768463134766,1.478774271439761,22.187485112808645
16.06757346,1979072,142,,6886,73.83,,23372,0.0005,0.0,494528,-7582.048545837402,1.357661950867623,5.5957580376416445
15.95026755,1979616,142,,6889,74.34,,23376,0.0005,0.0,494656,-7586.226463317871,1.5115446890704334,17.08959950506687
15.86032741,1979904,142,,6892,74.7,,23380,0.0005,0.0,494720,-7450.879257202148,1.5154028309043497,13.851477839984
15.86169527,1980192,142,,6894,74.53,,23384,0.0005,0.0,494848,-7658.179054260254,1.6581815090030432,21.289134587161243
16.015924260000002,1980320,142,,6894,73.79,,23388,,,,,,
13.88294272,1980608,142,,6897,73.58,,23392,0.0005,0.0,494912,-7607.710624694824,1.568990713916719,17.549410183914006
13.59776673,1980736,142,16.682534532749372,6897,73.83,21.621112179858546,23396,0.0005,0.0,494976,-7736.450904846191,1.49471967946738,17.14666696358472
16.193780410000002,1981184,142,,6900,73.37,,23400,0.0005,0.0,495040,-7572.016792297363,1.4784556049853563,21.77395148947835
18.55650979,1981408,142,,6901,74.23,,23404,0.0005,0.0,495104,-7528.170036315918,1.5364947523921728,9.857948824763298
18.096108340000004,1981984,142,,6908,73.84,,23408,0.0005,0.0,495296,-7549.650787353516,1.4957780120894313,21.065751055255532
20.38846409,1982368,142,,6909,74.7,,23412,0.0005,0.0,495360,-7631.998336791992,1.4491271125152707,22.664506456814706
20.304217759999997,1982528,142,,6912,74.81,,23416,0.0005,0.0,495424,-7688.318641662598,1.5864550336264074,13.963376574218273
20.181242,1982784,142,,6912,74.66,,23420,0.0005,0.0,495488,-7710.540000915527,1.4638175014406443,13.43885974958539
20.0015408,1982912,142,,6912,74.61,,23424,,,,,,
19.82864353,1983040,142,,6914,74.72,,23428,0.0005,0.0,495552,-7638.548599243164,1.4705370841547847,17.998777037486434
19.51032273,1983488,142,13.462140923627809,6917,75.72,17.126838257409712,23432,0.0005,0.0,495616,-7644.018936157227,1.4241312025114894,10.127381429076195
21.89214806,1984064,142,,6921,74.44,,23436,0.0005,0.0,495808,-7601.814605712891,1.426384386839345,10.485344118438661
21.97807874,1984320,142,,6922,74.48,,23440,0.0005,0.0,495872,-7674.804801940918,1.4117809056770056,15.923151904717088
22.32683374,1984992,142,,6925,74.05,,23444,0.0005,0.0,496000,-7621.3563232421875,1.3873894275166094,9.075786870904267
22.23122937,1985216,142,,6928,73.97,,23448,0.0005,0.0,496064,-7590.772499084473,1.471514063887298,22.133951192721725
22.208273550000005,1985440,142,,6928,74.6,,23452,0.0005,0.0,496128,-7417.874473571777,1.4878922016359866,17.259437867440283
22.2387178,1985632,142,,6930,75.49,,23456,0.0005,0.0,496192,-7535.957389831543,1.4922062761615962,21.609779060818255
20.16971164,1985696,142,,6931,74.8,,23460,,,,,,
20.10792738,1985920,142,16.342876469003414,6931,75.04,17.53260603737202,23464,0.0005,0.0,496256,-7597.329742431641,1.5977127412334085,13.672511294484138
20.01585305,1986400,142,,6935,76.18,,23468,0.0005,0.0,496384,-7438.823150634766,1.4736761229578406,22.567134651355445
20.199509420000002,1987072,142,,6940,76.01,,23472,0.0005,0.0,496512,-7527.897636413574,1.4968799902126193,6.464797105640173
20.329524690000003,1987392,142,,6941,75.67,,23476,0.0005,0.0,496640,-7514.073753356934,1.3175193432252854,13.923139113001525
20.574150219999996,1987584,142,,6944,74.62,,23480,,,,,,
18.20847122,1987744,142,,6944,75.12,,23484,0.0005,0.0,496704,-7620.296447753906,1.3777011786587536,12.68036480806768
18.128957489999998,1987904,142,,6945,75.85,,23488,0.0005,0.0,496768,-7549.255477905273,1.557341461069882,25.282591477036476
20.404539780000004,1988128,142,,6947,76.29,,23492,0.0005,0.0,496832,-7571.414276123047,1.4055156339891255,19.580552473664284
20.45536126,1988512,142,,6948,76.62,,23496,0.0005,0.0,496896,-7552.740287780762,1.4883886128664017,20.25726437754929
20.22836489,1989056,142,,6952,76.65,,23500,0.0005,0.0,497024,-7524.700820922852,1.4850095512811095,24.469174202531576
20.33690114,1989216,142,11.771991697173391,6955,76.11,15.687376695885721,23504,0.0005,0.0,497088,-7573.855339050293,1.4966051089577377,35.17582618910819
20.68338228,1989504,142,,6955,76.73,,23508,0.0005,0.0,497152,-7620.446708679199,1.4459256045520306,23.66394892707467
20.58029454,1989856,142,,6958,77.21,,23512,0.0005,0.0,497216,-7564.3083572387695,1.404776272829622,10.241713711991906
20.806908099999998,1990176,142,,6960,76.63,,23516,0.0005,0.0,497344,-7474.819427490234,1.42816365044564,6.737209212966263
20.81973459,1990432,142,,6961,76.47,,23520,0.0005,0.0,497408,-7469.526741027832,1.307910818606615,10.30312816426158
20.931021620000003,1990496,142,,6961,76.8,,23524,,,,,,
21.12023635,1990880,142,21.575012834307604,6963,75.98,20.786066269307153,23528,0.0005,0.0,497472,-7374.02799987793,1.3781510065309703,14.837396802380681
23.45963142,1991360,142,,6967,76.41,,23532,0.0005,0.0,497600,-7344.414772033691,1.4604935413226485,17.895702805370092
23.28982513,1991456,142,,6967,76.72,,23536,0.0005,0.0,497664,-7382.180824279785,1.5204268591478467,22.096002098172903
21.121709369999998,1991936,142,,6970,76.86,,23540,0.0005,0.0,497728,-7454.638374328613,1.5556813450530171,19.519408834166825
21.12265344,1992192,142,,6973,76.7,,23544,0.0005,0.0,497792,-7453.723937988281,1.3911027954891324,22.453319512307644
21.099248069999998,1992448,142,,6974,76.91,,23548,0.0005,0.0,497856,-7458.376647949219,1.3711201492697,12.801683375611901
20.998747460000004,1992640,142,21.71738234397274,6974,76.19,20.929189641661136,23552,0.0005,0.0,497920,-7436.819679260254,1.372550908010453,19.015435038134456
21.10004923,1993024,142,,6977,75.56,,23556,0.0005,0.0,498048,-7500.583183288574,1.4152707569301128,15.369941867887974
23.339072100000003,1993312,142,,6981,75.44,,23560,0.0005,0.0,498112,-7481.536834716797,1.4022161467000842,17.096978755667806
23.27039702,1993504,142,,6981,75.46,,23564,0.0005,0.0,498176,-7381.515342712402,1.438476993702352,17.92128085717559
23.362418769999994,1993824,142,,6984,74.35,,23568,0.0005,0.0,498240,-7481.792922973633,1.3111429631244391,14.326338107697666
23.219336209999998,1994240,142,,6987,73.81,,23572,0.0005,0.0,498304,-7480.888519287109,1.4804489061934873,16.35308140795678
23.088348950000007,1994624,142,,6988,74.05,,23576,0.0005,0.0,498432,-7520.876495361328,1.542543988674879,19.894807495176792
23.051119620000005,1994912,142,21.115166976554963,6991,74.32,22.183240344403455,23580,0.0005,0.0,498496,-7597.994583129883,1.5214567026123405,20.151427008211613
25.14258421,1995328,142,,6994,75.36,,23584,0.0005,0.0,498624,-7532.224311828613,1.4404973918572068,17.222299870103598
25.2248873,1995616,142,,6995,74.78,,23588,0.0005,0.0,498688,-7559.8032150268555,1.511003258638084,8.906061958521605
24.94425416,1995904,142,,6998,75.24,,23592,0.0005,0.0,498752,-7645.537887573242,1.3903671648586169,11.027664914727211
24.982889310000004,1996192,142,,6998,74.98,,23596,0.0005,0.0,498816,-7698.562118530273,1.5008317059837282,15.480399815365672
25.04173683,1996512,142,,7001,75.49,,23600,0.0005,0.0,498880,-7773.768142700195,1.3409240674227476,16.688009472563863
25.15011154,1996736,142,20.285773555780562,7001,76.08,17.633815769638833,23604,0.0005,0.0,498944,-7509.133819580078,1.3600379535928369,20.334045278839767
25.433057369999997,1996864,142,,7004,74.76,,23608,0.0005,0.0,499008,-7452.561210632324,1.3853933243080974,19.44559640623629
25.22097274,1997184,142,,7004,75.65,,23612,0.0005,0.0,499072,-7486.004264831543,1.3478498263284564,16.512552497908473
22.809579210000003,1997312,142,,7007,75.99,,23616,,,,,,
23.24080994,1998048,142,,7010,74.75,,23620,0.0005,0.0,499264,-7500.812934875488,1.5329341567121446,19.5834181252867
23.26406161,1998240,142,,7011,74.48,,23624,0.0005,0.0,499328,-7579.463508605957,1.2313903700560331,15.939813323318958
23.486161809999995,1998496,142,,7014,75.28,,23628,0.0005,0.0,499392,-7605.464195251465,1.2440059911459684,14.952630025334656
21.342866359999995,1998688,142,20.639005848360096,7015,74.32,16.51108585561817,23632,0.0005,0.0,499456,-7593.620002746582,1.4561735088936985,10.650380680337548
21.70456219,1998880,142,,7017,74.16,,23636,0.0005,0.0,499520,-7637.212867736816,1.3277289648540318,12.33132286556065
23.928909410000003,1999168,142,,7018,73.64,,23640,0.0005,0.0,499584,-7747.507881164551,1.4072289476171136,10.475914534181356
23.66544486,1999680,142,,7022,74.32,,23644,0.0005,0.0,499712,-7673.455390930176,1.3785960832610726,13.582445548847318
23.891534280000002,2000000,142,,7024,74.35,,23648,0.0005,0.0,499776,-7512.366500854492,1.3979011219926178,20.722433464601636
23.880971300000006,2000064,142,,7024,74.69,,23652,,,,,,
24.162150139999998,2000320,142,,7025,74.08,,23656,0.0005,0.0,499840,-7487.436737060547,1.380697039887309,11.690436962991953
